--
-- PostgreSQL database dump
--

-- Dumped from database version 17.5
-- Dumped by pg_dump version 17.5

-- Started on 2026-07-04 09:41:55

SET statement_timeout = 0;
SET lock_timeout = 0;
SET idle_in_transaction_session_timeout = 0;
SET transaction_timeout = 0;
SET client_encoding = 'UTF8';
SET standard_conforming_strings = on;
SELECT pg_catalog.set_config('search_path', '', false);
SET check_function_bodies = false;
SET xmloption = content;
SET client_min_messages = warning;
SET row_security = off;

--
-- TOC entry 4986 (class 0 OID 25507)
-- Dependencies: 218
-- Data for Name: Provinces; Type: TABLE DATA; Schema: public; Owner: postgres
--

SET SESSION AUTHORIZATION DEFAULT;

ALTER TABLE public."Provinces" DISABLE TRIGGER ALL;

INSERT INTO public."Provinces" ("Id", "Name", "Description", "Region", "ImageUrl", "VideoUrl", "Slug", "HighlightOrder", "Introduction", "IntroductionEn", "IsHighlighted", "KeyFeatures", "Overview", "Tags", "Body") VALUES ('064d7b0d-8039-433c-b03c-e731d698825a', 'Ninh Bình', 'Ninh Bình nổi bật với quần thể Tràng An, cố đô Hoa Lư và cảnh sắc thiên nhiên tuyệt mỹ.', 'North', '/Images/dsvn-vinh-ha-long.png', '', 'ninh-binh', 0, '', '', false, '', 'Non nước hữu tình đất cố đô', 'Culture,Tourism,Cuisine,History,Festival', '');
INSERT INTO public."Provinces" ("Id", "Name", "Description", "Region", "ImageUrl", "VideoUrl", "Slug", "HighlightOrder", "Introduction", "IntroductionEn", "IsHighlighted", "KeyFeatures", "Overview", "Tags", "Body") VALUES ('1a42aaef-5092-4247-9c12-9800d9e94b81', 'Đắk Lắk', 'Đắk Lắk nổi bật với cà phê Buôn Ma Thuột, văn hóa cồng chiêng và thác nước hùng vĩ.', 'North', '/Images/caphethainguyen.jpg', '', 'dak-lak', 0, '', '', false, '', 'Cao nguyên nắng gió và cà phê', 'Culture,Tourism,Cuisine,Festival', '');
INSERT INTO public."Provinces" ("Id", "Name", "Description", "Region", "ImageUrl", "VideoUrl", "Slug", "HighlightOrder", "Introduction", "IntroductionEn", "IsHighlighted", "KeyFeatures", "Overview", "Tags", "Body") VALUES ('22f82d8a-ec31-44f5-8f9f-6781af211616', 'Đà Nẵng', 'Đà Nẵng hội tụ bãi biển đẹp, kiến trúc hiện đại và ẩm thực miền Trung tinh tế.', 'Central', '/Images/homepage.png', '', 'da-nang', 0, '', '', false, '', 'Thành phố đáng sống bên bờ biển', 'Culture,Tourism,Cuisine,Festival', '');
INSERT INTO public."Provinces" ("Id", "Name", "Description", "Region", "ImageUrl", "VideoUrl", "Slug", "HighlightOrder", "Introduction", "IntroductionEn", "IsHighlighted", "KeyFeatures", "Overview", "Tags", "Body") VALUES ('294bce6b-804a-4adb-999b-b3dea32091c2', 'Điện Biên', 'Điện Biên lưu giữ chiến thắng lịch sử, núi rừng rộng lớn và văn hóa dân tộc độc đáo.', 'North', '/Images/homepage.png', '', 'dien-bien', 0, '', '', false, '', 'Điểm hẹn lịch sử và hùng vĩ Tây Bắc', 'Culture,Tourism,Cuisine,History,Festival', '');
INSERT INTO public."Provinces" ("Id", "Name", "Description", "Region", "ImageUrl", "VideoUrl", "Slug", "HighlightOrder", "Introduction", "IntroductionEn", "IsHighlighted", "KeyFeatures", "Overview", "Tags", "Body") VALUES ('2bddd216-9778-4842-91fa-a162ee0f7d76', 'Lào Cai', 'Vùng cao Tây Bắc với ruộng bậc thang, khí hậu mát lạnh và văn hóa đa sắc tộc.', 'North', '/Images/homepage.png', '', 'lao-cai', 0, '', '', false, '', 'Sắc màu Tây Bắc và mây trời Sa Pa', 'Culture,Tourism,Cuisine,Festival', '');
INSERT INTO public."Provinces" ("Id", "Name", "Description", "Region", "ImageUrl", "VideoUrl", "Slug", "HighlightOrder", "Introduction", "IntroductionEn", "IsHighlighted", "KeyFeatures", "Overview", "Tags", "Body") VALUES ('3f1ff379-a192-452c-8201-de99f73569c7', 'Lâm Đồng', 'Lâm Đồng sở hữu thành phố Đà Lạt mát lành, rừng thông và văn hóa cà phê.', 'Central', '/Images/caphethainguyen.jpg', '', 'lam-dong', 0, '', '', false, '', 'Đà Lạt mộng mơ giữa cao nguyên', 'Culture,Tourism,Cuisine,Festival', '');
INSERT INTO public."Provinces" ("Id", "Name", "Description", "Region", "ImageUrl", "VideoUrl", "Slug", "HighlightOrder", "Introduction", "IntroductionEn", "IsHighlighted", "KeyFeatures", "Overview", "Tags", "Body") VALUES ('3fe8e06a-a881-4e59-a104-85e29ab85778', 'Hà Tĩnh', 'Hà Tĩnh nổi bật với bãi biển hoang sơ, núi Hồng Lĩnh và văn hóa dân ca đặc sắc.', 'Central', '/Images/homepage.png', '', 'ha-tinh', 0, '', '', false, '', 'Dải đất miền Trung trầm mặc', 'Culture,Tourism,Cuisine,Festival', '');
INSERT INTO public."Provinces" ("Id", "Name", "Description", "Region", "ImageUrl", "VideoUrl", "Slug", "HighlightOrder", "Introduction", "IntroductionEn", "IsHighlighted", "KeyFeatures", "Overview", "Tags", "Body") VALUES ('4d339f60-dac5-4b2a-82f8-9392c8ca90a1', 'Hải Phòng', 'Thành phố hoa phượng đỏ mang hơi thở biển cả, ẩm thực hải sản phong phú và kiến trúc Pháp cổ.', 'North', '/Images/dsvn-vinh-ha-long.png', '', 'hai-phong', 0, '', '', false, '', 'Thành phố cảng rực rỡ sắc biển', 'Culture,Tourism,Cuisine,Festival', '');
INSERT INTO public."Provinces" ("Id", "Name", "Description", "Region", "ImageUrl", "VideoUrl", "Slug", "HighlightOrder", "Introduction", "IntroductionEn", "IsHighlighted", "KeyFeatures", "Overview", "Tags", "Body") VALUES ('4dab6a84-5740-447a-b03c-2f29f4840547', 'Hưng Yên', 'Hưng Yên gắn liền với Phố Hiến cổ, vườn nhãn ngọt lành và di sản văn hóa lâu đời.', 'North', '/Images/homepage.png', '', 'hung-yen', 0, '', '', false, '', 'Phố Hiến sầm uất một thời', 'Culture,Tourism,Cuisine,History,Festival', '');
INSERT INTO public."Provinces" ("Id", "Name", "Description", "Region", "ImageUrl", "VideoUrl", "Slug", "HighlightOrder", "Introduction", "IntroductionEn", "IsHighlighted", "KeyFeatures", "Overview", "Tags", "Body") VALUES ('4f62153d-38be-4235-b983-3c86a9701cdb', 'Thanh Hóa', 'Thanh Hóa hội tụ di sản văn hóa, bãi biển Sầm Sơn và ẩm thực phong phú.', 'Central', '/Images/homepage.png', '', 'thanh-hoa', 0, '', '', false, '', 'Đất địa linh và biển xanh', 'Culture,Tourism,Cuisine,History,Festival', '');
INSERT INTO public."Provinces" ("Id", "Name", "Description", "Region", "ImageUrl", "VideoUrl", "Slug", "HighlightOrder", "Introduction", "IntroductionEn", "IsHighlighted", "KeyFeatures", "Overview", "Tags", "Body") VALUES ('5ceec439-f109-4a46-9f54-acfe172d88a5', 'Phú Thọ', 'Quê hương vua Hùng với di sản văn hóa sâu sắc, lễ hội truyền thống và làn điệu dân ca.', 'North', '/Images/homepage.png', '', 'phu-tho', 0, '', '', false, '', 'Đất tổ cội nguồn dân tộc', 'Culture,Tourism,Cuisine,History,Festival', '');
INSERT INTO public."Provinces" ("Id", "Name", "Description", "Region", "ImageUrl", "VideoUrl", "Slug", "HighlightOrder", "Introduction", "IntroductionEn", "IsHighlighted", "KeyFeatures", "Overview", "Tags", "Body") VALUES ('5d644516-17b5-4483-a6a9-14e49cd6f94c', 'Nghệ An', 'Nghệ An là quê hương Chủ tịch Hồ Chí Minh, với bãi biển đẹp và ẩm thực đậm đà.', 'Central', '/Images/homepage.png', '', 'nghe-an', 0, '', '', false, '', 'Miền quê xứ Nghệ giàu truyền thống', 'Culture,Tourism,Cuisine,Festival', '');
INSERT INTO public."Provinces" ("Id", "Name", "Description", "Region", "ImageUrl", "VideoUrl", "Slug", "HighlightOrder", "Introduction", "IntroductionEn", "IsHighlighted", "KeyFeatures", "Overview", "Tags", "Body") VALUES ('6340661a-a6c8-4b83-8800-e1ee09683092', 'Huế', 'Vùng đất cố đô với di sản cung đình, ẩm thực tinh tế và nhịp sống trầm lắng.', 'Central', '/Images/dsvn-co-do-hue.png', '', 'hue', 0, '', '', false, '', 'Kinh kỳ trầm mặc giữa dòng Hương', 'Culture,Tourism,Cuisine,History,Festival', '');
INSERT INTO public."Provinces" ("Id", "Name", "Description", "Region", "ImageUrl", "VideoUrl", "Slug", "HighlightOrder", "Introduction", "IntroductionEn", "IsHighlighted", "KeyFeatures", "Overview", "Tags", "Body") VALUES ('68d374de-f148-47f7-968c-cfa4220602be', 'Tuyên Quang', 'Vùng đất lịch sử với núi rừng hùng vĩ, lễ hội đèn Trung thu độc đáo.', 'North', '/Images/homepage.png', '', 'tuyen-quang', 0, '', '', false, '', 'Sắc xanh núi rừng và lễ hội Trung thu', 'Culture,Tourism,Cuisine,History,Festival', '');
INSERT INTO public."Provinces" ("Id", "Name", "Description", "Region", "ImageUrl", "VideoUrl", "Slug", "HighlightOrder", "Introduction", "IntroductionEn", "IsHighlighted", "KeyFeatures", "Overview", "Tags", "Body") VALUES ('6dfa9958-ff30-4cf6-98fb-08f3282c60d8', 'Đồng Tháp', 'Đồng Tháp nổi tiếng với đồng sen, vườn quốc gia Tràm Chim và ẩm thực dân dã.', 'South', '/Images/homepage.png', '', 'dong-thap', 0, '', '', false, '', 'Sen hồng và miền đất hiền hòa', 'Culture,Tourism,Cuisine,Festival', '');
INSERT INTO public."Provinces" ("Id", "Name", "Description", "Region", "ImageUrl", "VideoUrl", "Slug", "HighlightOrder", "Introduction", "IntroductionEn", "IsHighlighted", "KeyFeatures", "Overview", "Tags", "Body") VALUES ('77b3ecd8-2f50-485b-93b7-991496a7836e', 'Quảng Trị', 'Quảng Trị ghi dấu lịch sử hào hùng, cảnh quan biển và những di tích chiến tranh.', 'Central', '/Images/homepage.png', '', 'quang-tri', 0, '', '', false, '', 'Miền đất lịch sử bên dòng Bến Hải', 'Culture,Tourism,Cuisine,History,Festival', '');
INSERT INTO public."Provinces" ("Id", "Name", "Description", "Region", "ImageUrl", "VideoUrl", "Slug", "HighlightOrder", "Introduction", "IntroductionEn", "IsHighlighted", "KeyFeatures", "Overview", "Tags", "Body") VALUES ('85999551-b2b1-4bbe-9781-28025ba635ed', 'Lạng Sơn', 'Lạng Sơn nổi tiếng với núi đá, chợ biên giới và ẩm thực vịt quay.', 'North', '/Images/homepage.png', '', 'lang-son', 0, '', '', false, '', 'Xứ Lạng thơ mộng nơi cửa khẩu', 'Culture,Tourism,Cuisine,Festival', '');
INSERT INTO public."Provinces" ("Id", "Name", "Description", "Region", "ImageUrl", "VideoUrl", "Slug", "HighlightOrder", "Introduction", "IntroductionEn", "IsHighlighted", "KeyFeatures", "Overview", "Tags", "Body") VALUES ('88ed81e9-8089-43fc-8e72-6234b2e47ddd', 'Đồng Nai', 'Đồng Nai sở hữu khu dự trữ sinh quyển, trái cây phong phú và không gian xanh rộng lớn.', 'South', '/Images/homepage.png', '', 'dong-nai', 0, '', '', false, '', 'Vùng đất cửa ngõ Đông Nam Bộ', 'Culture,Tourism,Cuisine,Festival', '');
INSERT INTO public."Provinces" ("Id", "Name", "Description", "Region", "ImageUrl", "VideoUrl", "Slug", "HighlightOrder", "Introduction", "IntroductionEn", "IsHighlighted", "KeyFeatures", "Overview", "Tags", "Body") VALUES ('8bba945a-f06d-4d97-a332-7f5fe1f91687', 'Quảng Ngãi', 'Quảng Ngãi nổi bật với đảo Lý Sơn, biển xanh và văn hóa Sa Huỳnh.', 'Central', '/Images/dsvn-vinh-ha-long.png', '', 'quang-ngai', 0, '', '', false, '', 'Hơi thở biển đảo và núi non', 'Culture,Tourism,Cuisine,History,Festival', '');
INSERT INTO public."Provinces" ("Id", "Name", "Description", "Region", "ImageUrl", "VideoUrl", "Slug", "HighlightOrder", "Introduction", "IntroductionEn", "IsHighlighted", "KeyFeatures", "Overview", "Tags", "Body") VALUES ('916f0a41-4661-455a-971f-ff789518d5ed', 'Vĩnh Long', 'Vĩnh Long nằm giữa sông Tiền và sông Hậu, nổi bật với vườn trái cây và chợ nổi.', 'South', '/Images/homepage.png', '', 'vinh-long', 0, '', '', false, '', 'Miệt vườn trù phú bên sông Tiền', 'Culture,Tourism,Cuisine', '');
INSERT INTO public."Provinces" ("Id", "Name", "Description", "Region", "ImageUrl", "VideoUrl", "Slug", "HighlightOrder", "Introduction", "IntroductionEn", "IsHighlighted", "KeyFeatures", "Overview", "Tags", "Body") VALUES ('98a79e0f-7c1e-4047-ac39-e4c4a3e6d330', 'Cần Thơ', 'Thủ phủ miền Tây với chợ nổi, vườn trái cây và ẩm thực mộc mạc đậm tình.', 'South', '/Images/homepage.png', '', 'can-tho', 0, '', '', false, '', 'Hơi thở miền Tây sông nước', 'Culture,Tourism,Cuisine,Festival', '');
INSERT INTO public."Provinces" ("Id", "Name", "Description", "Region", "ImageUrl", "VideoUrl", "Slug", "HighlightOrder", "Introduction", "IntroductionEn", "IsHighlighted", "KeyFeatures", "Overview", "Tags", "Body") VALUES ('98d65c69-05a5-4323-924a-05e787508b6f', 'Khánh Hòa', 'Khánh Hòa nổi tiếng với biển Nha Trang trong xanh, đảo đẹp và hải sản phong phú.', 'Central', '/Images/nha-hang-hai-san-nha-trang.jpg', '', 'khanh-hoa', 0, '', '', false, '', 'Nha Trang rực rỡ bên biển xanh', 'Culture,Tourism,Cuisine,Festival', '');
INSERT INTO public."Provinces" ("Id", "Name", "Description", "Region", "ImageUrl", "VideoUrl", "Slug", "HighlightOrder", "Introduction", "IntroductionEn", "IsHighlighted", "KeyFeatures", "Overview", "Tags", "Body") VALUES ('990ee6db-1ff5-43c7-a89e-53a53f137956', 'Gia Lai', 'Gia Lai mang vẻ đẹp hoang sơ của núi rừng Tây Nguyên, văn hóa cồng chiêng và cà phê thơm.', 'North', '/Images/caphethainguyen.jpg', '', 'gia-lai', 0, '', '', false, '', 'Cao nguyên đại ngàn và hồ nước xanh', 'Culture,Tourism,Cuisine,Festival', '');
INSERT INTO public."Provinces" ("Id", "Name", "Description", "Region", "ImageUrl", "VideoUrl", "Slug", "HighlightOrder", "Introduction", "IntroductionEn", "IsHighlighted", "KeyFeatures", "Overview", "Tags", "Body") VALUES ('99ebecb9-dd2f-4240-95ec-268475dc1fe1', 'Cao Bằng', 'Cao Bằng nổi bật với thác Bản Giốc, động Ngườm Ngao và văn hóa dân tộc Tày.', 'North', '/Images/homepage.png', '', 'cao-bang', 0, '', '', false, '', 'Thác nước kỳ vĩ và núi rừng biên giới', 'Culture,Tourism,Cuisine,Festival', '');
INSERT INTO public."Provinces" ("Id", "Name", "Description", "Region", "ImageUrl", "VideoUrl", "Slug", "HighlightOrder", "Introduction", "IntroductionEn", "IsHighlighted", "KeyFeatures", "Overview", "Tags", "Body") VALUES ('9f882341-5b8e-424b-8da9-fda0de6ee9b9', 'Cà Mau', 'Cà Mau là vùng đất cuối trời Nam với rừng ngập mặn, biển cả và hải sản phong phú.', 'South', '/Images/homepage.png', '', 'ca-mau', 0, '', '', false, '', 'Cực Nam Tổ quốc giữa rừng và biển', 'Culture,Tourism,Cuisine,Festival', '');
INSERT INTO public."Provinces" ("Id", "Name", "Description", "Region", "ImageUrl", "VideoUrl", "Slug", "HighlightOrder", "Introduction", "IntroductionEn", "IsHighlighted", "KeyFeatures", "Overview", "Tags", "Body") VALUES ('ae020ee3-29a8-4db1-8d09-80c18f2896a0', 'Thái Nguyên', 'Vùng đất trung du nổi tiếng với chè thơm, đồi núi trùng điệp và lịch sử cách mạng.', 'North', '/Images/caphethainguyen.jpg', '', 'thai-nguyen', 0, '', '', false, '', 'Hương trà xanh ngát giữa vùng trung du', 'Culture,Tourism,Cuisine,History,Festival', '');
INSERT INTO public."Provinces" ("Id", "Name", "Description", "Region", "ImageUrl", "VideoUrl", "Slug", "HighlightOrder", "Introduction", "IntroductionEn", "IsHighlighted", "KeyFeatures", "Overview", "Tags", "Body") VALUES ('b1c56a08-78c6-4b10-afc8-fbd974801a47', 'Hà Nội', 'Thủ đô nghìn năm tuổi lưu giữ di sản, ẩm thực tinh tế và nhịp sống thanh lịch của người Tràng An.', 'North', '/Images/dsvh-hoang-thanh-thang-long.png', '', 'ha-noi', 0, '', '', false, '', 'Hương vị nghìn năm văn hiến', 'Culture,Tourism,Cuisine,History,Festival', '');
INSERT INTO public."Provinces" ("Id", "Name", "Description", "Region", "ImageUrl", "VideoUrl", "Slug", "HighlightOrder", "Introduction", "IntroductionEn", "IsHighlighted", "KeyFeatures", "Overview", "Tags", "Body") VALUES ('c2f5caf1-ee97-48a0-95b2-adc2b7ab39ec', 'Sơn La', 'Sơn La nổi bật với cao nguyên Mộc Châu, khí hậu mát mẻ và văn hóa dân tộc phong phú.', 'North', '/Images/homepage.png', '', 'son-la', 0, '', '', false, '', 'Mùa hoa ban nở giữa núi rừng', 'Culture,Tourism,Cuisine,Festival', '');
INSERT INTO public."Provinces" ("Id", "Name", "Description", "Region", "ImageUrl", "VideoUrl", "Slug", "HighlightOrder", "Introduction", "IntroductionEn", "IsHighlighted", "KeyFeatures", "Overview", "Tags", "Body") VALUES ('c7733c2e-a48b-47cf-8cfd-efe3e5f2ef1f', 'An Giang', 'An Giang gắn liền với núi Cấm, mùa nước nổi và văn hóa đa dạng.', 'South', '/Images/homepage.png', '', 'an-giang', 0, '', '', false, '', 'Sắc màu biên giới và mùa nước nổi', 'Culture,Tourism,Cuisine,Festival', '');
INSERT INTO public."Provinces" ("Id", "Name", "Description", "Region", "ImageUrl", "VideoUrl", "Slug", "HighlightOrder", "Introduction", "IntroductionEn", "IsHighlighted", "KeyFeatures", "Overview", "Tags", "Body") VALUES ('c7c037a1-f97c-4a91-9c84-71d3e8c721b9', 'Hồ Chí Minh', 'Thành phố năng động bậc nhất Việt Nam với nhịp sống hiện đại, giao thoa văn hóa và ẩm thực đường phố đa sắc.', 'South', '/Images/homepage.png', '', 'ho-chi-minh', 0, '', '', false, '', 'Năng lượng hiện đại giữa lòng phương Nam', 'Culture,Tourism,Cuisine,Festival', '');
INSERT INTO public."Provinces" ("Id", "Name", "Description", "Region", "ImageUrl", "VideoUrl", "Slug", "HighlightOrder", "Introduction", "IntroductionEn", "IsHighlighted", "KeyFeatures", "Overview", "Tags", "Body") VALUES ('c936727a-2997-4a7d-8d5e-f32bb270892d', 'Tây Ninh', 'Tây Ninh là cửa ngõ Đông Nam Bộ, nổi bật với núi Bà Đen và ẩm thực độc đáo.', 'South', '/Images/homepage.png', '', 'tay-ninh', 0, '', '', false, '', 'Núi Bà hùng vĩ và hương vị đặc sắc', 'Culture,Tourism,Cuisine,Festival', '');
INSERT INTO public."Provinces" ("Id", "Name", "Description", "Region", "ImageUrl", "VideoUrl", "Slug", "HighlightOrder", "Introduction", "IntroductionEn", "IsHighlighted", "KeyFeatures", "Overview", "Tags", "Body") VALUES ('d33a680b-ce33-4556-8ec7-573485a032c8', 'Lai Châu', 'Lai Châu sở hữu núi non hùng vĩ, ruộng bậc thang và văn hóa dân tộc đa dạng.', 'North', '/Images/homepage.png', '', 'lai-chau', 0, '', '', false, '', 'Mây núi đại ngàn và bản sắc vùng cao', 'Culture,Tourism,Cuisine,Festival', '');
INSERT INTO public."Provinces" ("Id", "Name", "Description", "Region", "ImageUrl", "VideoUrl", "Slug", "HighlightOrder", "Introduction", "IntroductionEn", "IsHighlighted", "KeyFeatures", "Overview", "Tags", "Body") VALUES ('d3d1c695-c90a-4198-822f-81096d53db2f', 'Quảng Ninh', 'Quảng Ninh là điểm đến nổi tiếng với vịnh Hạ Long, đảo Cô Tô và ẩm thực biển phong phú.', 'North', '/Images/dsvn-vinh-ha-long.png', '', 'quang-ninh', 0, '', '', false, '', 'Vịnh Hạ Long kỳ quan thế giới', 'Culture,Tourism,Cuisine,Festival', '');
INSERT INTO public."Provinces" ("Id", "Name", "Description", "Region", "ImageUrl", "VideoUrl", "Slug", "HighlightOrder", "Introduction", "IntroductionEn", "IsHighlighted", "KeyFeatures", "Overview", "Tags", "Body") VALUES ('fed9f808-acb1-48d3-9ef7-7c3a2c80c2b2', 'Bắc Ninh', 'Vùng đất Kinh Bắc nổi tiếng với dân ca quan họ, làng nghề truyền thống và ẩm thực đặc trưng.', 'North', '/Images/homepage.png', '', 'bac-ninh', 0, '', '', false, '', 'Quan họ ngọt ngào đất Kinh Bắc', 'Culture,Tourism,Cuisine,History,Festival', '');


ALTER TABLE public."Provinces" ENABLE TRIGGER ALL;

--
-- TOC entry 4989 (class 0 OID 25541)
-- Dependencies: 221
-- Data for Name: Products; Type: TABLE DATA; Schema: public; Owner: postgres
--

ALTER TABLE public."Products" DISABLE TRIGGER ALL;

INSERT INTO public."Products" ("Id", "ProvinceId", "Name", "Price", "ImageUrl", "IsFeatured", "IsPublished", "Slug", "VideoUrl", "Type") VALUES ('1d53c089-80ad-4c6a-bad6-b650efe8b85a', 'b1c56a08-78c6-4b10-afc8-fbd974801a47', 'Chè Hà Nội', 25000.00, '/uploads/products/che1.jpg', false, true, 'che-ha-noi', '', 1);
INSERT INTO public."Products" ("Id", "ProvinceId", "Name", "Price", "ImageUrl", "IsFeatured", "IsPublished", "Slug", "VideoUrl", "Type") VALUES ('423fb79f-1d5c-499c-841a-8149d761c33a', 'b1c56a08-78c6-4b10-afc8-fbd974801a47', 'Xôi vò chè hoa cau', 0.00, '/uploads/products/xoivo.jpg', false, true, 'xoi-vo-che-hoa-cau', '', 1);
INSERT INTO public."Products" ("Id", "ProvinceId", "Name", "Price", "ImageUrl", "IsFeatured", "IsPublished", "Slug", "VideoUrl", "Type") VALUES ('4517a05e-6db1-4c16-80d2-9be12d135047', 'b1c56a08-78c6-4b10-afc8-fbd974801a47', 'Bánh cuốn Thanh Trì', -1.00, '/uploads/products/banhcuon1.jpg', false, true, 'banh-cuon-thanh-tri', '', 1);
INSERT INTO public."Products" ("Id", "ProvinceId", "Name", "Price", "ImageUrl", "IsFeatured", "IsPublished", "Slug", "VideoUrl", "Type") VALUES ('3cdefd03-0f84-4292-aaee-6887d5643796', 'b1c56a08-78c6-4b10-afc8-fbd974801a47', 'Phở Hà Nội', 0.00, '/uploads/products/pho1.jpg', true, true, 'pho-ha-noi', '', 2);
INSERT INTO public."Products" ("Id", "ProvinceId", "Name", "Price", "ImageUrl", "IsFeatured", "IsPublished", "Slug", "VideoUrl", "Type") VALUES ('03379fa1-7868-4637-9681-a4c78e61a162', 'b1c56a08-78c6-4b10-afc8-fbd974801a47', 'Bún Chả Hà Nội', 0.00, '/uploads/products/buncha1.jpg', true, true, 'bun-cha-ha-noi', '', 1);
INSERT INTO public."Products" ("Id", "ProvinceId", "Name", "Price", "ImageUrl", "IsFeatured", "IsPublished", "Slug", "VideoUrl", "Type") VALUES ('5e9d8b19-e49e-4d69-a500-6d99219bdf70', '4d339f60-dac5-4b2a-82f8-9392c8ca90a1', 'Bánh đa cua', 0.00, '/uploads/products/Banh-da-cua-Hai-Phong-7-1080x600.jpeg', false, true, 'banh-da-cua', '', 1);
INSERT INTO public."Products" ("Id", "ProvinceId", "Name", "Price", "ImageUrl", "IsFeatured", "IsPublished", "Slug", "VideoUrl", "Type") VALUES ('0403aea0-7e22-445e-8c6d-b1d748355445', '4d339f60-dac5-4b2a-82f8-9392c8ca90a1', 'Nem cua bể', 0.00, '/uploads/products/images.jpg', false, true, 'nem-cua-be', '', 1);
INSERT INTO public."Products" ("Id", "ProvinceId", "Name", "Price", "ImageUrl", "IsFeatured", "IsPublished", "Slug", "VideoUrl", "Type") VALUES ('388bdbc5-432f-4676-b1cf-b530d6a8b790', '4d339f60-dac5-4b2a-82f8-9392c8ca90a1', 'Hải sản Cát Bà', 0.00, '/uploads/products/an-hai-san-o-cat-ba-tuoi-ngon.jpg', false, true, 'hai-san-cat-ba', '', 2);
INSERT INTO public."Products" ("Id", "ProvinceId", "Name", "Price", "ImageUrl", "IsFeatured", "IsPublished", "Slug", "VideoUrl", "Type") VALUES ('b1acb89e-db18-4f1d-82c9-7830be209282', '6340661a-a6c8-4b83-8800-e1ee09683092', 'Bún bò Huế', 0.00, '/uploads/products/Bun-Bo-Hue-from-Huong-Giang-2011.jpg', false, true, 'bun-bo-hue', '', 2);
INSERT INTO public."Products" ("Id", "ProvinceId", "Name", "Price", "ImageUrl", "IsFeatured", "IsPublished", "Slug", "VideoUrl", "Type") VALUES ('d5994297-09de-4a76-b64b-aa4af803e1a3', '6340661a-a6c8-4b83-8800-e1ee09683092', 'Bánh bèo', 0.00, '/uploads/products/banh-beo-nha-trang-2.jpg', false, true, 'banh-beo', '', 1);
INSERT INTO public."Products" ("Id", "ProvinceId", "Name", "Price", "ImageUrl", "IsFeatured", "IsPublished", "Slug", "VideoUrl", "Type") VALUES ('4e2f7909-6f43-4b52-9afe-78f1449ed00e', '6340661a-a6c8-4b83-8800-e1ee09683092', 'Chè Huế', 0.00, '/uploads/products/Khamphahue_CheMoTonDich1.jpg', false, true, 'che-hue', '', 1);


ALTER TABLE public."Products" ENABLE TRIGGER ALL;

--
-- TOC entry 4993 (class 0 OID 25618)
-- Dependencies: 225
-- Data for Name: AnalyticsEvents; Type: TABLE DATA; Schema: public; Owner: postgres
--

ALTER TABLE public."AnalyticsEvents" DISABLE TRIGGER ALL;

INSERT INTO public."AnalyticsEvents" ("Id", "ProvinceId", "ProductId", "EventType", "MetadataJson", "CreatedAt") VALUES ('2b74c86e-ed2d-4972-b8cc-55f6effa40d8', '4d339f60-dac5-4b2a-82f8-9392c8ca90a1', NULL, 'page_view', '{"slug":"hai-phong"}', '2026-06-21 19:39:31.798275+07');
INSERT INTO public."AnalyticsEvents" ("Id", "ProvinceId", "ProductId", "EventType", "MetadataJson", "CreatedAt") VALUES ('74399225-2b5f-4f8e-a3c2-70a9e7112b28', 'c7c037a1-f97c-4a91-9c84-71d3e8c721b9', NULL, 'page_view', '{"slug":"ho-chi-minh"}', '2026-06-21 19:40:00.208092+07');
INSERT INTO public."AnalyticsEvents" ("Id", "ProvinceId", "ProductId", "EventType", "MetadataJson", "CreatedAt") VALUES ('e3d22704-acfc-42ae-bc6a-b32f72c8dd02', 'c7c037a1-f97c-4a91-9c84-71d3e8c721b9', NULL, 'page_view', '{"slug":"ho-chi-minh"}', '2026-06-21 19:40:04.98806+07');
INSERT INTO public."AnalyticsEvents" ("Id", "ProvinceId", "ProductId", "EventType", "MetadataJson", "CreatedAt") VALUES ('ebb1bfb1-d83e-4bc4-b561-b456e8367cea', 'c7c037a1-f97c-4a91-9c84-71d3e8c721b9', NULL, 'page_view', '{"slug":"ho-chi-minh"}', '2026-06-21 19:40:16.98408+07');
INSERT INTO public."AnalyticsEvents" ("Id", "ProvinceId", "ProductId", "EventType", "MetadataJson", "CreatedAt") VALUES ('5c429b63-6bf8-44b8-8f07-056635c244de', 'ae020ee3-29a8-4db1-8d09-80c18f2896a0', NULL, 'page_view', '{"slug":"thai-nguyen"}', '2026-06-21 19:40:27.66682+07');
INSERT INTO public."AnalyticsEvents" ("Id", "ProvinceId", "ProductId", "EventType", "MetadataJson", "CreatedAt") VALUES ('d0144bf7-c379-4416-b0ba-a64979a1976d', 'c7c037a1-f97c-4a91-9c84-71d3e8c721b9', NULL, 'page_view', '{"slug":"ho-chi-minh"}', '2026-06-21 19:42:55.752591+07');
INSERT INTO public."AnalyticsEvents" ("Id", "ProvinceId", "ProductId", "EventType", "MetadataJson", "CreatedAt") VALUES ('7a126de8-03ea-4b25-83fa-8e2ae0c2571a', '2bddd216-9778-4842-91fa-a162ee0f7d76', NULL, 'page_view', '{"slug":"lao-cai"}', '2026-06-21 19:43:07.02204+07');
INSERT INTO public."AnalyticsEvents" ("Id", "ProvinceId", "ProductId", "EventType", "MetadataJson", "CreatedAt") VALUES ('7dba6ff1-17b5-459e-821f-6bcb7008881b', 'b1c56a08-78c6-4b10-afc8-fbd974801a47', NULL, 'page_view', '{"slug":"ha-noi"}', '2026-06-21 19:52:21.393547+07');
INSERT INTO public."AnalyticsEvents" ("Id", "ProvinceId", "ProductId", "EventType", "MetadataJson", "CreatedAt") VALUES ('1965b34c-905d-446d-bf94-4c671cf5336b', 'b1c56a08-78c6-4b10-afc8-fbd974801a47', NULL, 'page_view', '{"slug":"ha-noi"}', '2026-06-21 19:54:28.199349+07');
INSERT INTO public."AnalyticsEvents" ("Id", "ProvinceId", "ProductId", "EventType", "MetadataJson", "CreatedAt") VALUES ('aaf0baa1-c2dc-48b9-9f28-045645be2f96', 'b1c56a08-78c6-4b10-afc8-fbd974801a47', NULL, 'page_view', '{"slug":"ha-noi"}', '2026-06-21 20:49:33.867352+07');
INSERT INTO public."AnalyticsEvents" ("Id", "ProvinceId", "ProductId", "EventType", "MetadataJson", "CreatedAt") VALUES ('c129b76b-1cb5-4d5b-96dc-6c677bc543ee', 'b1c56a08-78c6-4b10-afc8-fbd974801a47', NULL, 'page_view', '{"slug":"ha-noi"}', '2026-06-21 20:49:43.732129+07');
INSERT INTO public."AnalyticsEvents" ("Id", "ProvinceId", "ProductId", "EventType", "MetadataJson", "CreatedAt") VALUES ('b2cc6ccb-22a4-4b70-9783-4a310b8dc533', 'b1c56a08-78c6-4b10-afc8-fbd974801a47', NULL, 'specialty_click', '{"name":"Phở Hà Nội","origin":"Phố cổ Hà Nội"}', '2026-06-21 20:49:47.983878+07');
INSERT INTO public."AnalyticsEvents" ("Id", "ProvinceId", "ProductId", "EventType", "MetadataJson", "CreatedAt") VALUES ('1cd0f1a2-4dec-4bd9-a510-36c6ca728452', 'b1c56a08-78c6-4b10-afc8-fbd974801a47', NULL, 'page_view', '{"slug":"ha-noi"}', '2026-06-21 20:49:51.287215+07');
INSERT INTO public."AnalyticsEvents" ("Id", "ProvinceId", "ProductId", "EventType", "MetadataJson", "CreatedAt") VALUES ('bd4b9d56-4444-49f5-8ae5-45fa4c93a286', 'b1c56a08-78c6-4b10-afc8-fbd974801a47', NULL, 'specialty_click', '{"name":"Bún Chả Hà Nội","origin":"Phố cổ Hà Nội"}', '2026-06-21 20:49:54.916386+07');
INSERT INTO public."AnalyticsEvents" ("Id", "ProvinceId", "ProductId", "EventType", "MetadataJson", "CreatedAt") VALUES ('aaa2a58d-eb56-4e92-9cb8-e259988fe071', 'b1c56a08-78c6-4b10-afc8-fbd974801a47', NULL, 'page_view', '{"slug":"ha-noi"}', '2026-06-21 20:50:03.463169+07');
INSERT INTO public."AnalyticsEvents" ("Id", "ProvinceId", "ProductId", "EventType", "MetadataJson", "CreatedAt") VALUES ('80b32040-a0a3-424c-80b3-3edeb2d2847a', 'b1c56a08-78c6-4b10-afc8-fbd974801a47', NULL, 'page_view', '{"slug":"ha-noi"}', '2026-06-21 21:04:50.880846+07');
INSERT INTO public."AnalyticsEvents" ("Id", "ProvinceId", "ProductId", "EventType", "MetadataJson", "CreatedAt") VALUES ('633b0b10-b4aa-4333-a508-4ae7f9723962', 'b1c56a08-78c6-4b10-afc8-fbd974801a47', NULL, 'specialty_click', '{"name":"Phở Hà Nội","origin":"Phố cổ Hà Nội"}', '2026-06-21 21:05:01.439315+07');
INSERT INTO public."AnalyticsEvents" ("Id", "ProvinceId", "ProductId", "EventType", "MetadataJson", "CreatedAt") VALUES ('38773812-345e-4ac8-b688-5aa7ceb6207b', 'b1c56a08-78c6-4b10-afc8-fbd974801a47', NULL, 'page_view', '{"slug":"ha-noi"}', '2026-06-21 21:07:04.01294+07');
INSERT INTO public."AnalyticsEvents" ("Id", "ProvinceId", "ProductId", "EventType", "MetadataJson", "CreatedAt") VALUES ('e61e87d4-9db6-451c-bce1-bfdcb4d22862', 'b1c56a08-78c6-4b10-afc8-fbd974801a47', NULL, 'specialty_click', '{"name":"Bún Chả Hà Nội","origin":"Phố cổ Hà Nội"}', '2026-06-21 21:07:06.917394+07');
INSERT INTO public."AnalyticsEvents" ("Id", "ProvinceId", "ProductId", "EventType", "MetadataJson", "CreatedAt") VALUES ('63aedf2b-7c01-4917-bd69-c29c681f9a9f', 'b1c56a08-78c6-4b10-afc8-fbd974801a47', NULL, 'page_view', '{"slug":"ha-noi"}', '2026-06-21 21:14:27.403829+07');
INSERT INTO public."AnalyticsEvents" ("Id", "ProvinceId", "ProductId", "EventType", "MetadataJson", "CreatedAt") VALUES ('7ff7d616-0ddc-4df0-a9fe-a0ead9b96db9', 'b1c56a08-78c6-4b10-afc8-fbd974801a47', NULL, 'specialty_click', '{"name":"Chè Hà Nội","origin":"Phố Hàng Đường, Hà Nội"}', '2026-06-21 21:14:35.251929+07');
INSERT INTO public."AnalyticsEvents" ("Id", "ProvinceId", "ProductId", "EventType", "MetadataJson", "CreatedAt") VALUES ('c4003e08-4915-464f-a111-d5a39bf6a61b', 'b1c56a08-78c6-4b10-afc8-fbd974801a47', NULL, 'page_view', '{"slug":"ha-noi"}', '2026-06-22 15:11:10.030658+07');
INSERT INTO public."AnalyticsEvents" ("Id", "ProvinceId", "ProductId", "EventType", "MetadataJson", "CreatedAt") VALUES ('3fe1b3d5-fd94-4915-acd3-b76c649da87a', 'b1c56a08-78c6-4b10-afc8-fbd974801a47', NULL, 'specialty_click', '{"name":"Phở Hà Nội","origin":"Phố cổ Hà Nội"}', '2026-06-22 15:11:17.820121+07');
INSERT INTO public."AnalyticsEvents" ("Id", "ProvinceId", "ProductId", "EventType", "MetadataJson", "CreatedAt") VALUES ('29342dbe-c038-40b1-94f3-ee9b151d1e2e', 'b1c56a08-78c6-4b10-afc8-fbd974801a47', NULL, 'page_view', '{"slug":"ha-noi"}', '2026-06-22 15:11:19.876601+07');
INSERT INTO public."AnalyticsEvents" ("Id", "ProvinceId", "ProductId", "EventType", "MetadataJson", "CreatedAt") VALUES ('33910736-377c-415e-be1f-4c21300ea244', 'b1c56a08-78c6-4b10-afc8-fbd974801a47', NULL, 'specialty_click', '{"name":"Bún Chả Hà Nội","origin":"Phố cổ Hà Nội"}', '2026-06-22 15:11:23.625824+07');
INSERT INTO public."AnalyticsEvents" ("Id", "ProvinceId", "ProductId", "EventType", "MetadataJson", "CreatedAt") VALUES ('3dd5c944-6465-4ba6-8a42-104bf51fdcd1', 'b1c56a08-78c6-4b10-afc8-fbd974801a47', NULL, 'page_view', '{"slug":"ha-noi"}', '2026-06-22 15:50:04.500306+07');
INSERT INTO public."AnalyticsEvents" ("Id", "ProvinceId", "ProductId", "EventType", "MetadataJson", "CreatedAt") VALUES ('05dc74bd-fc5b-460a-ad25-d8c6a3255613', 'b1c56a08-78c6-4b10-afc8-fbd974801a47', NULL, 'page_view', '{"slug":"ha-noi"}', '2026-06-22 16:21:36.095353+07');
INSERT INTO public."AnalyticsEvents" ("Id", "ProvinceId", "ProductId", "EventType", "MetadataJson", "CreatedAt") VALUES ('7755c9df-6e03-497f-ba3e-8bb0a452d86a', 'b1c56a08-78c6-4b10-afc8-fbd974801a47', NULL, 'page_view', '{"slug":"ha-noi"}', '2026-06-22 16:24:08.41486+07');
INSERT INTO public."AnalyticsEvents" ("Id", "ProvinceId", "ProductId", "EventType", "MetadataJson", "CreatedAt") VALUES ('febec8d1-c518-44d6-aa46-37c12e8f0db4', 'b1c56a08-78c6-4b10-afc8-fbd974801a47', NULL, 'specialty_click', '{"name":"Bún Chả Hà Nội","origin":"Phố cổ Hà Nội"}', '2026-06-22 16:24:13.447017+07');
INSERT INTO public."AnalyticsEvents" ("Id", "ProvinceId", "ProductId", "EventType", "MetadataJson", "CreatedAt") VALUES ('4dc0e3f5-45f7-450f-b94e-36721e9701f4', 'b1c56a08-78c6-4b10-afc8-fbd974801a47', NULL, 'page_view', '{"slug":"ha-noi"}', '2026-06-22 16:24:22.752014+07');
INSERT INTO public."AnalyticsEvents" ("Id", "ProvinceId", "ProductId", "EventType", "MetadataJson", "CreatedAt") VALUES ('ce43f871-723d-49ff-913b-0017f9f0fea0', 'b1c56a08-78c6-4b10-afc8-fbd974801a47', NULL, 'page_view', '{"slug":"ha-noi"}', '2026-06-25 19:08:58.218472+07');
INSERT INTO public."AnalyticsEvents" ("Id", "ProvinceId", "ProductId", "EventType", "MetadataJson", "CreatedAt") VALUES ('9aab18cb-9a46-4b4f-b81f-0cee88de1bc7', 'b1c56a08-78c6-4b10-afc8-fbd974801a47', NULL, 'specialty_click', '{"name":"Bún Chả Hà Nội","origin":"Phố cổ Hà Nội"}', '2026-06-25 19:09:04.364444+07');
INSERT INTO public."AnalyticsEvents" ("Id", "ProvinceId", "ProductId", "EventType", "MetadataJson", "CreatedAt") VALUES ('57442f82-a74c-48d1-9d8e-47c2853924c8', 'b1c56a08-78c6-4b10-afc8-fbd974801a47', NULL, 'specialty_click', '{"name":"Bún Chả Hà Nội","origin":"Phố cổ Hà Nội"}', '2026-06-25 19:09:05.113591+07');
INSERT INTO public."AnalyticsEvents" ("Id", "ProvinceId", "ProductId", "EventType", "MetadataJson", "CreatedAt") VALUES ('282186a4-dc8b-44b2-a1a9-10b6178907ea', 'b1c56a08-78c6-4b10-afc8-fbd974801a47', NULL, 'page_view', '{"slug":"ha-noi"}', '2026-06-26 09:31:04.129314+07');
INSERT INTO public."AnalyticsEvents" ("Id", "ProvinceId", "ProductId", "EventType", "MetadataJson", "CreatedAt") VALUES ('5ec618f4-5ac4-4a71-b910-a53d373809c3', 'b1c56a08-78c6-4b10-afc8-fbd974801a47', NULL, 'specialty_click', '{"name":"Bún Chả Hà Nội","origin":"Phố cổ Hà Nội"}', '2026-06-26 09:31:10.199245+07');
INSERT INTO public."AnalyticsEvents" ("Id", "ProvinceId", "ProductId", "EventType", "MetadataJson", "CreatedAt") VALUES ('0d534eda-e031-4846-ab58-7a12e3618a13', 'b1c56a08-78c6-4b10-afc8-fbd974801a47', NULL, 'page_view', '{"slug":"ha-noi"}', '2026-06-26 10:05:45.340993+07');
INSERT INTO public."AnalyticsEvents" ("Id", "ProvinceId", "ProductId", "EventType", "MetadataJson", "CreatedAt") VALUES ('e4194b58-ef1d-4f04-8c1b-77ad03a3545c', 'b1c56a08-78c6-4b10-afc8-fbd974801a47', NULL, 'page_view', '{"slug":"ha-noi"}', '2026-06-26 10:06:37.863868+07');
INSERT INTO public."AnalyticsEvents" ("Id", "ProvinceId", "ProductId", "EventType", "MetadataJson", "CreatedAt") VALUES ('e7210139-bab0-4ab0-8f5c-3b2a756dfd9f', 'b1c56a08-78c6-4b10-afc8-fbd974801a47', NULL, 'page_view', '{"slug":"ha-noi"}', '2026-06-26 10:19:39.1436+07');
INSERT INTO public."AnalyticsEvents" ("Id", "ProvinceId", "ProductId", "EventType", "MetadataJson", "CreatedAt") VALUES ('f51f65e9-265e-4a70-b129-44e3cabb5fea', 'b1c56a08-78c6-4b10-afc8-fbd974801a47', NULL, 'specialty_click', '{"name":"Phở Hà Nội","origin":"Phố cổ Hà Nội"}', '2026-06-26 10:19:46.642296+07');
INSERT INTO public."AnalyticsEvents" ("Id", "ProvinceId", "ProductId", "EventType", "MetadataJson", "CreatedAt") VALUES ('2bb2e089-a527-430c-8f4a-a36522d63913', 'b1c56a08-78c6-4b10-afc8-fbd974801a47', NULL, 'specialty_click', '{"name":"Phở Hà Nội","origin":"Phố cổ Hà Nội"}', '2026-06-26 10:19:47.55659+07');
INSERT INTO public."AnalyticsEvents" ("Id", "ProvinceId", "ProductId", "EventType", "MetadataJson", "CreatedAt") VALUES ('5bf4b327-bfad-4500-a3f4-03b0eb9a0c2d', 'b1c56a08-78c6-4b10-afc8-fbd974801a47', NULL, 'specialty_click', '{"name":"Phở Hà Nội","origin":"Phố cổ Hà Nội"}', '2026-06-26 10:19:48.054406+07');
INSERT INTO public."AnalyticsEvents" ("Id", "ProvinceId", "ProductId", "EventType", "MetadataJson", "CreatedAt") VALUES ('9f5e683a-93c4-4642-86b5-207acd2ac5ef', 'b1c56a08-78c6-4b10-afc8-fbd974801a47', NULL, 'page_view', '{"slug":"ha-noi"}', '2026-06-26 10:19:51.01839+07');
INSERT INTO public."AnalyticsEvents" ("Id", "ProvinceId", "ProductId", "EventType", "MetadataJson", "CreatedAt") VALUES ('8f7c9f0e-8cc8-4932-a88f-a4c70c2c10be', 'b1c56a08-78c6-4b10-afc8-fbd974801a47', NULL, 'specialty_click', '{"name":"Bánh Cuốn Hà Nội","origin":"Phố cổ Hà Nội"}', '2026-06-26 10:19:58.176195+07');
INSERT INTO public."AnalyticsEvents" ("Id", "ProvinceId", "ProductId", "EventType", "MetadataJson", "CreatedAt") VALUES ('f5bb31f1-9310-45b3-a123-e077cbe442a7', 'b1c56a08-78c6-4b10-afc8-fbd974801a47', NULL, 'page_view', '{"slug":"ha-noi"}', '2026-06-26 10:19:59.486883+07');
INSERT INTO public."AnalyticsEvents" ("Id", "ProvinceId", "ProductId", "EventType", "MetadataJson", "CreatedAt") VALUES ('6fca1a23-b3bd-4ca5-ad79-5e6c3097175d', 'b1c56a08-78c6-4b10-afc8-fbd974801a47', NULL, 'page_view', '{"slug":"ha-noi"}', '2026-06-26 10:40:02.9346+07');
INSERT INTO public."AnalyticsEvents" ("Id", "ProvinceId", "ProductId", "EventType", "MetadataJson", "CreatedAt") VALUES ('23599bdd-2c58-4589-9e31-01e277dec805', 'b1c56a08-78c6-4b10-afc8-fbd974801a47', NULL, 'page_view', '{"slug":"ha-noi"}', '2026-06-26 10:40:05.398205+07');
INSERT INTO public."AnalyticsEvents" ("Id", "ProvinceId", "ProductId", "EventType", "MetadataJson", "CreatedAt") VALUES ('647d908d-cb99-4e64-a0dd-eb4b787a9e78', 'b1c56a08-78c6-4b10-afc8-fbd974801a47', NULL, 'specialty_click', '{"name":"Bún Chả Hà Nội","origin":"Phố cổ Hà Nội"}', '2026-06-26 10:40:21.83228+07');
INSERT INTO public."AnalyticsEvents" ("Id", "ProvinceId", "ProductId", "EventType", "MetadataJson", "CreatedAt") VALUES ('e81ff815-e53f-45ba-8683-7941a2503298', 'b1c56a08-78c6-4b10-afc8-fbd974801a47', NULL, 'page_view', '{"slug":"ha-noi"}', '2026-06-26 10:40:27.75102+07');
INSERT INTO public."AnalyticsEvents" ("Id", "ProvinceId", "ProductId", "EventType", "MetadataJson", "CreatedAt") VALUES ('f499b83a-2422-445e-83d8-8a3544d5b0f4', 'b1c56a08-78c6-4b10-afc8-fbd974801a47', NULL, 'specialty_click', '{"name":"Chè Hà Nội","origin":"Phố Hàng Đường, Hà Nội"}', '2026-06-26 10:40:30.118506+07');
INSERT INTO public."AnalyticsEvents" ("Id", "ProvinceId", "ProductId", "EventType", "MetadataJson", "CreatedAt") VALUES ('f6443f80-8946-4288-b0f1-eed2b2ed23e8', 'b1c56a08-78c6-4b10-afc8-fbd974801a47', NULL, 'page_view', '{"slug":"ha-noi"}', '2026-06-26 10:47:04.15582+07');
INSERT INTO public."AnalyticsEvents" ("Id", "ProvinceId", "ProductId", "EventType", "MetadataJson", "CreatedAt") VALUES ('54fb8050-45f8-4558-a660-266174d1d28d', 'b1c56a08-78c6-4b10-afc8-fbd974801a47', NULL, 'specialty_click', '{"name":"Phở Hà Nội","origin":"Phố cổ Hà Nội"}', '2026-06-26 10:47:06.59339+07');
INSERT INTO public."AnalyticsEvents" ("Id", "ProvinceId", "ProductId", "EventType", "MetadataJson", "CreatedAt") VALUES ('5d7b9283-0e18-475a-9ffc-5e9fdfc9c760', 'b1c56a08-78c6-4b10-afc8-fbd974801a47', NULL, 'page_view', '{"slug":"ha-noi"}', '2026-06-26 10:47:08.041849+07');
INSERT INTO public."AnalyticsEvents" ("Id", "ProvinceId", "ProductId", "EventType", "MetadataJson", "CreatedAt") VALUES ('57c761a1-87ea-48ef-a598-ac1a3a4a7ce5', 'b1c56a08-78c6-4b10-afc8-fbd974801a47', NULL, 'specialty_click', '{"name":"Bún Chả Hà Nội","origin":"Phố cổ Hà Nội"}', '2026-06-26 10:47:09.670829+07');
INSERT INTO public."AnalyticsEvents" ("Id", "ProvinceId", "ProductId", "EventType", "MetadataJson", "CreatedAt") VALUES ('cca7b314-739b-4bf4-8aa6-37a9d3c92d7b', 'b1c56a08-78c6-4b10-afc8-fbd974801a47', NULL, 'page_view', '{"slug":"ha-noi"}', '2026-06-26 10:47:12.8523+07');
INSERT INTO public."AnalyticsEvents" ("Id", "ProvinceId", "ProductId", "EventType", "MetadataJson", "CreatedAt") VALUES ('9a97acdb-3be8-447b-8eb0-c9ece5a4e782', 'b1c56a08-78c6-4b10-afc8-fbd974801a47', NULL, 'specialty_click', '{"name":"Bún Chả Hà Nội","origin":"Phố cổ Hà Nội"}', '2026-06-26 10:47:43.897785+07');
INSERT INTO public."AnalyticsEvents" ("Id", "ProvinceId", "ProductId", "EventType", "MetadataJson", "CreatedAt") VALUES ('7e1ed391-632d-44ac-9678-8ae63c80a8c2', 'b1c56a08-78c6-4b10-afc8-fbd974801a47', NULL, 'page_view', '{"slug":"ha-noi"}', '2026-06-26 10:50:06.020101+07');
INSERT INTO public."AnalyticsEvents" ("Id", "ProvinceId", "ProductId", "EventType", "MetadataJson", "CreatedAt") VALUES ('b084af43-884e-49b7-981f-b66cda1f6675', 'b1c56a08-78c6-4b10-afc8-fbd974801a47', NULL, 'specialty_click', '{"name":"Bún Chả Hà Nội","origin":"Phố cổ Hà Nội"}', '2026-06-26 10:50:07.971874+07');
INSERT INTO public."AnalyticsEvents" ("Id", "ProvinceId", "ProductId", "EventType", "MetadataJson", "CreatedAt") VALUES ('72ba70ca-4ea1-47f6-83eb-57e73b72748c', 'b1c56a08-78c6-4b10-afc8-fbd974801a47', NULL, 'page_view', '{"slug":"ha-noi"}', '2026-06-26 16:35:49.869679+07');
INSERT INTO public."AnalyticsEvents" ("Id", "ProvinceId", "ProductId", "EventType", "MetadataJson", "CreatedAt") VALUES ('f56072be-14b3-4b4b-9cd1-50314972811e', 'b1c56a08-78c6-4b10-afc8-fbd974801a47', NULL, 'specialty_click', '{"name":"Bún Chả Hà Nội","origin":"Phố cổ Hà Nội"}', '2026-06-26 16:35:57.352394+07');
INSERT INTO public."AnalyticsEvents" ("Id", "ProvinceId", "ProductId", "EventType", "MetadataJson", "CreatedAt") VALUES ('b79cb1be-bbde-4762-b2af-fd7466724c64', 'b1c56a08-78c6-4b10-afc8-fbd974801a47', NULL, 'page_view', '{"slug":"ha-noi"}', '2026-06-26 19:50:45.923772+07');
INSERT INTO public."AnalyticsEvents" ("Id", "ProvinceId", "ProductId", "EventType", "MetadataJson", "CreatedAt") VALUES ('50eb6737-35dd-4923-b94b-589066f3e6c6', 'b1c56a08-78c6-4b10-afc8-fbd974801a47', NULL, 'specialty_click', '{"name":"Chè Hà Nội","origin":"Phố Hàng Đường, Hà Nội"}', '2026-06-26 19:50:58.148859+07');
INSERT INTO public."AnalyticsEvents" ("Id", "ProvinceId", "ProductId", "EventType", "MetadataJson", "CreatedAt") VALUES ('af5152e6-94a4-4b8f-be6b-680e5b100451', 'b1c56a08-78c6-4b10-afc8-fbd974801a47', NULL, 'page_view', '{"slug":"ha-noi"}', '2026-06-26 19:56:16.268639+07');
INSERT INTO public."AnalyticsEvents" ("Id", "ProvinceId", "ProductId", "EventType", "MetadataJson", "CreatedAt") VALUES ('2f4ae8ca-ccf8-4af1-9e96-3daadf3950ce', 'b1c56a08-78c6-4b10-afc8-fbd974801a47', NULL, 'specialty_click', '{"name":"Bún Chả Hà Nội","origin":"Phố cổ Hà Nội"}', '2026-06-26 19:56:17.537775+07');
INSERT INTO public."AnalyticsEvents" ("Id", "ProvinceId", "ProductId", "EventType", "MetadataJson", "CreatedAt") VALUES ('ba760079-d1d1-45c6-82cf-786b5de21b8b', 'b1c56a08-78c6-4b10-afc8-fbd974801a47', NULL, 'page_view', '{"slug":"ha-noi"}', '2026-06-26 20:04:43.301013+07');
INSERT INTO public."AnalyticsEvents" ("Id", "ProvinceId", "ProductId", "EventType", "MetadataJson", "CreatedAt") VALUES ('7593d8ea-27e8-4c75-b369-6b685a9f19a1', 'b1c56a08-78c6-4b10-afc8-fbd974801a47', NULL, 'specialty_click', '{"name":"Chè Hà Nội","origin":"Phố Hàng Đường, Hà Nội"}', '2026-06-26 20:04:46.597442+07');
INSERT INTO public."AnalyticsEvents" ("Id", "ProvinceId", "ProductId", "EventType", "MetadataJson", "CreatedAt") VALUES ('ee8912f3-325f-4384-a342-3ac6ccde3aef', 'b1c56a08-78c6-4b10-afc8-fbd974801a47', NULL, 'specialty_click', '{"name":"Chè Hà Nội","origin":"Phố Hàng Đường, Hà Nội"}', '2026-06-26 20:04:47.269601+07');
INSERT INTO public."AnalyticsEvents" ("Id", "ProvinceId", "ProductId", "EventType", "MetadataJson", "CreatedAt") VALUES ('d7dd9ca1-bbf6-47ba-977e-040332519f91', 'b1c56a08-78c6-4b10-afc8-fbd974801a47', NULL, 'page_view', '{"slug":"ha-noi"}', '2026-06-26 20:16:53.906967+07');
INSERT INTO public."AnalyticsEvents" ("Id", "ProvinceId", "ProductId", "EventType", "MetadataJson", "CreatedAt") VALUES ('c752a6db-2695-49f3-8836-c40093e30665', 'b1c56a08-78c6-4b10-afc8-fbd974801a47', NULL, 'page_view', '{"slug":"ha-noi"}', '2026-06-26 20:17:02.519294+07');
INSERT INTO public."AnalyticsEvents" ("Id", "ProvinceId", "ProductId", "EventType", "MetadataJson", "CreatedAt") VALUES ('4f21b996-369e-41bd-8712-d8128a65ef4e', 'b1c56a08-78c6-4b10-afc8-fbd974801a47', NULL, 'page_view', '{"slug":"ha-noi"}', '2026-06-26 20:17:31.079968+07');
INSERT INTO public."AnalyticsEvents" ("Id", "ProvinceId", "ProductId", "EventType", "MetadataJson", "CreatedAt") VALUES ('7647ed1c-0c8a-49c6-a1d9-b43845a6bd17', 'b1c56a08-78c6-4b10-afc8-fbd974801a47', NULL, 'page_view', '{"slug":"ha-noi"}', '2026-06-26 20:18:18.789825+07');
INSERT INTO public."AnalyticsEvents" ("Id", "ProvinceId", "ProductId", "EventType", "MetadataJson", "CreatedAt") VALUES ('b96cb4e5-95a0-4b69-803d-e10c15d3fc9e', 'b1c56a08-78c6-4b10-afc8-fbd974801a47', NULL, 'page_view', '{"slug":"ha-noi"}', '2026-06-27 15:28:32.221921+07');
INSERT INTO public."AnalyticsEvents" ("Id", "ProvinceId", "ProductId", "EventType", "MetadataJson", "CreatedAt") VALUES ('31e1fbeb-a810-46c1-a1e7-fca23932b9a8', 'b1c56a08-78c6-4b10-afc8-fbd974801a47', NULL, 'page_view', '{"slug":"ha-noi"}', '2026-06-27 15:28:51.189284+07');
INSERT INTO public."AnalyticsEvents" ("Id", "ProvinceId", "ProductId", "EventType", "MetadataJson", "CreatedAt") VALUES ('380a0328-a2d3-4137-9476-7757a32dcd5a', 'b1c56a08-78c6-4b10-afc8-fbd974801a47', NULL, 'page_view', '{"slug":"ha-noi"}', '2026-06-27 15:29:00.796675+07');
INSERT INTO public."AnalyticsEvents" ("Id", "ProvinceId", "ProductId", "EventType", "MetadataJson", "CreatedAt") VALUES ('097f6951-ba53-4115-9bcf-bd8a977a927c', 'b1c56a08-78c6-4b10-afc8-fbd974801a47', NULL, 'page_view', '{"slug":"ha-noi"}', '2026-06-27 15:29:19.496563+07');
INSERT INTO public."AnalyticsEvents" ("Id", "ProvinceId", "ProductId", "EventType", "MetadataJson", "CreatedAt") VALUES ('c18941fd-7f51-4d42-9eb0-aa5689a0133c', 'b1c56a08-78c6-4b10-afc8-fbd974801a47', NULL, 'page_view', '{"slug":"ha-noi"}', '2026-06-27 15:29:30.516849+07');
INSERT INTO public."AnalyticsEvents" ("Id", "ProvinceId", "ProductId", "EventType", "MetadataJson", "CreatedAt") VALUES ('b604a750-f732-4996-a07e-583f7ecf904d', 'b1c56a08-78c6-4b10-afc8-fbd974801a47', NULL, 'page_view', '{"slug":"ha-noi"}', '2026-06-27 15:29:38.511559+07');
INSERT INTO public."AnalyticsEvents" ("Id", "ProvinceId", "ProductId", "EventType", "MetadataJson", "CreatedAt") VALUES ('4a1033c5-86c1-4db3-8055-02eaffdc8a64', 'b1c56a08-78c6-4b10-afc8-fbd974801a47', NULL, 'page_view', '{"slug":"ha-noi"}', '2026-06-27 15:30:17.917153+07');
INSERT INTO public."AnalyticsEvents" ("Id", "ProvinceId", "ProductId", "EventType", "MetadataJson", "CreatedAt") VALUES ('d169e7a9-3f94-4ae6-98af-d55b47f334a8', 'b1c56a08-78c6-4b10-afc8-fbd974801a47', NULL, 'page_view', '{"slug":"ha-noi"}', '2026-06-27 15:30:52.328114+07');
INSERT INTO public."AnalyticsEvents" ("Id", "ProvinceId", "ProductId", "EventType", "MetadataJson", "CreatedAt") VALUES ('20475228-4346-4c55-988c-2cb2b326b163', 'b1c56a08-78c6-4b10-afc8-fbd974801a47', NULL, 'page_view', '{"slug":"ha-noi"}', '2026-06-27 15:31:29.056256+07');
INSERT INTO public."AnalyticsEvents" ("Id", "ProvinceId", "ProductId", "EventType", "MetadataJson", "CreatedAt") VALUES ('6f1bf2e4-df48-429d-b95a-0eaeabdc578e', 'b1c56a08-78c6-4b10-afc8-fbd974801a47', NULL, 'specialty_click', '{"name":"Bún Chả Hà Nội","origin":"Phố cổ Hà Nội"}', '2026-06-27 15:32:58.07918+07');
INSERT INTO public."AnalyticsEvents" ("Id", "ProvinceId", "ProductId", "EventType", "MetadataJson", "CreatedAt") VALUES ('c84c82dd-9582-4388-87a7-3813ad4e8453', 'b1c56a08-78c6-4b10-afc8-fbd974801a47', NULL, 'page_view', '{"slug":"ha-noi"}', '2026-06-27 15:34:13.218248+07');
INSERT INTO public."AnalyticsEvents" ("Id", "ProvinceId", "ProductId", "EventType", "MetadataJson", "CreatedAt") VALUES ('625afe17-aa81-4766-98b3-a8c858dbf314', 'b1c56a08-78c6-4b10-afc8-fbd974801a47', NULL, 'specialty_click', '{"name":"Chè Hà Nội","origin":"Phố Hàng Đường, Hà Nội"}', '2026-06-27 15:34:28.693721+07');
INSERT INTO public."AnalyticsEvents" ("Id", "ProvinceId", "ProductId", "EventType", "MetadataJson", "CreatedAt") VALUES ('fc8cc009-b817-41e3-8130-34e8c03905b4', 'b1c56a08-78c6-4b10-afc8-fbd974801a47', NULL, 'page_view', '{"slug":"ha-noi"}', '2026-06-27 15:34:58.828795+07');
INSERT INTO public."AnalyticsEvents" ("Id", "ProvinceId", "ProductId", "EventType", "MetadataJson", "CreatedAt") VALUES ('ff55955b-e3db-4e77-bacb-6c00a93b4b86', '88ed81e9-8089-43fc-8e72-6234b2e47ddd', NULL, 'page_view', '{"slug":"dong-nai"}', '2026-06-27 15:35:24.325995+07');
INSERT INTO public."AnalyticsEvents" ("Id", "ProvinceId", "ProductId", "EventType", "MetadataJson", "CreatedAt") VALUES ('bbab2009-d32d-4002-a5d6-4f2fd21dcab7', '88ed81e9-8089-43fc-8e72-6234b2e47ddd', NULL, 'specialty_click', '{"name":"Gỏi cá Biên Hòa","origin":"Biên Hòa"}', '2026-06-27 15:36:01.766467+07');
INSERT INTO public."AnalyticsEvents" ("Id", "ProvinceId", "ProductId", "EventType", "MetadataJson", "CreatedAt") VALUES ('763418ec-6cd0-4eee-b9b4-cd5eda1528ef', '88ed81e9-8089-43fc-8e72-6234b2e47ddd', NULL, 'page_view', '{"slug":"dong-nai"}', '2026-06-27 15:36:10.643141+07');
INSERT INTO public."AnalyticsEvents" ("Id", "ProvinceId", "ProductId", "EventType", "MetadataJson", "CreatedAt") VALUES ('accf5da8-cf6f-4fa3-b622-798c46075599', '88ed81e9-8089-43fc-8e72-6234b2e47ddd', NULL, 'page_view', '{"slug":"dong-nai"}', '2026-06-27 15:36:16.820913+07');
INSERT INTO public."AnalyticsEvents" ("Id", "ProvinceId", "ProductId", "EventType", "MetadataJson", "CreatedAt") VALUES ('01dc9138-7cb9-4544-a5f5-e148de920d03', '88ed81e9-8089-43fc-8e72-6234b2e47ddd', NULL, 'specialty_click', '{"name":"Lẩu lá khổ qua","origin":"Đồng Nai"}', '2026-06-27 15:36:20.230881+07');
INSERT INTO public."AnalyticsEvents" ("Id", "ProvinceId", "ProductId", "EventType", "MetadataJson", "CreatedAt") VALUES ('eacded54-febd-4942-84d0-482ea4f54137', '88ed81e9-8089-43fc-8e72-6234b2e47ddd', NULL, 'specialty_click', '{"name":"Lẩu lá khổ qua","origin":"Đồng Nai"}', '2026-06-27 15:36:21.433111+07');
INSERT INTO public."AnalyticsEvents" ("Id", "ProvinceId", "ProductId", "EventType", "MetadataJson", "CreatedAt") VALUES ('dccb753e-5694-426f-8792-fb132fa185d4', 'b1c56a08-78c6-4b10-afc8-fbd974801a47', NULL, 'page_view', '{"slug":"ha-noi"}', '2026-06-29 18:27:21.55793+07');
INSERT INTO public."AnalyticsEvents" ("Id", "ProvinceId", "ProductId", "EventType", "MetadataJson", "CreatedAt") VALUES ('2a05553b-826f-4550-9f9a-d4b8569e9244', 'b1c56a08-78c6-4b10-afc8-fbd974801a47', NULL, 'specialty_click', '{"name":"Bún Chả Hà Nội","origin":"Phố cổ Hà Nội"}', '2026-06-29 18:27:26.683773+07');
INSERT INTO public."AnalyticsEvents" ("Id", "ProvinceId", "ProductId", "EventType", "MetadataJson", "CreatedAt") VALUES ('53596f0b-4bcf-46d0-afb4-ccf3a355925f', 'b1c56a08-78c6-4b10-afc8-fbd974801a47', NULL, 'specialty_click', '{"name":"Chè Hà Nội","origin":"Phố Hàng Đường, Hà Nội"}', '2026-06-29 18:27:28.446672+07');
INSERT INTO public."AnalyticsEvents" ("Id", "ProvinceId", "ProductId", "EventType", "MetadataJson", "CreatedAt") VALUES ('ec67b2ff-c02c-4a3e-aed4-9de9a66dc90f', '4d339f60-dac5-4b2a-82f8-9392c8ca90a1', NULL, 'page_view', '{"slug":"hai-phong"}', '2026-06-29 18:29:26.48197+07');
INSERT INTO public."AnalyticsEvents" ("Id", "ProvinceId", "ProductId", "EventType", "MetadataJson", "CreatedAt") VALUES ('4b71b945-3892-4630-a761-7c85c170319e', 'b1c56a08-78c6-4b10-afc8-fbd974801a47', NULL, 'page_view', '{"slug":"ha-noi"}', '2026-06-29 18:32:54.326433+07');
INSERT INTO public."AnalyticsEvents" ("Id", "ProvinceId", "ProductId", "EventType", "MetadataJson", "CreatedAt") VALUES ('00693991-1165-4e66-8275-4c7036c74da5', 'b1c56a08-78c6-4b10-afc8-fbd974801a47', NULL, 'specialty_click', '{"name":"Phở Hà Nội","origin":"Phố cổ Hà Nội"}', '2026-06-29 18:33:00.715595+07');
INSERT INTO public."AnalyticsEvents" ("Id", "ProvinceId", "ProductId", "EventType", "MetadataJson", "CreatedAt") VALUES ('b4e7a8e8-4ec9-4d81-9b2e-1f1c837600de', 'b1c56a08-78c6-4b10-afc8-fbd974801a47', NULL, 'page_view', '{"slug":"ha-noi"}', '2026-06-29 18:33:29.575535+07');
INSERT INTO public."AnalyticsEvents" ("Id", "ProvinceId", "ProductId", "EventType", "MetadataJson", "CreatedAt") VALUES ('914614f4-6491-440c-9f1c-b65b94baf195', 'b1c56a08-78c6-4b10-afc8-fbd974801a47', NULL, 'specialty_click', '{"name":"Phở Hà Nội","origin":"Phố cổ Hà Nội"}', '2026-06-29 18:33:32.100012+07');
INSERT INTO public."AnalyticsEvents" ("Id", "ProvinceId", "ProductId", "EventType", "MetadataJson", "CreatedAt") VALUES ('735ad01f-4a17-4dc2-8f8c-7e59a01f5e63', 'b1c56a08-78c6-4b10-afc8-fbd974801a47', NULL, 'specialty_click', '{"name":"Phở Hà Nội","origin":"Phố cổ Hà Nội"}', '2026-06-29 18:33:32.672074+07');
INSERT INTO public."AnalyticsEvents" ("Id", "ProvinceId", "ProductId", "EventType", "MetadataJson", "CreatedAt") VALUES ('7b305145-19ce-4b79-8199-f42c8ec9b508', 'b1c56a08-78c6-4b10-afc8-fbd974801a47', NULL, 'page_view', '{"slug":"ha-noi"}', '2026-06-29 18:38:15.966756+07');
INSERT INTO public."AnalyticsEvents" ("Id", "ProvinceId", "ProductId", "EventType", "MetadataJson", "CreatedAt") VALUES ('a2da186f-c0e0-4668-b0e5-1c594e07ea8a', 'b1c56a08-78c6-4b10-afc8-fbd974801a47', NULL, 'specialty_click', '{"name":"Chè Hà Nội","origin":"Phố Hàng Đường, Hà Nội"}', '2026-06-29 18:38:24.17124+07');
INSERT INTO public."AnalyticsEvents" ("Id", "ProvinceId", "ProductId", "EventType", "MetadataJson", "CreatedAt") VALUES ('7866ecd4-f3a6-4bfd-b688-cc7477a4f1d5', 'b1c56a08-78c6-4b10-afc8-fbd974801a47', NULL, 'specialty_click', '{"name":"Chè Hà Nội","origin":"Phố Hàng Đường, Hà Nội"}', '2026-06-29 18:38:25.302317+07');
INSERT INTO public."AnalyticsEvents" ("Id", "ProvinceId", "ProductId", "EventType", "MetadataJson", "CreatedAt") VALUES ('f9083af5-513b-4cad-8d63-f620fbf074eb', 'b1c56a08-78c6-4b10-afc8-fbd974801a47', NULL, 'specialty_click', '{"name":"Chè Hà Nội","origin":"Phố Hàng Đường, Hà Nội"}', '2026-06-29 18:38:25.771535+07');
INSERT INTO public."AnalyticsEvents" ("Id", "ProvinceId", "ProductId", "EventType", "MetadataJson", "CreatedAt") VALUES ('a8dfc244-1f71-4204-89ea-8f1afb4d39c1', 'b1c56a08-78c6-4b10-afc8-fbd974801a47', NULL, 'page_view', '{"slug":"ha-noi"}', '2026-06-29 18:38:31.02057+07');
INSERT INTO public."AnalyticsEvents" ("Id", "ProvinceId", "ProductId", "EventType", "MetadataJson", "CreatedAt") VALUES ('fa00188b-1545-4021-935c-eed0909ec5d5', 'b1c56a08-78c6-4b10-afc8-fbd974801a47', NULL, 'specialty_click', '{"name":"Bún Chả Hà Nội","origin":"Phố cổ Hà Nội"}', '2026-06-29 18:38:32.776183+07');
INSERT INTO public."AnalyticsEvents" ("Id", "ProvinceId", "ProductId", "EventType", "MetadataJson", "CreatedAt") VALUES ('5fabf253-6a68-48d7-889c-220c7a44ee0c', 'b1c56a08-78c6-4b10-afc8-fbd974801a47', NULL, 'specialty_click', '{"name":"Bún Chả Hà Nội","origin":"Phố cổ Hà Nội"}', '2026-06-29 18:38:33.302269+07');
INSERT INTO public."AnalyticsEvents" ("Id", "ProvinceId", "ProductId", "EventType", "MetadataJson", "CreatedAt") VALUES ('864ff744-550a-4dec-a5ba-218998918d57', 'b1c56a08-78c6-4b10-afc8-fbd974801a47', NULL, 'specialty_click', '{"name":"Bún Chả Hà Nội","origin":"Phố cổ Hà Nội"}', '2026-06-29 18:38:33.676841+07');
INSERT INTO public."AnalyticsEvents" ("Id", "ProvinceId", "ProductId", "EventType", "MetadataJson", "CreatedAt") VALUES ('bd3bda8f-a8dc-454d-8894-5f853daba985', 'b1c56a08-78c6-4b10-afc8-fbd974801a47', NULL, 'page_view', '{"slug":"ha-noi"}', '2026-06-29 18:39:02.6887+07');
INSERT INTO public."AnalyticsEvents" ("Id", "ProvinceId", "ProductId", "EventType", "MetadataJson", "CreatedAt") VALUES ('07be622a-c7a7-4348-92db-d3fb1706bfd1', 'b1c56a08-78c6-4b10-afc8-fbd974801a47', NULL, 'specialty_click', '{"name":"Phở Hà Nội","origin":"Phố cổ Hà Nội"}', '2026-06-29 18:39:10.821545+07');
INSERT INTO public."AnalyticsEvents" ("Id", "ProvinceId", "ProductId", "EventType", "MetadataJson", "CreatedAt") VALUES ('b30a57f4-edcd-49e6-a708-8fb34d3ae0c3', 'b1c56a08-78c6-4b10-afc8-fbd974801a47', NULL, 'page_view', '{"slug":"ha-noi"}', '2026-06-29 18:39:20.030179+07');
INSERT INTO public."AnalyticsEvents" ("Id", "ProvinceId", "ProductId", "EventType", "MetadataJson", "CreatedAt") VALUES ('f279c86d-a011-42fd-873f-4bc2ae3949e0', 'b1c56a08-78c6-4b10-afc8-fbd974801a47', NULL, 'specialty_click', '{"name":"Phở Hà Nội","origin":"Phố cổ Hà Nội"}', '2026-06-29 18:39:21.829402+07');
INSERT INTO public."AnalyticsEvents" ("Id", "ProvinceId", "ProductId", "EventType", "MetadataJson", "CreatedAt") VALUES ('15b1b06b-6a88-43cf-8f72-89c602553f04', 'b1c56a08-78c6-4b10-afc8-fbd974801a47', NULL, 'page_view', '{"slug":"ha-noi"}', '2026-06-29 18:39:22.935516+07');
INSERT INTO public."AnalyticsEvents" ("Id", "ProvinceId", "ProductId", "EventType", "MetadataJson", "CreatedAt") VALUES ('513f4dfc-ef30-498e-9848-1f3355a87766', 'b1c56a08-78c6-4b10-afc8-fbd974801a47', NULL, 'specialty_click', '{"name":"Chè Hà Nội","origin":"Phố Hàng Đường, Hà Nội"}', '2026-06-29 18:39:27.261162+07');
INSERT INTO public."AnalyticsEvents" ("Id", "ProvinceId", "ProductId", "EventType", "MetadataJson", "CreatedAt") VALUES ('e1abc153-6800-41b0-93ba-33c8c4253106', 'b1c56a08-78c6-4b10-afc8-fbd974801a47', NULL, 'specialty_click', '{"name":"Chè Hà Nội","origin":"Phố Hàng Đường, Hà Nội"}', '2026-06-29 18:39:27.770568+07');
INSERT INTO public."AnalyticsEvents" ("Id", "ProvinceId", "ProductId", "EventType", "MetadataJson", "CreatedAt") VALUES ('1dace6e0-0c69-481e-ad83-8147eab8a275', 'b1c56a08-78c6-4b10-afc8-fbd974801a47', NULL, 'page_view', '{"slug":"ha-noi"}', '2026-06-29 19:07:24.207563+07');
INSERT INTO public."AnalyticsEvents" ("Id", "ProvinceId", "ProductId", "EventType", "MetadataJson", "CreatedAt") VALUES ('852b950b-fee2-473d-b378-906209aa7026', 'b1c56a08-78c6-4b10-afc8-fbd974801a47', NULL, 'specialty_click', '{"name":"Bún Chả Hà Nội","origin":"Phố cổ Hà Nội"}', '2026-06-29 19:07:25.491238+07');
INSERT INTO public."AnalyticsEvents" ("Id", "ProvinceId", "ProductId", "EventType", "MetadataJson", "CreatedAt") VALUES ('8239be0e-41f0-4fde-8e3b-7c009e669de1', 'b1c56a08-78c6-4b10-afc8-fbd974801a47', NULL, 'specialty_click', '{"name":"Bún Chả Hà Nội","origin":"Phố cổ Hà Nội"}', '2026-06-29 19:07:25.811041+07');
INSERT INTO public."AnalyticsEvents" ("Id", "ProvinceId", "ProductId", "EventType", "MetadataJson", "CreatedAt") VALUES ('e316c575-1733-4021-be6f-39b24cf03f70', 'b1c56a08-78c6-4b10-afc8-fbd974801a47', NULL, 'page_view', '{"slug":"ha-noi"}', '2026-06-29 19:07:41.385464+07');
INSERT INTO public."AnalyticsEvents" ("Id", "ProvinceId", "ProductId", "EventType", "MetadataJson", "CreatedAt") VALUES ('40f4451b-73c8-4d9b-bacb-c13260cbaf08', 'b1c56a08-78c6-4b10-afc8-fbd974801a47', NULL, 'specialty_click', '{"name":"Chè Hà Nội","origin":"Phố Hàng Đường, Hà Nội"}', '2026-06-29 19:07:43.210344+07');
INSERT INTO public."AnalyticsEvents" ("Id", "ProvinceId", "ProductId", "EventType", "MetadataJson", "CreatedAt") VALUES ('d8df2bca-4b24-4155-bc46-9a7c40382e0d', '294bce6b-804a-4adb-999b-b3dea32091c2', NULL, 'page_view', '{"slug":"dien-bien"}', '2026-06-29 23:05:23.322344+07');
INSERT INTO public."AnalyticsEvents" ("Id", "ProvinceId", "ProductId", "EventType", "MetadataJson", "CreatedAt") VALUES ('bdf1d1c0-587b-4d72-a14e-96137ca2825b', '88ed81e9-8089-43fc-8e72-6234b2e47ddd', NULL, 'page_view', '{"slug":"dong-nai"}', '2026-06-29 23:05:34.120461+07');
INSERT INTO public."AnalyticsEvents" ("Id", "ProvinceId", "ProductId", "EventType", "MetadataJson", "CreatedAt") VALUES ('6bcbddec-8712-4c0f-8b2c-685bfd9da0e9', 'b1c56a08-78c6-4b10-afc8-fbd974801a47', NULL, 'page_view', '{"slug":"ha-noi"}', '2026-06-29 23:12:52.876263+07');
INSERT INTO public."AnalyticsEvents" ("Id", "ProvinceId", "ProductId", "EventType", "MetadataJson", "CreatedAt") VALUES ('ac438df3-605a-4f84-9300-3d337db70e6a', 'b1c56a08-78c6-4b10-afc8-fbd974801a47', NULL, 'specialty_click', '{"name":"Chè Hà Nội","origin":"Phố Hàng Đường, Hà Nội"}', '2026-06-29 23:12:57.29889+07');
INSERT INTO public."AnalyticsEvents" ("Id", "ProvinceId", "ProductId", "EventType", "MetadataJson", "CreatedAt") VALUES ('bb3a3db3-5220-427d-afcb-2840bb892a7e', 'b1c56a08-78c6-4b10-afc8-fbd974801a47', NULL, 'specialty_click', '{"name":"Chè Hà Nội","origin":"Phố Hàng Đường, Hà Nội"}', '2026-06-29 23:12:58.139222+07');
INSERT INTO public."AnalyticsEvents" ("Id", "ProvinceId", "ProductId", "EventType", "MetadataJson", "CreatedAt") VALUES ('97c7c50c-e7d4-45cd-9716-220a6746fbe8', 'b1c56a08-78c6-4b10-afc8-fbd974801a47', NULL, 'page_view', '{"slug":"ha-noi"}', '2026-06-30 10:24:23.220628+07');
INSERT INTO public."AnalyticsEvents" ("Id", "ProvinceId", "ProductId", "EventType", "MetadataJson", "CreatedAt") VALUES ('8460aff0-8f6d-4317-826f-ca38fc5f3022', 'b1c56a08-78c6-4b10-afc8-fbd974801a47', NULL, 'specialty_click', '{"name":"Chè Hà Nội","origin":"Phố Hàng Đường, Hà Nội"}', '2026-06-30 10:24:30.331066+07');
INSERT INTO public."AnalyticsEvents" ("Id", "ProvinceId", "ProductId", "EventType", "MetadataJson", "CreatedAt") VALUES ('73dee1a3-1211-4f30-8bb3-a713f73231ef', 'b1c56a08-78c6-4b10-afc8-fbd974801a47', NULL, 'page_view', '{"slug":"ha-noi"}', '2026-06-30 10:31:10.058034+07');
INSERT INTO public."AnalyticsEvents" ("Id", "ProvinceId", "ProductId", "EventType", "MetadataJson", "CreatedAt") VALUES ('8346cc5c-b9ef-420d-a2be-7cdc02910305', 'b1c56a08-78c6-4b10-afc8-fbd974801a47', NULL, 'specialty_click', '{"name":"Chè Hà Nội","origin":"Phố Hàng Đường, Hà Nội"}', '2026-06-30 10:31:13.899963+07');
INSERT INTO public."AnalyticsEvents" ("Id", "ProvinceId", "ProductId", "EventType", "MetadataJson", "CreatedAt") VALUES ('e35a9f4a-c5e9-4ecf-880c-74b3622492f4', 'b1c56a08-78c6-4b10-afc8-fbd974801a47', NULL, 'specialty_click', '{"name":"Chè Hà Nội","origin":"Phố Hàng Đường, Hà Nội"}', '2026-06-30 10:31:14.441836+07');
INSERT INTO public."AnalyticsEvents" ("Id", "ProvinceId", "ProductId", "EventType", "MetadataJson", "CreatedAt") VALUES ('74d348bc-9a73-4874-8262-b2417a2d77ed', 'b1c56a08-78c6-4b10-afc8-fbd974801a47', NULL, 'page_view', '{"slug":"ha-noi"}', '2026-06-30 10:36:32.798891+07');
INSERT INTO public."AnalyticsEvents" ("Id", "ProvinceId", "ProductId", "EventType", "MetadataJson", "CreatedAt") VALUES ('3444bc36-8b1d-4fbc-9e0e-9bb59a0f3e70', 'b1c56a08-78c6-4b10-afc8-fbd974801a47', NULL, 'specialty_click', '{"name":"Phở Hà Nội","origin":"Phố cổ Hà Nội"}', '2026-06-30 10:36:34.709515+07');
INSERT INTO public."AnalyticsEvents" ("Id", "ProvinceId", "ProductId", "EventType", "MetadataJson", "CreatedAt") VALUES ('247d72dc-5bef-4d36-8876-5abd513193fd', 'b1c56a08-78c6-4b10-afc8-fbd974801a47', NULL, 'page_view', '{"slug":"ha-noi"}', '2026-06-30 10:36:38.290843+07');
INSERT INTO public."AnalyticsEvents" ("Id", "ProvinceId", "ProductId", "EventType", "MetadataJson", "CreatedAt") VALUES ('10172c80-26d0-44b6-9a33-ae2e452ced9e', 'b1c56a08-78c6-4b10-afc8-fbd974801a47', NULL, 'specialty_click', '{"name":"Phở Hà Nội","origin":"Phố cổ Hà Nội"}', '2026-06-30 10:36:39.532572+07');
INSERT INTO public."AnalyticsEvents" ("Id", "ProvinceId", "ProductId", "EventType", "MetadataJson", "CreatedAt") VALUES ('9200116c-dde5-459f-908f-0b1f61dd078d', 'b1c56a08-78c6-4b10-afc8-fbd974801a47', NULL, 'specialty_click', '{"name":"Phở Hà Nội","origin":"Phố cổ Hà Nội"}', '2026-06-30 10:36:40.337902+07');
INSERT INTO public."AnalyticsEvents" ("Id", "ProvinceId", "ProductId", "EventType", "MetadataJson", "CreatedAt") VALUES ('1cc4eafb-2f4d-454b-ae4c-78fb41f2ec64', 'b1c56a08-78c6-4b10-afc8-fbd974801a47', NULL, 'page_view', '{"slug":"ha-noi"}', '2026-06-30 10:38:10.705553+07');
INSERT INTO public."AnalyticsEvents" ("Id", "ProvinceId", "ProductId", "EventType", "MetadataJson", "CreatedAt") VALUES ('aea28c9d-2db4-4fa5-9c3b-7295b71014fd', 'b1c56a08-78c6-4b10-afc8-fbd974801a47', NULL, 'specialty_click', '{"name":"Phở Hà Nội","origin":"Phố cổ Hà Nội"}', '2026-06-30 10:38:12.049964+07');
INSERT INTO public."AnalyticsEvents" ("Id", "ProvinceId", "ProductId", "EventType", "MetadataJson", "CreatedAt") VALUES ('d0a1b18c-b0b2-4fb5-985b-eefeba5519d0', 'b1c56a08-78c6-4b10-afc8-fbd974801a47', NULL, 'page_view', '{"slug":"ha-noi"}', '2026-06-30 11:04:19.087387+07');
INSERT INTO public."AnalyticsEvents" ("Id", "ProvinceId", "ProductId", "EventType", "MetadataJson", "CreatedAt") VALUES ('7b1b2a06-0193-4cad-9feb-914b8ee4ccc1', 'b1c56a08-78c6-4b10-afc8-fbd974801a47', NULL, 'specialty_click', '{"name":"Phở Hà Nội","origin":"Phố cổ Hà Nội"}', '2026-06-30 11:04:21.240447+07');
INSERT INTO public."AnalyticsEvents" ("Id", "ProvinceId", "ProductId", "EventType", "MetadataJson", "CreatedAt") VALUES ('c44f2260-fdc3-4600-892b-b2e50bb92ec6', 'b1c56a08-78c6-4b10-afc8-fbd974801a47', NULL, 'page_view', '{"slug":"ha-noi"}', '2026-06-30 11:04:27.169257+07');
INSERT INTO public."AnalyticsEvents" ("Id", "ProvinceId", "ProductId", "EventType", "MetadataJson", "CreatedAt") VALUES ('82673ae5-480c-44e5-a52e-1368ac9e14f9', 'b1c56a08-78c6-4b10-afc8-fbd974801a47', NULL, 'specialty_click', '{"name":"Bánh Cuốn Thanh Trì","origin":"Thanh Trì, Hà Nội"}', '2026-06-30 11:04:34.332252+07');
INSERT INTO public."AnalyticsEvents" ("Id", "ProvinceId", "ProductId", "EventType", "MetadataJson", "CreatedAt") VALUES ('ea1dc256-b0b5-43b1-8e7e-23b1d44ca932', 'b1c56a08-78c6-4b10-afc8-fbd974801a47', NULL, 'specialty_click', '{"name":"Bánh Cuốn Thanh Trì","origin":"Thanh Trì, Hà Nội"}', '2026-06-30 11:04:38.282337+07');
INSERT INTO public."AnalyticsEvents" ("Id", "ProvinceId", "ProductId", "EventType", "MetadataJson", "CreatedAt") VALUES ('9c4e643a-6e99-4fc6-8883-5a437177eb8c', 'b1c56a08-78c6-4b10-afc8-fbd974801a47', NULL, 'page_view', '{"slug":"ha-noi"}', '2026-07-01 09:54:17.993117+07');
INSERT INTO public."AnalyticsEvents" ("Id", "ProvinceId", "ProductId", "EventType", "MetadataJson", "CreatedAt") VALUES ('fa70a949-25f2-4dfc-a5b3-0be7b4099496', 'b1c56a08-78c6-4b10-afc8-fbd974801a47', NULL, 'page_view', '{"slug":"ha-noi"}', '2026-07-01 16:12:19.847485+07');
INSERT INTO public."AnalyticsEvents" ("Id", "ProvinceId", "ProductId", "EventType", "MetadataJson", "CreatedAt") VALUES ('750cad51-d4d4-4414-8463-49a35e132b51', 'b1c56a08-78c6-4b10-afc8-fbd974801a47', NULL, 'specialty_click', '{"name":"Bánh Cuốn Thanh Trì","origin":"Thanh Trì, Hà Nội"}', '2026-07-01 16:12:25.95411+07');
INSERT INTO public."AnalyticsEvents" ("Id", "ProvinceId", "ProductId", "EventType", "MetadataJson", "CreatedAt") VALUES ('fb1b8147-39e3-4484-9928-d7c5a79b1be4', '4d339f60-dac5-4b2a-82f8-9392c8ca90a1', NULL, 'page_view', '{"slug":"hai-phong"}', '2026-07-01 19:59:35.424273+07');
INSERT INTO public."AnalyticsEvents" ("Id", "ProvinceId", "ProductId", "EventType", "MetadataJson", "CreatedAt") VALUES ('fc983d7a-4e86-451e-bb42-adf575eaa49b', '4d339f60-dac5-4b2a-82f8-9392c8ca90a1', NULL, 'specialty_click', '{"name":"Bánh đa cua","origin":"Quận Lê Chân"}', '2026-07-01 20:02:22.422182+07');
INSERT INTO public."AnalyticsEvents" ("Id", "ProvinceId", "ProductId", "EventType", "MetadataJson", "CreatedAt") VALUES ('8688d043-3551-41e7-b714-8abd9c976a31', 'b1c56a08-78c6-4b10-afc8-fbd974801a47', NULL, 'page_view', '{"slug":"ha-noi"}', '2026-07-01 21:14:51.150456+07');
INSERT INTO public."AnalyticsEvents" ("Id", "ProvinceId", "ProductId", "EventType", "MetadataJson", "CreatedAt") VALUES ('c57263e4-df4b-471e-8818-d826609ac268', 'b1c56a08-78c6-4b10-afc8-fbd974801a47', NULL, 'specialty_click', '{"name":"Bún Chả Hà Nội","origin":"Phố cổ Hà Nội"}', '2026-07-01 21:16:01.885957+07');
INSERT INTO public."AnalyticsEvents" ("Id", "ProvinceId", "ProductId", "EventType", "MetadataJson", "CreatedAt") VALUES ('17508936-8868-4d17-8747-bdefd3b2ef38', 'b1c56a08-78c6-4b10-afc8-fbd974801a47', NULL, 'page_view', '{"slug":"ha-noi"}', '2026-07-02 10:04:43.47812+07');
INSERT INTO public."AnalyticsEvents" ("Id", "ProvinceId", "ProductId", "EventType", "MetadataJson", "CreatedAt") VALUES ('63586b87-90c7-4cc2-b221-b4a11c0ec39b', 'b1c56a08-78c6-4b10-afc8-fbd974801a47', NULL, 'specialty_click', '{"name":"Bún Chả Hà Nội","origin":"Phố cổ Hà Nội"}', '2026-07-02 10:04:51.525742+07');
INSERT INTO public."AnalyticsEvents" ("Id", "ProvinceId", "ProductId", "EventType", "MetadataJson", "CreatedAt") VALUES ('3a033a34-591b-4d0d-93d9-3d8851fc1850', 'b1c56a08-78c6-4b10-afc8-fbd974801a47', NULL, 'page_view', '{"slug":"ha-noi"}', '2026-07-02 10:05:10.470067+07');
INSERT INTO public."AnalyticsEvents" ("Id", "ProvinceId", "ProductId", "EventType", "MetadataJson", "CreatedAt") VALUES ('5b8253df-2cfd-422e-adfa-4329087b1c4e', 'b1c56a08-78c6-4b10-afc8-fbd974801a47', NULL, 'specialty_click', '{"name":"Chè Hà Nội","origin":"Phố Hàng Đường, Hà Nội"}', '2026-07-02 10:05:13.824063+07');
INSERT INTO public."AnalyticsEvents" ("Id", "ProvinceId", "ProductId", "EventType", "MetadataJson", "CreatedAt") VALUES ('a4a99bac-f1b2-4abf-9e3e-b60f0f0f885d', 'b1c56a08-78c6-4b10-afc8-fbd974801a47', NULL, 'page_view', '{"slug":"ha-noi"}', '2026-07-02 10:05:19.008899+07');
INSERT INTO public."AnalyticsEvents" ("Id", "ProvinceId", "ProductId", "EventType", "MetadataJson", "CreatedAt") VALUES ('303db1e8-a48e-49c1-96f5-d43053cc2b13', 'b1c56a08-78c6-4b10-afc8-fbd974801a47', NULL, 'specialty_click', '{"name":"Bún Chả Hà Nội","origin":"Phố cổ Hà Nội"}', '2026-07-02 10:05:20.917807+07');
INSERT INTO public."AnalyticsEvents" ("Id", "ProvinceId", "ProductId", "EventType", "MetadataJson", "CreatedAt") VALUES ('0a221834-1ea9-443b-9cad-4a93c1a5e2bd', 'b1c56a08-78c6-4b10-afc8-fbd974801a47', NULL, 'page_view', '{"slug":"ha-noi"}', '2026-07-02 10:05:22.624851+07');
INSERT INTO public."AnalyticsEvents" ("Id", "ProvinceId", "ProductId", "EventType", "MetadataJson", "CreatedAt") VALUES ('94d50194-30d8-451e-91b7-af440475ce5f', 'b1c56a08-78c6-4b10-afc8-fbd974801a47', NULL, 'specialty_click', '{"name":"Chè Hà Nội","origin":"Phố Hàng Đường, Hà Nội"}', '2026-07-02 10:05:24.201022+07');
INSERT INTO public."AnalyticsEvents" ("Id", "ProvinceId", "ProductId", "EventType", "MetadataJson", "CreatedAt") VALUES ('7e3de3b3-52ac-466e-963b-d3b14a0f15fd', 'b1c56a08-78c6-4b10-afc8-fbd974801a47', NULL, 'specialty_click', '{"name":"Bún Chả Hà Nội","origin":"Phố cổ Hà Nội"}', '2026-07-02 10:05:45.367191+07');
INSERT INTO public."AnalyticsEvents" ("Id", "ProvinceId", "ProductId", "EventType", "MetadataJson", "CreatedAt") VALUES ('47e3953b-92b7-419c-9c73-259d861848ad', 'b1c56a08-78c6-4b10-afc8-fbd974801a47', NULL, 'specialty_click', '{"name":"Bún Chả Hà Nội","origin":"Phố cổ Hà Nội"}', '2026-07-02 10:05:45.933735+07');
INSERT INTO public."AnalyticsEvents" ("Id", "ProvinceId", "ProductId", "EventType", "MetadataJson", "CreatedAt") VALUES ('17f7f275-a1ed-4a4e-8f67-ef2a42a06936', 'b1c56a08-78c6-4b10-afc8-fbd974801a47', NULL, 'page_view', '{"slug":"ha-noi"}', '2026-07-02 19:24:32.053324+07');
INSERT INTO public."AnalyticsEvents" ("Id", "ProvinceId", "ProductId", "EventType", "MetadataJson", "CreatedAt") VALUES ('8c488b36-cc77-4587-bc56-2fe5c52fbbe1', 'b1c56a08-78c6-4b10-afc8-fbd974801a47', NULL, 'specialty_click', '{"name":"Bún Chả Hà Nội","origin":"Phố cổ Hà Nội"}', '2026-07-02 19:25:22.63538+07');
INSERT INTO public."AnalyticsEvents" ("Id", "ProvinceId", "ProductId", "EventType", "MetadataJson", "CreatedAt") VALUES ('53714fc4-0b95-4fc3-8f67-49ffa4e7e408', 'b1c56a08-78c6-4b10-afc8-fbd974801a47', NULL, 'page_view', '{"slug":"ha-noi"}', '2026-07-02 19:32:07.640667+07');
INSERT INTO public."AnalyticsEvents" ("Id", "ProvinceId", "ProductId", "EventType", "MetadataJson", "CreatedAt") VALUES ('c74ad8f0-dd2a-4bb1-be79-b7b1040b9852', '4d339f60-dac5-4b2a-82f8-9392c8ca90a1', NULL, 'page_view', '{"slug":"hai-phong"}', '2026-07-02 19:32:11.489179+07');
INSERT INTO public."AnalyticsEvents" ("Id", "ProvinceId", "ProductId", "EventType", "MetadataJson", "CreatedAt") VALUES ('c6c3fb1c-09ce-4cfa-af9e-14d825e7f3ca', '4d339f60-dac5-4b2a-82f8-9392c8ca90a1', NULL, 'specialty_click', '{"name":"Bánh đa cua","origin":"Quận Lê Chân"}', '2026-07-02 19:32:54.345087+07');
INSERT INTO public."AnalyticsEvents" ("Id", "ProvinceId", "ProductId", "EventType", "MetadataJson", "CreatedAt") VALUES ('7d02fa9a-0e0b-483f-a118-be39b9520813', 'b1c56a08-78c6-4b10-afc8-fbd974801a47', NULL, 'page_view', '{"slug":"ha-noi"}', '2026-07-02 19:37:34.453123+07');
INSERT INTO public."AnalyticsEvents" ("Id", "ProvinceId", "ProductId", "EventType", "MetadataJson", "CreatedAt") VALUES ('c6241eb5-5b28-4886-9f2d-540597bca0d9', 'b1c56a08-78c6-4b10-afc8-fbd974801a47', NULL, 'specialty_click', '{"name":"Bánh Cuốn Thanh Trì","origin":"Thanh Trì, Hà Nội"}', '2026-07-02 19:37:39.475298+07');
INSERT INTO public."AnalyticsEvents" ("Id", "ProvinceId", "ProductId", "EventType", "MetadataJson", "CreatedAt") VALUES ('9bb1044a-63c5-4849-a4cd-431d0edd2231', 'b1c56a08-78c6-4b10-afc8-fbd974801a47', NULL, 'page_view', '{"slug":"ha-noi"}', '2026-07-02 19:37:55.240436+07');
INSERT INTO public."AnalyticsEvents" ("Id", "ProvinceId", "ProductId", "EventType", "MetadataJson", "CreatedAt") VALUES ('bc893fd2-0089-410f-abb6-219a20d9d117', 'b1c56a08-78c6-4b10-afc8-fbd974801a47', NULL, 'specialty_click', '{"name":"Bánh Cuốn Thanh Trì","origin":"Thanh Trì, Hà Nội"}', '2026-07-02 19:38:09.234669+07');
INSERT INTO public."AnalyticsEvents" ("Id", "ProvinceId", "ProductId", "EventType", "MetadataJson", "CreatedAt") VALUES ('404b62d5-b638-41a2-a8fc-fb383e3e6886', '4d339f60-dac5-4b2a-82f8-9392c8ca90a1', NULL, 'specialty_click', '{"name":"Bánh đa cua","origin":"Quận Lê Chân"}', '2026-07-02 19:53:14.118062+07');
INSERT INTO public."AnalyticsEvents" ("Id", "ProvinceId", "ProductId", "EventType", "MetadataJson", "CreatedAt") VALUES ('dfae527e-0548-4206-b7d6-b05ceb26618b', 'b1c56a08-78c6-4b10-afc8-fbd974801a47', NULL, 'page_view', '{"slug":"ha-noi"}', '2026-07-02 20:06:41.051492+07');
INSERT INTO public."AnalyticsEvents" ("Id", "ProvinceId", "ProductId", "EventType", "MetadataJson", "CreatedAt") VALUES ('7b0cf229-1c3a-4310-b041-d7a6fdb99385', 'b1c56a08-78c6-4b10-afc8-fbd974801a47', NULL, 'specialty_click', '{"name":"Bún Chả Hà Nội","origin":"Phố cổ Hà Nội"}', '2026-07-02 20:06:48.146755+07');
INSERT INTO public."AnalyticsEvents" ("Id", "ProvinceId", "ProductId", "EventType", "MetadataJson", "CreatedAt") VALUES ('990cd4ed-6dcb-48bb-872c-774b5571e0ad', 'b1c56a08-78c6-4b10-afc8-fbd974801a47', NULL, 'page_view', '{"slug":"ha-noi"}', '2026-07-02 20:06:52.48384+07');
INSERT INTO public."AnalyticsEvents" ("Id", "ProvinceId", "ProductId", "EventType", "MetadataJson", "CreatedAt") VALUES ('cf70818b-0210-402b-9c13-1d900c1c7cbf', 'b1c56a08-78c6-4b10-afc8-fbd974801a47', NULL, 'specialty_click', '{"name":"Phở Hà Nội","origin":"Phố cổ Hà Nội"}', '2026-07-02 20:06:57.143889+07');
INSERT INTO public."AnalyticsEvents" ("Id", "ProvinceId", "ProductId", "EventType", "MetadataJson", "CreatedAt") VALUES ('2df934c4-664f-45a4-aae2-12b371ef420a', 'b1c56a08-78c6-4b10-afc8-fbd974801a47', NULL, 'page_view', '{"slug":"ha-noi"}', '2026-07-02 20:07:01.730237+07');
INSERT INTO public."AnalyticsEvents" ("Id", "ProvinceId", "ProductId", "EventType", "MetadataJson", "CreatedAt") VALUES ('f680e15d-6227-404e-80f5-f72c3ec63790', '4d339f60-dac5-4b2a-82f8-9392c8ca90a1', NULL, 'page_view', '{"slug":"hai-phong"}', '2026-07-02 20:07:05.395242+07');
INSERT INTO public."AnalyticsEvents" ("Id", "ProvinceId", "ProductId", "EventType", "MetadataJson", "CreatedAt") VALUES ('9d002dd3-b883-4f1e-8f16-df1aee6881eb', '4d339f60-dac5-4b2a-82f8-9392c8ca90a1', NULL, 'page_view', '{"slug":"hai-phong"}', '2026-07-02 20:08:35.835446+07');
INSERT INTO public."AnalyticsEvents" ("Id", "ProvinceId", "ProductId", "EventType", "MetadataJson", "CreatedAt") VALUES ('9d5362c1-ef12-4a56-8874-41479d4e8b45', '4d339f60-dac5-4b2a-82f8-9392c8ca90a1', NULL, 'specialty_click', '{"name":"Nem cua bể","origin":"Đồ Sơn"}', '2026-07-02 20:09:36.199731+07');
INSERT INTO public."AnalyticsEvents" ("Id", "ProvinceId", "ProductId", "EventType", "MetadataJson", "CreatedAt") VALUES ('cab6b9d3-1304-43bc-9e94-c3b49f263ad2', '4d339f60-dac5-4b2a-82f8-9392c8ca90a1', NULL, 'page_view', '{"slug":"hai-phong"}', '2026-07-02 20:10:18.460107+07');
INSERT INTO public."AnalyticsEvents" ("Id", "ProvinceId", "ProductId", "EventType", "MetadataJson", "CreatedAt") VALUES ('c9dcba01-24db-49c2-95d0-d9b8e5797aaa', '4d339f60-dac5-4b2a-82f8-9392c8ca90a1', NULL, 'specialty_click', '{"name":"Hải sản Cát Bà","origin":"Cát Bà"}', '2026-07-02 20:20:38.438491+07');
INSERT INTO public."AnalyticsEvents" ("Id", "ProvinceId", "ProductId", "EventType", "MetadataJson", "CreatedAt") VALUES ('7906a2d2-fb61-4294-85e0-ca264a04b7ae', '4d339f60-dac5-4b2a-82f8-9392c8ca90a1', NULL, 'specialty_click', '{"name":"Hải sản Cát Bà","origin":"Cát Bà"}', '2026-07-02 20:20:39.001749+07');
INSERT INTO public."AnalyticsEvents" ("Id", "ProvinceId", "ProductId", "EventType", "MetadataJson", "CreatedAt") VALUES ('47088dd0-94f5-4d34-89ea-8f798636cd84', '4d339f60-dac5-4b2a-82f8-9392c8ca90a1', NULL, 'specialty_click', '{"name":"Hải sản Cát Bà","origin":"Cát Bà"}', '2026-07-02 20:20:39.40127+07');
INSERT INTO public."AnalyticsEvents" ("Id", "ProvinceId", "ProductId", "EventType", "MetadataJson", "CreatedAt") VALUES ('edb58cc8-9619-4029-b880-23f17ae8d838', '4d339f60-dac5-4b2a-82f8-9392c8ca90a1', NULL, 'specialty_click', '{"name":"Hải sản Cát Bà","origin":"Cát Bà"}', '2026-07-02 20:23:11.50525+07');
INSERT INTO public."AnalyticsEvents" ("Id", "ProvinceId", "ProductId", "EventType", "MetadataJson", "CreatedAt") VALUES ('c21fd266-b4f5-4d3d-a02d-78ac33a8e3c6', '4d339f60-dac5-4b2a-82f8-9392c8ca90a1', NULL, 'specialty_click', '{"name":"Hải sản Cát Bà","origin":"Cát Bà"}', '2026-07-02 20:23:12.866451+07');
INSERT INTO public."AnalyticsEvents" ("Id", "ProvinceId", "ProductId", "EventType", "MetadataJson", "CreatedAt") VALUES ('5477091e-5f37-4124-a1ea-cb71b8fc46c7', '4d339f60-dac5-4b2a-82f8-9392c8ca90a1', NULL, 'specialty_click', '{"name":"Nem cua bể","origin":"Đồ Sơn"}', '2026-07-02 20:24:05.55656+07');
INSERT INTO public."AnalyticsEvents" ("Id", "ProvinceId", "ProductId", "EventType", "MetadataJson", "CreatedAt") VALUES ('4b04b782-43e5-4ae5-9248-1da8b519d06d', '4d339f60-dac5-4b2a-82f8-9392c8ca90a1', NULL, 'page_view', '{"slug":"hai-phong"}', '2026-07-02 20:51:26.570471+07');
INSERT INTO public."AnalyticsEvents" ("Id", "ProvinceId", "ProductId", "EventType", "MetadataJson", "CreatedAt") VALUES ('7b20c94c-3296-431c-bee8-54c9c75db006', 'b1c56a08-78c6-4b10-afc8-fbd974801a47', NULL, 'page_view', '{"slug":"ha-noi"}', '2026-07-03 10:13:27.523517+07');
INSERT INTO public."AnalyticsEvents" ("Id", "ProvinceId", "ProductId", "EventType", "MetadataJson", "CreatedAt") VALUES ('5ecb8be3-39d5-45dd-ad00-fec2671ae159', '4d339f60-dac5-4b2a-82f8-9392c8ca90a1', NULL, 'page_view', '{"slug":"hai-phong"}', '2026-07-03 10:13:40.293866+07');
INSERT INTO public."AnalyticsEvents" ("Id", "ProvinceId", "ProductId", "EventType", "MetadataJson", "CreatedAt") VALUES ('cbfdb7b3-55f5-48f0-bade-f72de3651969', '4d339f60-dac5-4b2a-82f8-9392c8ca90a1', NULL, 'specialty_click', '{"name":"Hải sản Cát Bà","origin":"Cát Bà"}', '2026-07-03 10:28:51.930346+07');
INSERT INTO public."AnalyticsEvents" ("Id", "ProvinceId", "ProductId", "EventType", "MetadataJson", "CreatedAt") VALUES ('f74b9346-24eb-4203-8a87-dbe1d996d9c6', '4d339f60-dac5-4b2a-82f8-9392c8ca90a1', NULL, 'page_view', '{"slug":"hai-phong"}', '2026-07-03 10:50:31.472164+07');
INSERT INTO public."AnalyticsEvents" ("Id", "ProvinceId", "ProductId", "EventType", "MetadataJson", "CreatedAt") VALUES ('308899fe-5e31-4f27-9af1-9c5bf4034e15', '4d339f60-dac5-4b2a-82f8-9392c8ca90a1', NULL, 'page_view', '{"slug":"hai-phong"}', '2026-07-03 10:50:36.809738+07');
INSERT INTO public."AnalyticsEvents" ("Id", "ProvinceId", "ProductId", "EventType", "MetadataJson", "CreatedAt") VALUES ('34718bad-f9cb-488a-a505-b2939b6c8403', '6340661a-a6c8-4b83-8800-e1ee09683092', NULL, 'page_view', '{"slug":"hue"}', '2026-07-03 10:51:01.846979+07');
INSERT INTO public."AnalyticsEvents" ("Id", "ProvinceId", "ProductId", "EventType", "MetadataJson", "CreatedAt") VALUES ('cd3f67a2-49ed-43c1-aceb-24fac1d3ee88', '6340661a-a6c8-4b83-8800-e1ee09683092', NULL, 'specialty_click', '{"name":"Bún bò Huế","origin":"Kinh thành Huế"}', '2026-07-03 10:55:08.127491+07');
INSERT INTO public."AnalyticsEvents" ("Id", "ProvinceId", "ProductId", "EventType", "MetadataJson", "CreatedAt") VALUES ('0548aa56-6d64-41a6-ba05-c6e6e60c51a9', '6340661a-a6c8-4b83-8800-e1ee09683092', NULL, 'specialty_click', '{"name":"Bánh bèo","origin":"Phố cổ Huế"}', '2026-07-03 10:55:23.140684+07');
INSERT INTO public."AnalyticsEvents" ("Id", "ProvinceId", "ProductId", "EventType", "MetadataJson", "CreatedAt") VALUES ('b5749674-5be0-4315-a4c6-1e52bd8e5d21', '6340661a-a6c8-4b83-8800-e1ee09683092', NULL, 'specialty_click', '{"name":"Bánh bèo","origin":"Phố cổ Huế"}', '2026-07-03 10:55:24.114931+07');
INSERT INTO public."AnalyticsEvents" ("Id", "ProvinceId", "ProductId", "EventType", "MetadataJson", "CreatedAt") VALUES ('b411ef57-dd56-4ba4-bbc5-5a6fda374909', '6340661a-a6c8-4b83-8800-e1ee09683092', NULL, 'specialty_click', '{"name":"Bún bò Huế","origin":"Kinh thành Huế"}', '2026-07-03 10:57:10.01679+07');
INSERT INTO public."AnalyticsEvents" ("Id", "ProvinceId", "ProductId", "EventType", "MetadataJson", "CreatedAt") VALUES ('39eec82b-7bf4-431b-97da-0257a43a5c75', '6340661a-a6c8-4b83-8800-e1ee09683092', NULL, 'specialty_click', '{"name":"Bún bò Huế","origin":"Kinh thành Huế"}', '2026-07-03 10:57:10.308808+07');
INSERT INTO public."AnalyticsEvents" ("Id", "ProvinceId", "ProductId", "EventType", "MetadataJson", "CreatedAt") VALUES ('52da160b-16ff-48ae-8e57-e806622f0fa7', '916f0a41-4661-455a-971f-ff789518d5ed', NULL, 'page_view', '{"slug":"vinh-long"}', '2026-07-03 19:08:30.81988+07');
INSERT INTO public."AnalyticsEvents" ("Id", "ProvinceId", "ProductId", "EventType", "MetadataJson", "CreatedAt") VALUES ('7c1022d5-0fe0-4275-ab6a-07f1e71ef4f4', 'b1c56a08-78c6-4b10-afc8-fbd974801a47', NULL, 'page_view', '{"slug":"ha-noi"}', '2026-07-03 19:26:22.513979+07');
INSERT INTO public."AnalyticsEvents" ("Id", "ProvinceId", "ProductId", "EventType", "MetadataJson", "CreatedAt") VALUES ('3c559ec0-e235-4445-a9f4-6de2ccec814f', 'c7c037a1-f97c-4a91-9c84-71d3e8c721b9', NULL, 'page_view', '{"slug":"ho-chi-minh"}', '2026-07-03 19:26:28.641182+07');
INSERT INTO public."AnalyticsEvents" ("Id", "ProvinceId", "ProductId", "EventType", "MetadataJson", "CreatedAt") VALUES ('4b66c551-4d6a-47c1-8935-8bd907bc8adf', 'b1c56a08-78c6-4b10-afc8-fbd974801a47', NULL, 'page_view', '{"slug":"ha-noi"}', '2026-07-03 21:14:59.834059+07');
INSERT INTO public."AnalyticsEvents" ("Id", "ProvinceId", "ProductId", "EventType", "MetadataJson", "CreatedAt") VALUES ('c78bc3c5-fef1-4f0c-a6a4-2bf6be78f405', 'b1c56a08-78c6-4b10-afc8-fbd974801a47', NULL, 'specialty_click', '{"name":"Bún Chả Hà Nội","origin":"Phố cổ Hà Nội"}', '2026-07-03 21:15:11.225848+07');
INSERT INTO public."AnalyticsEvents" ("Id", "ProvinceId", "ProductId", "EventType", "MetadataJson", "CreatedAt") VALUES ('032134f6-de36-465a-a0ae-b5ddc0c07e96', 'b1c56a08-78c6-4b10-afc8-fbd974801a47', NULL, 'page_view', '{"slug":"ha-noi"}', '2026-07-03 21:19:41.888799+07');
INSERT INTO public."AnalyticsEvents" ("Id", "ProvinceId", "ProductId", "EventType", "MetadataJson", "CreatedAt") VALUES ('bc9b56aa-8f81-4f9a-b911-1a302acc6106', 'b1c56a08-78c6-4b10-afc8-fbd974801a47', NULL, 'specialty_click', '{"name":"Chè Hà Nội","origin":"Phố Hàng Đường, Hà Nội"}', '2026-07-03 21:19:47.132172+07');
INSERT INTO public."AnalyticsEvents" ("Id", "ProvinceId", "ProductId", "EventType", "MetadataJson", "CreatedAt") VALUES ('68768a49-8c19-4719-bf47-c47632bb129d', 'b1c56a08-78c6-4b10-afc8-fbd974801a47', NULL, 'page_view', '{"slug":"ha-noi"}', '2026-07-03 21:19:59.212597+07');
INSERT INTO public."AnalyticsEvents" ("Id", "ProvinceId", "ProductId", "EventType", "MetadataJson", "CreatedAt") VALUES ('3e73dcb5-77e9-40ac-ae42-1471d0a8c480', 'b1c56a08-78c6-4b10-afc8-fbd974801a47', NULL, 'specialty_click', '{"name":"Bún Chả Hà Nội","origin":"Phố cổ Hà Nội"}', '2026-07-03 21:20:00.329747+07');
INSERT INTO public."AnalyticsEvents" ("Id", "ProvinceId", "ProductId", "EventType", "MetadataJson", "CreatedAt") VALUES ('31d455a8-d04a-4c1d-b955-00fe443068cb', '990ee6db-1ff5-43c7-a89e-53a53f137956', NULL, 'page_view', '{"slug":"gia-lai"}', '2026-07-03 21:24:48.989793+07');
INSERT INTO public."AnalyticsEvents" ("Id", "ProvinceId", "ProductId", "EventType", "MetadataJson", "CreatedAt") VALUES ('add7b3ee-8037-4179-9db9-7551f2514752', '990ee6db-1ff5-43c7-a89e-53a53f137956', NULL, 'specialty_click', '{"name":"Cơm lam","origin":"Pleiku"}', '2026-07-03 21:25:01.889557+07');
INSERT INTO public."AnalyticsEvents" ("Id", "ProvinceId", "ProductId", "EventType", "MetadataJson", "CreatedAt") VALUES ('5d4862a6-3fd0-4ffd-8880-3ab434edad5c', '990ee6db-1ff5-43c7-a89e-53a53f137956', NULL, 'page_view', '{"slug":"gia-lai"}', '2026-07-03 21:25:03.92296+07');
INSERT INTO public."AnalyticsEvents" ("Id", "ProvinceId", "ProductId", "EventType", "MetadataJson", "CreatedAt") VALUES ('fbf98149-0816-4412-9075-7584ea7daea4', '9f882341-5b8e-424b-8da9-fda0de6ee9b9', NULL, 'page_view', '{"slug":"ca-mau"}', '2026-07-03 21:25:17.667354+07');


ALTER TABLE public."AnalyticsEvents" ENABLE TRIGGER ALL;

--
-- TOC entry 4995 (class 0 OID 25692)
-- Dependencies: 227
-- Data for Name: ProductInfographics; Type: TABLE DATA; Schema: public; Owner: postgres
--

ALTER TABLE public."ProductInfographics" DISABLE TRIGGER ALL;

INSERT INTO public."ProductInfographics" ("Id", "ProductId", "Status", "CreatedAt", "UpdatedAt", "PublishedAt") VALUES ('78300cb2-7f07-4d18-b8d9-394ed4bcb202', '4517a05e-6db1-4c16-80d2-9be12d135047', 2, '2026-06-19 22:09:59.518114+07', '2026-07-02 19:37:21.771875+07', '2026-07-02 19:37:21.771874+07');
INSERT INTO public."ProductInfographics" ("Id", "ProductId", "Status", "CreatedAt", "UpdatedAt", "PublishedAt") VALUES ('74529105-6b93-417d-a764-f8b905556bcd', '388bdbc5-432f-4676-b1cf-b530d6a8b790', 2, '2026-07-03 10:21:43.249757+07', '2026-07-03 10:50:14.319769+07', '2026-07-03 10:50:14.319769+07');
INSERT INTO public."ProductInfographics" ("Id", "ProductId", "Status", "CreatedAt", "UpdatedAt", "PublishedAt") VALUES ('fa85608a-62d6-4524-a0e7-3a380897f7d0', '5e9d8b19-e49e-4d69-a500-6d99219bdf70', 2, '2026-07-02 19:36:56.344463+07', '2026-07-02 20:03:40.617124+07', '2026-07-02 20:03:40.617124+07');
INSERT INTO public."ProductInfographics" ("Id", "ProductId", "Status", "CreatedAt", "UpdatedAt", "PublishedAt") VALUES ('42d725c6-dd5a-42ca-acc7-d39bc6db7f49', '423fb79f-1d5c-499c-841a-8149d761c33a', 2, '2026-07-01 09:58:06.706229+07', '2026-07-01 10:46:20.885488+07', '2026-07-01 10:46:20.885488+07');
INSERT INTO public."ProductInfographics" ("Id", "ProductId", "Status", "CreatedAt", "UpdatedAt", "PublishedAt") VALUES ('5a10eb2c-dc8f-4da8-b2f9-fe4a03c0edfa', '0403aea0-7e22-445e-8c6d-b1d748355445', 2, '2026-07-02 20:23:57.590537+07', '2026-07-03 11:28:56.755114+07', '2026-07-03 11:28:56.755113+07');
INSERT INTO public."ProductInfographics" ("Id", "ProductId", "Status", "CreatedAt", "UpdatedAt", "PublishedAt") VALUES ('b33efe2f-cf38-4dcb-852f-3944dc5db52c', 'b1acb89e-db18-4f1d-82c9-7830be209282', 2, '2026-07-03 10:56:59.043929+07', '2026-07-03 11:29:08.77051+07', '2026-07-03 11:29:08.770509+07');
INSERT INTO public."ProductInfographics" ("Id", "ProductId", "Status", "CreatedAt", "UpdatedAt", "PublishedAt") VALUES ('a1387f5f-fe3e-4783-addb-83f3bb58d93d', '03379fa1-7868-4637-9681-a4c78e61a162', 2, '2026-06-19 22:09:59.467332+07', '2026-07-03 21:14:29.447445+07', '2026-07-03 21:14:29.447381+07');
INSERT INTO public."ProductInfographics" ("Id", "ProductId", "Status", "CreatedAt", "UpdatedAt", "PublishedAt") VALUES ('b2a66e42-ba94-4545-8214-120d5d087414', '3cdefd03-0f84-4292-aaee-6887d5643796', 2, '2026-06-19 20:32:38.961949+07', '2026-06-30 11:03:43.597559+07', '2026-06-30 11:03:43.597559+07');
INSERT INTO public."ProductInfographics" ("Id", "ProductId", "Status", "CreatedAt", "UpdatedAt", "PublishedAt") VALUES ('1f2034c5-0aa6-4674-924f-7a7f420ea219', '1d53c089-80ad-4c6a-bad6-b650efe8b85a', 2, '2026-06-19 22:09:59.564922+07', '2026-07-03 21:14:40.348481+07', '2026-07-03 21:14:40.348481+07');


ALTER TABLE public."ProductInfographics" ENABLE TRIGGER ALL;

--
-- TOC entry 4996 (class 0 OID 25702)
-- Dependencies: 228
-- Data for Name: InfographicBlocks; Type: TABLE DATA; Schema: public; Owner: postgres
--

ALTER TABLE public."InfographicBlocks" DISABLE TRIGGER ALL;

INSERT INTO public."InfographicBlocks" ("Id", "ProductInfographicId", "BlockType", "LayoutType", "SortOrder", "IsVisible", "DataJson", "CreatedAt", "UpdatedAt") VALUES ('46f90863-e5de-4bfc-9b62-7c5ae14462c7', '78300cb2-7f07-4d18-b8d9-394ed4bcb202', 2, 16, 7, true, '{"marginTop":0,"marginBottom":0,"textAlign":"left","textColor":"#333333","visibility":"all","title":"Quán bánh cuốn ngon gần đây","restaurants":[{"name":"Bánh Cuốn Thanh Trì","address":"30 P. Thanh Đàm, Vĩnh Hưng","mapUrl":"https://maps.app.goo.gl/xn5bu3zBLnBYERqq7","image":{"url":"https://lh3.googleusercontent.com/gps-cs-s/APNQkAGaW4lcPfVdJ2VnFgUoYWfI4HxBMIHYfU02MkHCRSwxLcnRu532hmqROp6gfhlub7do2Lt5kqu9ILVnWzMBcesNd7v03MmVqirkmC8nwdi_4vagQ0nJKz9WKrIm8_2GzGFOoG8s=w408-h408-k-no","scale":"cover","focalPoint":"center"}},{"name":"Bánh cuốn Thanh Trì cô Tuyên","address":"3a, ngõ 924/115 Đ. Nguyễn Khoái, Vĩnh Hưng","mapUrl":"https://maps.app.goo.gl/KBLqKew2Sj6XM9Sk8","image":{"url":"https://lh3.googleusercontent.com/gps-cs-s/APNQkAGnJEJ6O1ZHhueBdxo5gCmMjH8aMdPqysPvmBnaWaUuE0HX9220FKxiHksmsfQrs4b6iU-dPdtcVOK2Yp5cTg7mEM-d_X3ulijb9WQhIm5oF9zRVgZqz9fBUNf2eaiDrIZwjSHi=w408-h408-k-no","scale":"cover","focalPoint":"center"}},{"name":"Bánh Cuốn Thanh Trì Việt Lý","address":"902 Đ. Nguyễn Khoái, Tổ DP số 30, Vĩnh ","mapUrl":"https://maps.app.goo.gl/nHQvzScoDSGPfpr56","image":{"url":"https://lh3.googleusercontent.com/gps-cs-s/APNQkAFF-LiNz17OVrK044c1VqV-BjF5T1MCHxIKnnb1oTrVjs8KGk8fRACRYqNy-TQD7fFvJ6j_4akjPefbWDznrY46NEUen4oO3HYe9ZoWvzMRx7PC5yupLGTcU9kXjZivd6vkS9H8Ug=w408-h544-k-no","scale":"cover","focalPoint":"53% 1%"}}]}', '2026-07-02 19:37:21.723333+07', '2026-07-02 19:37:21.723333+07');
INSERT INTO public."InfographicBlocks" ("Id", "ProductInfographicId", "BlockType", "LayoutType", "SortOrder", "IsVisible", "DataJson", "CreatedAt", "UpdatedAt") VALUES ('96027619-11c8-43b8-bc30-f2ae2891163a', '78300cb2-7f07-4d18-b8d9-394ed4bcb202', 2, 2, 1, true, '{"title":"Giới thiệu","content":"<p style=\"text-align:justify;\">Bánh cuốn Thanh Trì là một trong những món ăn lâu đời và thanh nhã của Hà Nội, nổi tiếng với lớp bánh trắng mỏng, mềm mịn như lụa. Không nhân cầu kỳ như nhiều loại bánh cuốn khác, bánh cuốn Thanh Trì chinh phục thực khách bằng hương thơm của gạo mới, vị ngọt thanh của nước chấm và nét tinh tế trong từng công đoạn chế biến.</p>","image":{"url":"https://static.vinwonders.com/production/banh-cuon-thanh-tri-4.jpeg","scale":"cover","focalPoint":"center"}}', '2026-07-02 19:37:21.723004+07', '2026-07-02 19:37:21.723004+07');
INSERT INTO public."InfographicBlocks" ("Id", "ProductInfographicId", "BlockType", "LayoutType", "SortOrder", "IsVisible", "DataJson", "CreatedAt", "UpdatedAt") VALUES ('bbb42e8d-576b-4e49-99f8-4c00c649a053', '78300cb2-7f07-4d18-b8d9-394ed4bcb202', 8, 14, 4, true, '{"marginTop":0,"marginBottom":0,"textAlign":"left","textColor":"#333333","visibility":"all","title":"THÀNH PHẦN CHÍNH","subtitle":"","items":[{"image":{"url":"https://cdn.baophapluat.vn/w3840/uploaded/images/2026/03/20/5724b514-75cf-4b48-9531-2b10114da736.jpg","scale":"cover","focalPoint":"center"},"title":"BÁNH CUỐN","description":"<p>• Gạo tẻ ngon (ủ vừa độ).<br>• Nước sạch tinh khiết.<br>• Một chút muối hạt tạo độ đậm cho cốt bột.</p>","tag":""},{"image":{"url":"https://mayviendong.vn/wp-content/uploads/2020/06/maxresdefault.jpg","scale":"cover","focalPoint":"center"},"title":"HÀNH PHI","description":"<p>• Hành củ tươi thái mỏng.<br>• Chao dầu đều tay.<br>• Đạt độ vàng ruộm và giòn rụm tự nhiên.</p>","tag":""},{"image":{"url":"https://cdn.tgdd.vn/2022/01/CookRecipe/GalleryStep/thanh-pham-93.jpg","scale":"cover","focalPoint":"68% 100%"},"title":"CHẢ QUẾ","description":"<p>• Chả quế nướng thơm lừng.<br>• Hoặc chả lụa Ước Lễ đượm vị.<br>• Cắt vát mỏng bày cạnh bánh.</p>","tag":""},{"image":{"url":"https://cdn3.ivivu.com/2022/09/n%C6%B0%E1%BB%9Bc-ch%E1%BA%A5m.jpg","scale":"cover","focalPoint":"center"},"title":"NƯỚC CHẤM","description":"<p>• Nước mắm cốt nguyên chất.<br>• Tỷ lệ vàng cùng đường, giấm hoặc chanh.<br>• Điểm xuyết tỏi và ớt băm.</p>","tag":""}],"backgroundColor":"#fafafa"}', '2026-07-02 19:37:21.723257+07', '2026-07-02 19:37:21.723258+07');
INSERT INTO public."InfographicBlocks" ("Id", "ProductInfographicId", "BlockType", "LayoutType", "SortOrder", "IsVisible", "DataJson", "CreatedAt", "UpdatedAt") VALUES ('5401aa82-b948-489b-a7d8-536ff36f9202', 'b33efe2f-cf38-4dcb-852f-3944dc5db52c', 2, 16, 6, true, '{"marginTop":0,"marginBottom":0,"textAlign":"left","textColor":"#333333","visibility":"all","title":"Gợi ý quán ngon","restaurants":[{"name":"Bún bò Mệ Kéo","address":"20 Bạch Đằng, tổ 19, Phú Xuân","mapUrl":"https://maps.app.goo.gl/AK7Sd3zDU6AGFo7S8","image":{"url":"https://lh3.googleusercontent.com/gps-cs-s/APNQkAHzOEOTBvedctMsREuhymYZxn5Lo1GkQ8kliYUmfHZf0GpLgq8f4qw-oJKjW90VSyYWatOhVnC6yB_UnlbykDQEOgPFkAUcnMceixNmK3qYcVZxgCrwAbn3qzdNqc0i6wQT43-yD0InIxuP=w408-h408-k-no","scale":"cover","focalPoint":"48% 1%"}},{"name":"Bún bò Mụ Rơi","address":"40 Nguyễn Chí Diểu, Phú Xuân","mapUrl":"https://maps.app.goo.gl/nyU7yDayMZa23zF28","image":{"url":"https://lh3.googleusercontent.com/gps-cs-s/APNQkAFhQB_hHnTT5yLo1mYMGYoUox_WIpzvyuJ2MobELL-gkoNDy_fXm0wq-IUI29-g7zPYb9K2jL36_zu8LYRHqBAzD37F4E9GiLsOxHWwSrCVGlg-67gGNmS2OMfTTLfDveX_olrbRIgd6YRg=w426-h240-k-no","scale":"cover","focalPoint":"49% 42%"}},{"name":"Bún cơm nguội Cảnh Vân","address":"198B kiet 4 Chi Lăng tổ 3, Phú Xuân","mapUrl":"https://maps.app.goo.gl/HQZfuQPVbCCdKgqR9","image":{"url":"https://lh3.googleusercontent.com/gps-cs-s/APNQkAHDrfk5CvkN0eJ6YbutV9sgbQsJ2zFKGq8co4suCeSYc6WO0xOL4bMALHBLllZSiwXJJeh_DSUqXVoW5RaPzDCppjnWKeBwUEbGjHi0cWeEaZrIUQkIwAELw96v3vkWFw2TVXJY=w426-h240-k-no","scale":"cover","focalPoint":"center"}}]}', '2026-07-03 11:29:08.755846+07', '2026-07-03 11:29:08.755846+07');
INSERT INTO public."InfographicBlocks" ("Id", "ProductInfographicId", "BlockType", "LayoutType", "SortOrder", "IsVisible", "DataJson", "CreatedAt", "UpdatedAt") VALUES ('6e29b5a2-b5fb-4f1e-8b89-9d48d01154c9', 'b33efe2f-cf38-4dcb-852f-3944dc5db52c', 8, 14, 3, true, '{"marginTop":0,"marginBottom":0,"textAlign":"left","textColor":"#333333","visibility":"all","title":"NGUYÊN LIỆU CHÍNH","subtitle":"","items":[{"image":{"url":"https://cdn.yeutre.vn/medias/webnauan.vn/33/33906/cach-nau-nuoc-dung-bun-bo-hue-600x400.jpg","scale":"cover","focalPoint":"center"},"title":"NƯỚC DÙNG ĐẬM ĐÀ","description":"<p>• Xương bò/heo hầm từ 8–12 giờ.<br>• Sả cây đập dập, hành gừng nướng.<br>• Mắm ruốc Huế cốt truyền thống.<br>• Dầu điều và dầu ớt đỏ rực.</p>","tag":""},{"image":{"url":"https://bunminhngoc.com/uploads/source/san-pham/soi-bun-bo.jpg","scale":"cover","focalPoint":"center"},"title":"SỢI BÚN HUẾ","description":"<p>• Sợi bún tròn, to đặc trưng.<br>• Làm từ gạo tinh tuyển.<br>• Đạt độ dai mềm chuẩn mực, thấm đều nước dùng.</p>","tag":""},{"image":{"url":"https://laque.vn/wp-content/uploads/2022/06/bb3.jpg","scale":"cover","focalPoint":"center"},"title":"THỊT BÒ PHONG PHÚ","description":"<p>• Bắp bò, nạm bò tươi ngon.<br>• Gân bò giòn, giò heo béo ngậy.<br>• Chả cua Huế vàng óng, tiết heo mềm bùi.</p>","tag":""},{"image":{"url":"https://giadinh.mediacdn.vn/2020/4/14/photo-1-15868738032831376310491.jpg","scale":"cover","focalPoint":"center"},"title":"RAU VÀ GIA VỊ KÈM","description":"<p>• Hoa chuối bào, rau muống chẻ.<br>• Giá đỗ, xà lách, húng quế.<br>• Chanh tươi, ớt chưng và giấm tỏi.</p>","tag":""}],"backgroundColor":"#fafafa"}', '2026-07-03 11:29:08.755809+07', '2026-07-03 11:29:08.755809+07');
INSERT INTO public."InfographicBlocks" ("Id", "ProductInfographicId", "BlockType", "LayoutType", "SortOrder", "IsVisible", "DataJson", "CreatedAt", "UpdatedAt") VALUES ('ea5ab1b2-47be-4fa7-ae33-34954872d4bb', '42d725c6-dd5a-42ca-acc7-d39bc6db7f49', 2, 17, 4, true, '{"marginTop":0,"marginBottom":0,"textAlign":"left","textColor":"#333333","visibility":"all","topText":"<h2>Cảm nhận hương vị</h2>\n<p style=\"text-align:justify;\">Hạt xôi tơi rời, dẻo bùi thơm mùi nếp mới hòa quyện nhịp nhàng với bát chè hoa cau sánh nhẹ, ngọt thanh không gắt. Tổng thể mang đến sự cân bằng, thanh nhã đặc trưng của ẩm thực Hà Nội.</p>","image":{"url":"https://media.suckhoecong.vn/Images/2025/03/28/z6450887833669_09a5d2f25d7af23ae3ce8e5da13b8a4e-15382192-250328153821.jpg","scale":"cover","focalPoint":"center"},"bottomText":"<h2 style=\"text-align:justify;\">Thưởng thức tại quán:</h2><p style=\"text-align:justify;\">Thưởng thức bát chè hoa cau lúc còn ấm nóng, cảm nhận rõ hương hoa bưởi phảng phất.</p><h2 style=\"text-align:justify;\"><br>Đặt hàng Online:</h2><p style=\"text-align:justify;\">Cặp món này cực kỳ dễ đóng gói mang đi; xôi tơi ráo không bị dính khối, chè được đóng hộp kín giữ nhiệt tốt.</p>","backgroundColor":"#ffffff"}', '2026-07-01 10:46:20.837543+07', '2026-07-01 10:46:20.837543+07');
INSERT INTO public."InfographicBlocks" ("Id", "ProductInfographicId", "BlockType", "LayoutType", "SortOrder", "IsVisible", "DataJson", "CreatedAt", "UpdatedAt") VALUES ('18b1eef1-752d-4c37-a1f0-17d222919449', 'fa85608a-62d6-4524-a0e7-3a380897f7d0', 2, 3, 1, true, '{"marginTop":0,"marginBottom":0,"textAlign":"left","textColor":"#333333","visibility":"all","title":"Giới thiệu","content":"<p style=\"text-align:justify;\">Bánh đa cua là món ăn tiêu biểu của Hải Phòng, gắn liền với đời sống người dân thành phố cảng suốt nhiều thế hệ. Nổi bật với sợi bánh đa đỏ đặc trưng, nước dùng ngọt thanh từ cua đồng và nhiều loại topping hấp dẫn, món ăn mang hương vị mộc mạc nhưng đậm đà, trở thành niềm tự hào trong bản sắc ẩm thực Hải Phòng.</p>","image":{"url":"https://statics.vinpearl.com/banh-da-cua-hai-phong-o-ha-noi-1_1687012182.jpg","scale":"cover","focalPoint":"center"},"backgroundColor":"#ffffff"}', '2026-07-02 20:03:40.584695+07', '2026-07-02 20:03:40.584695+07');
INSERT INTO public."InfographicBlocks" ("Id", "ProductInfographicId", "BlockType", "LayoutType", "SortOrder", "IsVisible", "DataJson", "CreatedAt", "UpdatedAt") VALUES ('945031b5-741f-4cb9-a459-56353223aa1c', 'b2a66e42-ba94-4545-8214-120d5d087414', 2, 3, 2, true, '{"marginTop":0,"marginBottom":0,"textAlign":"left","textColor":"#333333","visibility":"all","title":"Ra đời","content":"<p style=\"text-align:justify;\">Xuất hiện vào cuối thế kỷ XIX, đầu thế kỷ XX tại vùng đồng bằng Bắc Bộ và nhanh chóng phát triển mạnh ở Hà Nội. Gắn liền từ những gánh phở rong trên phố cổ đến các quán gia truyền nổi tiếng, trở thành một phần không thể thiếu trong đời sống thường nhật của người dân thủ đô.</p>","image":{"url":"https://static.vinwonders.com/production/Pho-ga-Ha-Noi-9.jpg","scale":"cover","focalPoint":"center"},"backgroundColor":"#ffffff"}', '2026-06-30 11:03:43.583315+07', '2026-06-30 11:03:43.583316+07');
INSERT INTO public."InfographicBlocks" ("Id", "ProductInfographicId", "BlockType", "LayoutType", "SortOrder", "IsVisible", "DataJson", "CreatedAt", "UpdatedAt") VALUES ('11e2d4b0-671e-4853-98ea-3b247d34b87f', '5a10eb2c-dc8f-4da8-b2f9-fe4a03c0edfa', 8, 14, 3, true, '{"marginTop":0,"marginBottom":0,"textAlign":"left","textColor":"#333333","visibility":"all","title":"NGUYÊN LIỆU CHÍNH","subtitle":"","items":[{"image":{"url":"https://i.ytimg.com/vi/VWeG7sYElpc/hq720.jpg?sqp=-oaymwEhCK4FEIIDSFryq4qpAxMIARUAAAAAGAElAADIQj0AgKJD&rs=AOn4CLAnNdJ3CDLnLaMx7t9tb-FP7HXcGg","scale":"cover","focalPoint":"center"},"title":"NHÂN CUA ĐỒNG QUÊ","description":"Sợi bún trắng mềm, thanh vị, được làm từ gạo tinh tuyển.","tag":""},{"image":{"url":"https://vcdn1-giadinh.vnecdn.net/2022/11/19/Buoc-2-2-6089-1668826337.jpg?w=1020&h=0&q=100&dpr=1&fit=crop&s=HYFtGt_AQroLvURXq79JBQ","scale":"cover","focalPoint":"center"},"title":"HẢI SẢN & RAU CỦ","description":"<p>• Thịt vai xay, mộc nhĩ, nấm hương, miến<br>•&nbsp;Rau củ quả thái nhỏ<br>• 2 - 3 lòng đỏ trứng gà</p>","tag":""},{"image":{"url":"https://photo.znews.vn/w660/Uploaded/ngotno/2020_03_15/halo.jpg","scale":"cover","focalPoint":"center"},"title":"VỎ BÁNH ĐA NEM","description":"<p>• Bánh đa nem bản lớn đặc trưng.<br>• Độ dẻo dai cao để gói nhân vuông.<br>• Khi chiên tạo độ giòn xốp dứt khoát.</p>","tag":""},{"image":{"url":"https://static.hawonkoo.vn/hwk02/images/2024/04/lam-nuoc-mam-cham-nem-cua-be.jpg","scale":"cover","focalPoint":"center"},"title":"ĐỒ ĂN KÈM VÀ NƯỚC CHẤM","description":"<p>• Nước mắm pha chua ngọt.<br>• Đu đủ xanh hoặc dưa góp ngâm.<br>• Rau xà lách và rau thơm vùng biển.</p>","tag":""}],"backgroundColor":"#fafafa"}', '2026-07-03 11:28:56.736795+07', '2026-07-03 11:28:56.736795+07');
INSERT INTO public."InfographicBlocks" ("Id", "ProductInfographicId", "BlockType", "LayoutType", "SortOrder", "IsVisible", "DataJson", "CreatedAt", "UpdatedAt") VALUES ('229e6abc-1d61-4b1e-aa7b-022eef7ed934', '5a10eb2c-dc8f-4da8-b2f9-fe4a03c0edfa', 2, 3, 2, true, '{"title":"Nguồn gốc","content":"<p style=\"text-align: justify; text-align-last: right;\">Ra đời tại Hải Phòng – thành phố cảng nổi tiếng với nguồn hải sản phong phú. Khác với nem rán truyền thống có dạng cuốn dài, người dân Hải Phòng đã sáng tạo nên chiếc nem hình vuông để chứa được nhiều nhân cua và hải sản hơn, giúp món ăn có hình thức đẹp mắt. Món ăn nhanh chóng trở thành một phần đặc trưng trong đời sống thường nhật và các dịp lễ, tiệc cưới địa phương</p>","image":{"url":"https://i-giadinh.vnecdn.net/2024/12/26/Thanhpham11-1735198211-1599-1735198217.jpg","scale":"cover","focalPoint":"bottom"},"textAlign":"right","marginTop":-30,"marginBottom":20}', '2026-07-03 11:28:56.736765+07', '2026-07-03 11:28:56.736766+07');
INSERT INTO public."InfographicBlocks" ("Id", "ProductInfographicId", "BlockType", "LayoutType", "SortOrder", "IsVisible", "DataJson", "CreatedAt", "UpdatedAt") VALUES ('2dae62c7-4afb-4532-9d82-1b4d16bf8492', '5a10eb2c-dc8f-4da8-b2f9-fe4a03c0edfa', 8, 14, 5, true, '{"marginTop":0,"marginBottom":0,"textAlign":"left","textColor":"#333333","visibility":"all","title":"ĐẶC TRƯNG HƯƠNG VỊ & ĐIỂM CHẠM THỰC TẾ","subtitle":"\"Muốn cảm nhận hương vị đất Cảng, hãy bắt đầu bằng một bát bánh đa cua nóng hổi.\"","items":[{"image":{"url":"https://chaca.com.vn/wp-content/uploads/2023/12/nem-cua-be.jpg","scale":"cover","focalPoint":"center"},"title":"Cảm nhận hương vị","description":"<p style=\"text-align:justify;\">Lớp vỏ giòn rụm, vàng óng bùng nổ vị giác ngay miếng cắn đầu tiên. Phần nhân cua biển ngọt tự nhiên hòa quyện với tôm, thịt băm và rau củ mềm ẩm bên trong, béo bùi vừa vặn mà không ngấy. Bát nước chấm chua ngọt thanh dịu cùng đu đủ xanh ngâm tạo nên sự cân bằng hương vị tròn đầy, tinh tế.</p>","tag":""},{"image":{"url":"https://vcdn1-dulich.vnecdn.net/2023/07/04/IMG-9865-1-1-6372-1688460337.jpg?w=1020&h=0&q=100&dpr=2&fit=crop&s=cpk-ku2FZN5iu5G-ix4bHg","scale":"cover","focalPoint":"center"},"title":"Thưởng thức","description":"<ul><li><strong>Thưởng thức tại quán</strong><br>Thưởng thức nem ngay khi vừa nhấc ra khỏi chảo dầu sôi, nem giữ được độ giòn tan, nhân nóng hổi đánh thức mọi giác quan.</li><li><strong>Đặt hàng Online</strong><br>Hoàn toàn có thể đặt hàng trực tuyến mang đi. Nhiều nhà hàng có phiên bản nem hút chân không hoặc nem chiên sơ kèm túi đá/hướng dẫn chiên lại bằng nồi chiên không dầu rất tiện lợi.</li></ul>","tag":""}],"backgroundColor":"#fafafa"}', '2026-07-03 11:28:56.736821+07', '2026-07-03 11:28:56.736821+07');
INSERT INTO public."InfographicBlocks" ("Id", "ProductInfographicId", "BlockType", "LayoutType", "SortOrder", "IsVisible", "DataJson", "CreatedAt", "UpdatedAt") VALUES ('def21c32-98ae-49d8-b3e5-87f56f1ca89b', '78300cb2-7f07-4d18-b8d9-394ed4bcb202', 2, 3, 3, true, '{"marginTop":0,"marginBottom":0,"textAlign":"left","textColor":"#931515","visibility":"all","title":"Nguồn gốc","content":"<p style=\"text-align:justify; color:#000000\">Có nguồn gốc từ làng cổ Thanh Trì, nằm ở phía Nam kinh thành Thăng Long xưa (nay thuộc quận Hoàng Mai, Hà Nội). Nghề bánh đã tồn tại hàng trăm năm, gắn liền với hình ảnh những gánh bánh cuốn và tiếng rao quen thuộc của các bà, các mẹ trong ngõ phố cổ từ tờ mờ sáng. Phiên bản truyền thống hoàn toàn không có nhân, chỉ tập trung tôn vinh hương vị nguyên bản của gạo và nước chấm</p>","image":{"url":"https://imagevietnam.vnanet.vn//MediaUpload/Org/2026/05/11/111-10-49-40.jpg","scale":"cover","focalPoint":"center"},"backgroundColor":"#ffffff"}', '2026-07-02 19:37:21.723093+07', '2026-07-02 19:37:21.723093+07');
INSERT INTO public."InfographicBlocks" ("Id", "ProductInfographicId", "BlockType", "LayoutType", "SortOrder", "IsVisible", "DataJson", "CreatedAt", "UpdatedAt") VALUES ('ac90a99e-e4f2-4ee5-ab1d-e44ee77e167e', 'b2a66e42-ba94-4545-8214-120d5d087414', 2, 17, 4, true, '{"marginTop":0,"marginBottom":0,"textAlign":"left","textColor":"#333333","visibility":"all","topText":"<h2 style=\"text-align:justify;\">Cảm nhận hương vị</h2><p style=\"text-align:justify;\">Nước dùng trong, ngọt thanh sâu từ xương hầm hòa quyện. Bánh phở mềm, thịt ngọt tự nhiên, tạo nên tổng thể thanh nhẹ.</p>","image":{"url":"https://static.vinwonders.com/production/pho-ha-noi-banner.jpg","scale":"cover","focalPoint":"center"},"bottomText":"<h2 style=\"text-align:right;\">Thưởng thức tại quán</h2><p style=\"text-align:justify;text-align-last:right;\">Thưởng thức phở ngay khi vừa chan nước dùng sôi sùng sục để cảm nhận hơi nóng đánh thức các giác quan trong tiết trời se lạnh.</p>","backgroundColor":"#ffffff"}', '2026-06-30 11:03:43.583554+07', '2026-06-30 11:03:43.583554+07');
INSERT INTO public."InfographicBlocks" ("Id", "ProductInfographicId", "BlockType", "LayoutType", "SortOrder", "IsVisible", "DataJson", "CreatedAt", "UpdatedAt") VALUES ('dd886a79-187c-43dd-b088-c7625d4bbf62', 'b2a66e42-ba94-4545-8214-120d5d087414', 2, 3, 1, true, '{"marginTop":0,"marginBottom":0,"textAlign":"left","textColor":"#794216","visibility":"all","title":"GIỚI THIỆU","content":"<p style=\"text-align:justify;\">Phở Hà Nội là món ăn biểu tượng của ẩm thực Việt Nam, gắn liền với hình ảnh thủ đô ngàn năm văn hiến. Với nước dùng trong, ngọt thanh từ xương hầm, bánh phở mềm mịn và thịt bò hoặc gà tươi ngon, phở không chỉ là một món ăn mà còn là niềm tự hào văn hóa, được bạn bè quốc tế biết đến và yêu thích.</p>","image":{"url":"https://media-cdn-v2.laodong.vn/storage/newsportal/2024/10/4/1403601/Pho-1-6.jpg","scale":"cover","focalPoint":"7% 89%"},"backgroundColor":"#ffffff"}', '2026-06-30 11:03:43.583276+07', '2026-06-30 11:03:43.583277+07');
INSERT INTO public."InfographicBlocks" ("Id", "ProductInfographicId", "BlockType", "LayoutType", "SortOrder", "IsVisible", "DataJson", "CreatedAt", "UpdatedAt") VALUES ('e7093c1f-9bc5-4ed5-9a68-72ac18dc7735', '78300cb2-7f07-4d18-b8d9-394ed4bcb202', 2, 4, 2, true, '{"title":"Nghệ thuật tráng bánh","content":"<p style=\"text-align:justify;\">Tráng bánh cuốn là một nghệ thuật đòi hỏi sự khéo léo và kiên nhẫn. Bột gạo được pha loãng, đổ một lớp mỏng lên mặt vải căng trên nồi nước sôi. Chỉ vài chục giây, lớp bánh trong suốt đã chín và được nhẹ nhàng cuộn lại với nhân thịt thơm ngon.</p>"}', '2026-07-02 19:37:21.723069+07', '2026-07-02 19:37:21.723069+07');
INSERT INTO public."InfographicBlocks" ("Id", "ProductInfographicId", "BlockType", "LayoutType", "SortOrder", "IsVisible", "DataJson", "CreatedAt", "UpdatedAt") VALUES ('eadd3796-8a3e-4af5-82f6-2be132c1838d', '78300cb2-7f07-4d18-b8d9-394ed4bcb202', 2, 17, 5, true, '{"marginTop":0,"marginBottom":0,"textAlign":"left","textColor":"#333333","visibility":"all","topText":"<h2>Cảm nhận hương vị</h2><p style=\"text-align:justify;\">Lớp bánh mỏng mềm như lụa, phảng phất hương thơm dịu của gạo mới, thanh nhẹ và không hề gây ngấy. Vị hành phi vàng giòn béo ngậy phối hợp nhịp nhàng với bát nước mắm pha chua ngọt tinh tế làm dậy lên hương vị nguyên bản mộc mạc.</p>","image":{"url":"https://hnm.1cdn.vn/2020/08/27/nhipsonghanoi.hanoimoi.com.vn-uploads-images-phananh-2020-08-27-_banh-cuon.jpg","scale":"cover","focalPoint":"center"},"bottomText":"<h2>Thưởng thức tại quán</h2><p>Khuyên dùng vào buổi sáng tại các ngõ phố nhỏ ven đường để cảm nhận sự bình yên và tinh tế của Hà Nội xưa.</p><h2>Đặt hàng Online</h2><p>Đặc sản này hoàn toàn có thể đặt mang đi. Lớp bánh dai mát tự nhiên kết hợp với hành phi để riêng giữ độ giòn, nước chấm đóng chai kín đáo rất tiện lợi.</p>","backgroundColor":"#ffffff"}', '2026-07-02 19:37:21.723288+07', '2026-07-02 19:37:21.723288+07');
INSERT INTO public."InfographicBlocks" ("Id", "ProductInfographicId", "BlockType", "LayoutType", "SortOrder", "IsVisible", "DataJson", "CreatedAt", "UpdatedAt") VALUES ('f941a8ad-9c3d-40db-af4a-4be1b752dd90', '78300cb2-7f07-4d18-b8d9-394ed4bcb202', 4, 6, 6, true, '{"marginTop":0,"marginBottom":0,"textAlign":"left","textColor":"#333333","visibility":"all","title":"Lịch sử","steps":[{"year":"Hàng trăm năm trước","title":"Ra đời","description":"Tại làng cổ Thanh Trì vùng ven Thăng Long."},{"year":"Đầu thế kỷ XX","title":"","description":"<p>Những gánh hàng rong tỏa đi khắp nẻo phố nội thành Hà Nội.</p>"},{"year":"Cuối thế kỷ XX","title":"","description":"Phục vụ rộng rãi tại quán ăn, trở thành món điểm tâm tiêu biểu."},{"year":"Hiện nay","title":"Di sản","description":"Món ăn đặc sản nhất định phải thử của du khách quốc tế."}],"backgroundColor":"#ffffff"}', '2026-07-02 19:37:21.723306+07', '2026-07-02 19:37:21.723306+07');
INSERT INTO public."InfographicBlocks" ("Id", "ProductInfographicId", "BlockType", "LayoutType", "SortOrder", "IsVisible", "DataJson", "CreatedAt", "UpdatedAt") VALUES ('2726b525-691e-4044-a49c-3f738876021f', 'b2a66e42-ba94-4545-8214-120d5d087414', 1, 1, 0, true, '{"title":"Phở Hà Nội","subtitle":"Hương vị truyền thống ngàn năm thơm ngon","imageUrl":"/Images/pho-bo-ha-noi.jpeg","image":{"url":"/uploads/infographics/pho1.jpg","scale":"cover","focalPoint":"100% 49%"},"textAlign":"center","description":"<p><i>\"Tinh hoa trong từng bát nước dùng – linh hồn của ẩm thực Hà Thành\"</i></p>"}', '2026-06-30 11:03:43.583193+07', '2026-06-30 11:03:43.583193+07');
INSERT INTO public."InfographicBlocks" ("Id", "ProductInfographicId", "BlockType", "LayoutType", "SortOrder", "IsVisible", "DataJson", "CreatedAt", "UpdatedAt") VALUES ('447465aa-9ef1-49c6-8426-88da81242cb9', 'b2a66e42-ba94-4545-8214-120d5d087414', 2, 16, 6, true, '{"marginTop":0,"marginBottom":0,"textAlign":"left","textColor":"#333333","visibility":"all","restaurants":[{"name":"Phở Bát Đàn","address":"49 Bát Đàn, Quận Hoàn Kiếm, Hà Nội","mapUrl":"https://maps.app.goo.gl/kmaTkwpvHSd91KFCA","image":{"url":"https://mia.vn/media/uploads/blog-du-lich/Pho-bat-dan-pho-gia-truyen-100-nam-tuoi-tai-ha-noi-01-1639325605.jpg","scale":"cover","focalPoint":"48% 2%"}},{"name":"Phở Thìn bờ hồ","address":"Số 61 Đinh Tiên Hoàng, Quận Hoàn Kiếm, Hà Nội","mapUrl":"https://maps.app.goo.gl/GYuKQnzKbEBbuoor5","image":{"url":"https://phothin1955.vn/sites/default/files/inline-images/pho-thi-bo-ho2.jpg","scale":"cover","focalPoint":"46% 2%"}},{"name":"Phở Lý Quốc Sư","address":"10 Lý Quốc Sư, Quận Hoàn Kiếm, Hà Nội","mapUrl":"https://maps.app.goo.gl/d72TSABuEuU4JCR29","image":{"url":"https://streetviewpixels-pa.googleapis.com/v1/thumbnail?panoid=uU-vH1vn3m_qgi38179d0w&cb_client=search.gws-prod.gps&w=408&h=240&yaw=246.01093&pitch=0&thumbfov=100","scale":"cover","focalPoint":"10% 47%"}}]}', '2026-06-30 11:03:43.583604+07', '2026-06-30 11:03:43.583604+07');
INSERT INTO public."InfographicBlocks" ("Id", "ProductInfographicId", "BlockType", "LayoutType", "SortOrder", "IsVisible", "DataJson", "CreatedAt", "UpdatedAt") VALUES ('4a11e7e9-87c9-478a-9fb5-2ddf20cc4c0a', '5a10eb2c-dc8f-4da8-b2f9-fe4a03c0edfa', 4, 6, 4, true, '{"paddingTop":40,"paddingBottom":40,"textAlign":"left","textColor":"#743e3e","visibility":"all","title":"LỊCH SỬ & DẤU MỐC NỔI BẬT","steps":[{"year":"Truyền thống","title":"Xuất hiện","description":"Hình thành từ mâm cơm các gia đình Hải Phòng, tận dụng nguồn cua biển dồi dào."},{"year":"Cuối thế kỷ XX","title":"Phổ biến","description":"Các tiệm ăn và nhà hàng chuyên nem cua bể ra đời, quảng bá món ăn ra ngoài thành phố."},{"year":"Thế kỷ XXI","title":"Nổi tiếng","description":"Vươn tầm quốc tế và được du khách nước ngoài đón nhận."},{"year":"Hiện nay","title":"Vị thế","description":"Là món ăn đại diện tiêu biểu của ẩm thực Hải Phòng, xuất hiện trong các cẩm nang du lịch."}],"backgroundColor":"#ffffff","marginTop":0,"marginBottom":0}', '2026-07-03 11:28:56.736812+07', '2026-07-03 11:28:56.736813+07');
INSERT INTO public."InfographicBlocks" ("Id", "ProductInfographicId", "BlockType", "LayoutType", "SortOrder", "IsVisible", "DataJson", "CreatedAt", "UpdatedAt") VALUES ('509f7d87-bf82-4ccd-b85c-60683f2c80b7', '5a10eb2c-dc8f-4da8-b2f9-fe4a03c0edfa', 2, 2, 1, true, '{"title":"Giới thiệu","content":"<p style=\"text-align:justify;\">Nem cua bể là một trong những đặc sản nổi tiếng nhất của Hải Phòng, gây ấn tượng bởi hình dáng vuông độc đáo và phần nhân đầy đặn từ thịt cua biển tươi ngon. Lớp vỏ vàng giòn bao bọc phần nhân ngọt thơm, kết hợp cùng nước chấm chua ngọt và rau sống tạo nên hương vị hài hòa, khiến món ăn trở thành niềm tự hào của ẩm thực đất Cảng.</p>","image":{"url":"https://cdn.netspace.edu.vn/images/2020/03/26/cach-lam-nem-cua-be-thom-ngon-gion-rum-244958-800.jpg","scale":"contain","focalPoint":"center"},"marginTop":0,"marginBottom":20}', '2026-07-03 11:28:56.736745+07', '2026-07-03 11:28:56.736745+07');
INSERT INTO public."InfographicBlocks" ("Id", "ProductInfographicId", "BlockType", "LayoutType", "SortOrder", "IsVisible", "DataJson", "CreatedAt", "UpdatedAt") VALUES ('7564f6c2-f333-46b1-981d-9e76606e60de', '5a10eb2c-dc8f-4da8-b2f9-fe4a03c0edfa', 2, 16, 6, true, '{"marginTop":0,"marginBottom":0,"textAlign":"left","textColor":"#333333","visibility":"all","title":"Gợi ý quán ngon","restaurants":[{"name":"Cửa Hàng bún chả Phương Mai","address":"87 P. Cát Cụt, Lê Chân","mapUrl":"https://maps.app.goo.gl/HEVrPnfTTLTGEunL9","image":{"url":"https://lh3.googleusercontent.com/gps-cs-s/APNQkAGt5s6dD_j3C7itHNL9ZXOPgjgjpDADwINA_ASfNVMSFR-nxtwqqHdhaFs7Lku-DN-F2W4S9Hn9hiZ50Y_Zm-1yavg4fW3d91AZlY0ffE7xPWfyhABJSrKmMp1CT6FuOcpKsyGyZ8nPbTXS=w408-h306-k-no","scale":"cover","focalPoint":"48% 1%"}},{"name":"Bún Chả Nem cua Hoàng Nhi","address":"334 P. Tô Hiệu, Lê Chân","mapUrl":"https://maps.app.goo.gl/22ip35j8M6Fx9Pm97","image":{"url":"https://lh3.googleusercontent.com/gps-cs-s/APNQkAHiwmNsdBk_yRGqm86eOPX7-JcFYSqUE-DO0ctydcYi5QVS4OFLNTkpVS8HTWunw9cA1EKDTl9_oTwemp2hrlhMCQ5dUANQPafEgueIKspBQ-2kTuemv5Rr8nr4-FmIeNdqYZh7hg=w408-h764-k-no","scale":"cover","focalPoint":"49% 42%"}},{"name":"Quán Nga Nem Cua Bể","address":"92 P. Trần Nhật Duật, Gia Viên","mapUrl":"https://maps.app.goo.gl/T4Mmr45g6C3AMg2w5","image":{"url":"https://lh3.googleusercontent.com/gps-cs-s/APNQkAEIR55KSyWBdoi0cyTBYKUA72hfNO6mon0ig_QivvJPaTWAQtGuh0F2it4mp96ShrQRQR4aeJTU_u9Y91D6axPNo36iw4ZOL25mWGy7bDtesmkdYVJBzWMsQjo5aQVT1f_WjTrlxg=w408-h544-k-no","scale":"cover","focalPoint":"center"}}]}', '2026-07-03 11:28:56.736828+07', '2026-07-03 11:28:56.736828+07');
INSERT INTO public."InfographicBlocks" ("Id", "ProductInfographicId", "BlockType", "LayoutType", "SortOrder", "IsVisible", "DataJson", "CreatedAt", "UpdatedAt") VALUES ('b81b8810-7455-4420-be35-cad40b26092c', '5a10eb2c-dc8f-4da8-b2f9-fe4a03c0edfa', 1, 1, 0, true, '{"title":"HẢI SẢN CÁT BÀ","subtitle":"Hương khói than hoa quyện trong từng sợi bún trắng","image":{"url":"https://cooponline.vn/tin-tuc/wp-content/uploads/2025/10/nem-cua-be-hai-phong-vo-gion-rum-nhan-cua-day-dan.png","scale":"contain","focalPoint":"100% 65%"},"description":"<p>Tinh hoa biển đảo – tươi ngon trong từng hương vị</p>","textColor":"#ffffff","textAlign":"left"}', '2026-07-03 11:28:56.736685+07', '2026-07-03 11:28:56.736685+07');
INSERT INTO public."InfographicBlocks" ("Id", "ProductInfographicId", "BlockType", "LayoutType", "SortOrder", "IsVisible", "DataJson", "CreatedAt", "UpdatedAt") VALUES ('a838274a-ce28-46b7-ab17-a21e3215940b', 'b33efe2f-cf38-4dcb-852f-3944dc5db52c', 8, 14, 5, true, '{"marginTop":0,"marginBottom":0,"textAlign":"left","textColor":"#333333","visibility":"all","title":"ĐẶC TRƯNG HƯƠNG VỊ & ĐIỂM CHẠM THỰC TẾ","subtitle":"\"Thưởng thức bún bò Huế là cảm nhận trọn vẹn hồn ẩm thực của vùng đất kinh kỳ.\"","items":[{"image":{"url":"https://chaca.com.vn/wp-content/uploads/2023/12/nem-cua-be.jpg","scale":"cover","focalPoint":"center"},"title":"Cảm nhận hương vị","description":"<p style=\"text-align:justify;\">Nước dùng thanh ngọt sâu từ xương hầm hòa quyện tinh tế với hương thơm nổi bật của sả và mắm ruốc xứ Huế. Màu đỏ tự nhiên từ dầu điều và dầu ớt mang lại vị cay nồng đặc trưng bùng nổ của miền Trung. Thớ thịt bò mềm mại cùng khoanh giò heo béo ngậy tương tác hoàn hảo với sợi bún to dai sần sật tạo cảm giác tròn vị hoàn chỉnh.</p>","tag":""},{"image":{"url":"https://vcdn1-dulich.vnecdn.net/2023/07/04/IMG-9865-1-1-6372-1688460337.jpg?w=1020&h=0&q=100&dpr=2&fit=crop&s=cpk-ku2FZN5iu5G-ix4bHg","scale":"cover","focalPoint":"center"},"title":"Thưởng thức","description":"<p>Thưởng thức một tô bún bò nóng hổi bốc khói ngùn ngụt ngay tại không gian trầm mặc của Huế để cảm nhận rõ nét văn hóa và hơi ấm tình người nơi đây.</p><p><strong>Khu vực đề xuất:</strong> Các tuyến phố ẩm thực gia truyền tại kinh đô xưa (đường Lý Thường Kiệt, Nguyễn Du, Bạch Đằng, thành phố Huế).</p>","tag":""}],"backgroundColor":"#fafafa"}', '2026-07-03 11:29:08.755834+07', '2026-07-03 11:29:08.755834+07');
INSERT INTO public."InfographicBlocks" ("Id", "ProductInfographicId", "BlockType", "LayoutType", "SortOrder", "IsVisible", "DataJson", "CreatedAt", "UpdatedAt") VALUES ('d3455248-640b-44ca-b9a6-5ce6b1a48d40', 'b33efe2f-cf38-4dcb-852f-3944dc5db52c', 1, 1, 0, true, '{"title":"BÚN BÒ HUẾ","subtitle":"Hương khói than hoa quyện trong từng sợi bún trắng","image":{"url":"/uploads/infographics/Bun-Bo-Hue-from-Huong-Giang-2011.jpg","scale":"contain","focalPoint":"100% 65%"},"description":"<p>Đậm vị cố đô – cay nồng hương sắc miền Trung</p>","textColor":"#ffffff","textAlign":"left","backgroundColor":"#850000"}', '2026-07-03 11:29:08.755692+07', '2026-07-03 11:29:08.755692+07');
INSERT INTO public."InfographicBlocks" ("Id", "ProductInfographicId", "BlockType", "LayoutType", "SortOrder", "IsVisible", "DataJson", "CreatedAt", "UpdatedAt") VALUES ('daa70091-2b65-4cc0-b276-d2a0496de4c9', 'b33efe2f-cf38-4dcb-852f-3944dc5db52c', 2, 3, 2, true, '{"title":"Nguồn gốc","content":"<p style=\"text-align:justify;text-align-last:right\">Có nguồn gốc từ vùng đất Huế, nơi từng là kinh đô của triều Nguyễn. Món ăn hình thành từ các làng nghề ven sông Hương, đặc biệt là làng Vân Cù (thị xã Hương Trà), nơi được xem là cái nôi của nghề làm bún truyền thống, phát triển từ món ăn dân dã thành đặc sản nổi tiếng khắp cả nước.&nbsp;</p>","image":{"url":"https://images2.thanhnien.vn/528068263637045248/2025/7/15/72b16c4518abaef5f7ba-1752552166780300358375.jpg","scale":"cover","focalPoint":"bottom"},"textAlign":"right","marginTop":-30,"marginBottom":20}', '2026-07-03 11:29:08.755796+07', '2026-07-03 11:29:08.755796+07');
INSERT INTO public."InfographicBlocks" ("Id", "ProductInfographicId", "BlockType", "LayoutType", "SortOrder", "IsVisible", "DataJson", "CreatedAt", "UpdatedAt") VALUES ('ecb14641-8d7d-4d22-b359-ca74cedeea7d', 'b2a66e42-ba94-4545-8214-120d5d087414', 8, 14, 3, true, '{"marginTop":0,"marginBottom":0,"textAlign":"left","textColor":"#333333","visibility":"all","title":"NGUYÊN LIỆU CHÍNH","subtitle":"","items":[{"image":{"url":"https://bizweb.dktcdn.net/100/489/006/files/pho-bo-5.jpg?v=1698658394918","scale":"cover","focalPoint":"center"},"title":"1. NƯỚC DÙNG TÍNH HOA","description":"<p>• Xương bò/gà hầm nhiều giờ.<br>• Hành, gừng nướng thơm.<br>• Quế, hồi, thảo quả, đinh hương, hạt mùi.</p>","tag":""},{"image":{"url":"https://cdn.tgdd.vn/2020/07/CookProductThumb/14-620x620-5.jpg","scale":"cover","focalPoint":"76% 44%"},"title":"2. BÁNH PHỞ TRUYỀN THỐNG","description":"<p style=\"text-align:justify;\">Những lá bánh phở làm từ gạo, thái thành sợi mềm, trắng ráo và mịn màng.</p>","tag":""},{"image":{"url":"https://cdnphoto.dantri.com.vn/-UrP8-ylieHKpuHpz8ug2YtCyXw=/thumb_w/1020/2023/06/02/tung-anh-1685639358470.jpeg","scale":"cover","focalPoint":"50% 68%"},"title":"3. THỊT TƯƠI NGON","description":"<p style=\"text-align:justify;\">• Thịt bò: Tái, chín, gầu, gân, nạm.<br>• Hoặc thịt gà tươi (đối với phở gà).</p>","tag":""},{"image":{"url":"https://cdn2.fptshop.com.vn/unsafe/800x0/rau_an_pho_1_7aa2932db9.jpg","scale":"cover","focalPoint":"center"},"title":"4. RAU & GIA VỊ KÈM","description":"Hành lá, hành tây, rau mùi, chanh, ớt, tiêu, giấm tỏi hoặc tương ớt.","tag":""}],"backgroundColor":"#fafafa"}', '2026-06-30 11:03:43.583334+07', '2026-06-30 11:03:43.583334+07');
INSERT INTO public."InfographicBlocks" ("Id", "ProductInfographicId", "BlockType", "LayoutType", "SortOrder", "IsVisible", "DataJson", "CreatedAt", "UpdatedAt") VALUES ('ed3133e8-12cd-4dd7-b91e-8045e259d5c7', 'b2a66e42-ba94-4545-8214-120d5d087414', 4, 6, 5, true, '{"marginTop":0,"marginBottom":0,"textAlign":"left","textColor":"#c35555","visibility":"all","title":"Lịch sử","steps":[{"year":"Khởi đầu","title":"Cuối TK XIX - Đầu  XX","description":"Phở hình thành tại miền Bắc và dần phổ biến ở Hà Nội"},{"year":"Thế kỷ XX","title":"Phát triển","description":"Các quán phở gia truyền phát triển mạnh, định hình phong cách phở Hà Nội với nước dùng \"trong và thanh\""},{"year":"Thế kỷ XXI","title":"Vươn tầm","description":"Bước ra thế giới, trở thành món ăn đại diện tiêu biểu cho ẩm thực Việt Nam tại hàng nghìn nhà hàng quốc tế"},{"year":"Hiện nay","title":"Đứng vững","description":"Tiếp tục là biểu tượng văn hóa lâu đời, điểm dừng chân bắt buộc của mọi du khách khi đến thủ đô"}],"backgroundColor":"#ffffff"}', '2026-06-30 11:03:43.583589+07', '2026-06-30 11:03:43.583589+07');
INSERT INTO public."InfographicBlocks" ("Id", "ProductInfographicId", "BlockType", "LayoutType", "SortOrder", "IsVisible", "DataJson", "CreatedAt", "UpdatedAt") VALUES ('0875f222-e762-4397-91f0-7ff865a2b2a5', '42d725c6-dd5a-42ca-acc7-d39bc6db7f49', 8, 14, 3, true, '{"marginTop":0,"marginBottom":0,"textAlign":"left","textColor":"#333333","visibility":"all","title":"Thành phần chính","subtitle":"","items":[{"image":{"url":"https://i.ytimg.com/vi/szpAajtzrhg/hq720.jpg?sqp=-oaymwEhCK4FEIIDSFryq4qpAxMIARUAAAAAGAElAADIQj0AgKJD&rs=AOn4CLDTOXAVLWbExocYFNSYu7yfCl6vGA","scale":"cover","focalPoint":"center"},"title":"XÔI VÒ THƠM DẺO","description":"<p>• Gạo nếp cái hoa vàng tinh tuyển.<br>• Đậu xanh đã cà sạch vỏ.<br>• Chút muối trắng và mỡ gà béo nhẹ</p>","tag":""},{"image":{"url":"https://thesaigontimes.vn/Uploads/Articles/99632/cde1b_dsc_6016.jpg","scale":"cover","focalPoint":"center"},"title":"CHÈ HOA CAU THANH NGỌT","description":"<p>• Đậu xanh chín tới giữ nguyên hạt.<br>• Đường phèn thanh mát.<br>• Bột sắn dây/bột năng &amp; tinh dầu hoa bưởi.</p>","tag":""}],"backgroundColor":"#fafafa"}', '2026-07-01 10:46:20.837522+07', '2026-07-01 10:46:20.837522+07');
INSERT INTO public."InfographicBlocks" ("Id", "ProductInfographicId", "BlockType", "LayoutType", "SortOrder", "IsVisible", "DataJson", "CreatedAt", "UpdatedAt") VALUES ('1c22d266-0ff5-4ff2-a986-2024e92e52e8', '42d725c6-dd5a-42ca-acc7-d39bc6db7f49', 4, 6, 6, true, '{"marginTop":0,"marginBottom":0,"textAlign":"left","textColor":"#c4bb9c","visibility":"all","title":"Lịch sử","steps":[{"year":"Thời xưa","title":"","description":"<p style=\"margin-top:-10px\">Xuất hiện trang trọng trong các mâm cỗ cúng giỗ, cưới hỏi dịp lễ Tết.</p>"},{"year":"Thế kỷ XX","title":"","description":"<p style=\"margin-top:-10px\">Trở thành thức quà quen thuộc tại các gánh hàng rong và quán chè phố cổ.</p>"},{"year":"Hiện nay","title":"","description":"<p style=\"text-align:justify;  margin-top:-10px\">Được gìn giữ trong các quán chè lâu năm và thường xuất hiện trong các sự kiện văn hóa, lễ hội ẩm thực nhằm giới thiệu nét đẹp của ẩm thực truyền thống Hà Nội.</p>"}],"backgroundColor":"#ffffff"}', '2026-07-01 10:46:20.837584+07', '2026-07-01 10:46:20.837584+07');
INSERT INTO public."InfographicBlocks" ("Id", "ProductInfographicId", "BlockType", "LayoutType", "SortOrder", "IsVisible", "DataJson", "CreatedAt", "UpdatedAt") VALUES ('36b01d3d-fd34-4bcd-9bf1-6a9efd603445', '42d725c6-dd5a-42ca-acc7-d39bc6db7f49', 2, 2, 2, true, '{"marginTop":0,"marginBottom":0,"textAlign":"left","textColor":"#333333","visibility":"all","title":"Nguồn gốc","content":"<p style=\"text-align:justify;\">Có lịch sử lâu đời trong văn hóa ẩm thực miền Bắc, thường xuất hiện trong các dịp lễ Tết, cưới hỏi, giỗ chạp và những mâm cỗ truyền thống. Tên gọi \"chè hoa cau\" bắt nguồn từ hình ảnh những hạt đậu xanh đã cà vỏ nổi lên trong nước chè giống những chùm hoa cau đang nở. Người Hà Nội xưa thường dùng cặp món này trong các dịp sum họp để thể hiện sự đủ đầy và hiếu khách.</p>","image":{"url":"https://images2.thanhnien.vn/zoom/1200_630/Uploaded/anhdh/2021_06_22/xoivo2cchehoacau_NKDC.jpg","scale":"cover","focalPoint":"60% 40%"},"backgroundColor":"#fffae0"}', '2026-07-01 10:46:20.837495+07', '2026-07-01 10:46:20.837495+07');
INSERT INTO public."InfographicBlocks" ("Id", "ProductInfographicId", "BlockType", "LayoutType", "SortOrder", "IsVisible", "DataJson", "CreatedAt", "UpdatedAt") VALUES ('50a2d4d0-3628-4691-bc23-9cbf380a3606', '42d725c6-dd5a-42ca-acc7-d39bc6db7f49', 2, 2, 1, true, '{"marginTop":0,"marginBottom":0,"textAlign":"left","textColor":"#333333","visibility":"all","title":"Giới thiệu","content":"<p style=\"text-align:justify;\">Xôi vò chè hoa cau là một cặp món truyền thống mang đậm nét thanh lịch của ẩm thực Bắc Bộ, đặc biệt quen thuộc trong đời sống văn hóa Hà Nội. Xôi vò dẻo nhưng tơi, thơm mùi đậu xanh; chè hoa cau ngọt thanh với hạt đậu vàng óng như những chùm hoa cau nở. Khi thưởng thức cùng nhau, hai món tạo nên sự hòa quyện hài hòa về hương vị và kết cấu.</p>","image":{"url":"https://file3.qdnd.vn/data/images/0/2025/09/06/upload_2083/0709thuy2.jpg?dpi=150&quality=100&w=870","scale":"cover","focalPoint":"center"},"backgroundColor":"#fffae0"}', '2026-07-01 10:46:20.837466+07', '2026-07-01 10:46:20.837466+07');
INSERT INTO public."InfographicBlocks" ("Id", "ProductInfographicId", "BlockType", "LayoutType", "SortOrder", "IsVisible", "DataJson", "CreatedAt", "UpdatedAt") VALUES ('86ff1d16-caf9-4a9f-86a4-11c8321aeb25', '42d725c6-dd5a-42ca-acc7-d39bc6db7f49', 1, 1, 0, true, '{"marginTop":0,"marginBottom":0,"textAlign":"right","textColor":"#fcffd6","visibility":"all","title":"XÔI VÒ CHÈ HOA CAU","description":"<p>Hai thức quà thanh tao –&nbsp;kết tinh sự tinh tế<br>trong ẩm thực Hà Thành.</p>","image":{"url":"/uploads/infographics/xoivo.jpg","scale":"contain","focalPoint":"69% 99%"},"backgroundColor":"#9ea267"}', '2026-07-01 10:46:20.837357+07', '2026-07-01 10:46:20.837357+07');
INSERT INTO public."InfographicBlocks" ("Id", "ProductInfographicId", "BlockType", "LayoutType", "SortOrder", "IsVisible", "DataJson", "CreatedAt", "UpdatedAt") VALUES ('909d9da6-ad3a-459a-a409-8146b5aa08a8', '42d725c6-dd5a-42ca-acc7-d39bc6db7f49', 2, 10, 5, true, '{"marginTop":0,"marginBottom":0,"textAlign":"left","textColor":"#ffffff","visibility":"all","content":"<p><span class=\"text-huge\"><strong>Bản sắc văn hóa</strong></span></p>","author":"Món ăn thể hiện sự khéo léo trong nghệ thuật nấu nướng của người Tràng An. Trong các dịp mâm cỗ lễ Tết, cúng tổ tiên, món ăn mang ý nghĩa cầu chúc cuộc sống đủ đầy, sung túc và gắn kết gia đình.","backgroundColor":"#d6d38a"}', '2026-07-01 10:46:20.837571+07', '2026-07-01 10:46:20.837571+07');
INSERT INTO public."InfographicBlocks" ("Id", "ProductInfographicId", "BlockType", "LayoutType", "SortOrder", "IsVisible", "DataJson", "CreatedAt", "UpdatedAt") VALUES ('228227db-52b3-4b5d-b603-fc463b4852e0', '78300cb2-7f07-4d18-b8d9-394ed4bcb202', 1, 1, 0, true, '{"title":"Bánh Cuốn Thanh Trì","subtitle":"Tinh tế từ lớp vỏ mỏng tang, thơm hương nhân thịt nấm","image":{"url":"/uploads/infographics/banhcuon1.jpg","scale":"contain","focalPoint":"0% 32%"},"description":"Mỏng như lụa – thanh vị ngàn năm, tinh hoa ẩm thực Hà Thành.","textAlign":"right","backgroundColor":"#d28156"}', '2026-07-02 19:37:21.72217+07', '2026-07-02 19:37:21.722171+07');
INSERT INTO public."InfographicBlocks" ("Id", "ProductInfographicId", "BlockType", "LayoutType", "SortOrder", "IsVisible", "DataJson", "CreatedAt", "UpdatedAt") VALUES ('191a49e1-5cfa-4bce-9919-a90c16d709af', 'fa85608a-62d6-4524-a0e7-3a380897f7d0', 2, 16, 6, true, '{"marginTop":0,"marginBottom":0,"textAlign":"left","textColor":"#333333","visibility":"all","title":"Gợi ý quán ngon","restaurants":[{"name":"Bánh đa cua Cụ Cầu","address":"39 P. Kỳ Đồng, Hồng Bàng","mapUrl":"https://maps.app.goo.gl/QSG1RpdwqCT13aex8","image":{"url":"https://lh3.googleusercontent.com/gps-cs-s/APNQkAGE8qpsvccfTbIt05c2P35c9wJj7ZuIMa0rhmHJLb8qe5gzvR_u3z2-D8vhv3ykEDVmhbESEqGsJRoA_DP0GTzKhFcNRpF7hdM-fXJYH5EJw3qMPNyx0HHv4vnCPw5hzXmmMU5t=w408-h306-k-no","scale":"cover","focalPoint":"center"}},{"name":"Bánh đa cua cô Thanh","address":"89b P. Đinh Tiên Hoàng, Hồng Bàng","mapUrl":"https://maps.app.goo.gl/oWwYfBX6QAsFZ4KXA","image":{"url":"https://lh3.googleusercontent.com/gps-cs-s/APNQkAF9PTSnXvFlKHAs38aPSTqRT-o311dZ-wporPWp4U8w7L9cK2hvZrKYFzzZorUbXMx0SSlQg1cT9clsJceu7Q-7YQ0nwrIwoxXdgt_VJmECiNfMaInIthDuerY1eDwnFxN5JJXw77D9CLAi=w426-h240-k-no","scale":"cover","focalPoint":"center"}},{"name":"Bánh đa cua cô Hồng","address":"2 Phạm Ngũ Lão, Gia Viên","mapUrl":"https://maps.app.goo.gl/8uyxXAHu3xcpQMhv5","image":{"url":"https://lh3.googleusercontent.com/gps-cs-s/APNQkAFemmhN6b-4HsXD9rwxwMmsM-5zdhkVbjIKxrNTGazqZVlAmgyNot-mg-CebQTYinYMP5CSIEro-27MIRjIpSsiGYUNejz9aaa5zOJb6zt0ujoNP3UNeVfQ5t8q_g31dlT_2zVDhSRFOm3_=w408-h544-k-no","scale":"cover","focalPoint":"center"}}]}', '2026-07-02 20:03:40.584764+07', '2026-07-02 20:03:40.584764+07');
INSERT INTO public."InfographicBlocks" ("Id", "ProductInfographicId", "BlockType", "LayoutType", "SortOrder", "IsVisible", "DataJson", "CreatedAt", "UpdatedAt") VALUES ('1e797bb4-3039-4680-8da6-1d603aaa2be9', 'fa85608a-62d6-4524-a0e7-3a380897f7d0', 8, 14, 5, true, '{"marginTop":0,"marginBottom":0,"textAlign":"left","textColor":"#333333","visibility":"all","title":"ĐẶC TRƯNG HƯƠNG VỊ & ĐIỂM CHẠM THỰC TẾ","subtitle":"\"Muốn cảm nhận hương vị đất Cảng, hãy bắt đầu bằng một bát bánh đa cua nóng hổi.\"","items":[{"image":{"url":"https://danviet-24h.ex-cdn.com/files/upload/2-2021/images/2021-04-09/2-1617987082-425-width1600height1200.jpg","scale":"cover","focalPoint":"center"},"title":"Cảm nhận hương vị","description":"<p style=\"text-align:justify;\">Nước dùng ngọt tự nhiên từ cua đồng và xương hầm hòa quyện vị béo ngậy của riêu cua mềm mịn. Sợi bánh đa đỏ dai sần sật tương tác hoàn hảo với miếng chả lá lốt đậm đà thơm tiêu. Các loại rau muống chẻ, rau rút tạo cảm giác tươi mát, mang đến sự kết hợp hài hòa giữa sự dân dã đồng quê và hương vị lộng gió của vùng biển.</p>","tag":""},{"image":{"url":"https://cdn.smarttravel.vn/files/2021/04/05/Ninh%20Thu%E1%BA%ADn/banh-da-cua-14-1595870211-9981.jpeg","scale":"cover","focalPoint":"center"},"title":"Thưởng thức tại quán","description":"<p>Thưởng thức trực tiếp ngay tại các quán nhỏ nghi ngút khói ven đường Hải Phòng để đảm bảo sợi bánh đa đạt độ dai chuẩn và rau muống chẻ giữ nguyên vị giòn xanh</p>\n<p><strong>Khu vực đề xuất:</strong> Các tuyến phố ẩm thực lâu đời tại đất Cảng (đường Lạch Tray, Cầu Đất, Trần Quang Khải).</p>","tag":""}],"backgroundColor":"#fafafa"}', '2026-07-02 20:03:40.584753+07', '2026-07-02 20:03:40.584754+07');
INSERT INTO public."InfographicBlocks" ("Id", "ProductInfographicId", "BlockType", "LayoutType", "SortOrder", "IsVisible", "DataJson", "CreatedAt", "UpdatedAt") VALUES ('5aa6be5d-c5dc-4319-9f50-4916d72521bc', 'fa85608a-62d6-4524-a0e7-3a380897f7d0', 8, 14, 4, true, '{"marginTop":0,"marginBottom":0,"textAlign":"left","textColor":"#333333","visibility":"all","title":"NGUYÊN LIỆU CHÍNH","subtitle":"","items":[{"image":{"url":"https://sieuthiandam.com/wp-content/uploads/2018/07/banh-da-kho-vifon-goi-300g-202008062030135951.jpg","scale":"cover","focalPoint":"center"},"title":"BÁNH ĐA ĐỎ","description":"<p>• Làm hoàn toàn từ gạo.<br>• Màu nâu đỏ đặc trưng tự nhiên từ mật mía/gấc.<br>• Sợi dai, dày và săn khi chan nước.</p>","tag":""},{"image":{"url":"https://static.vinwonders.com/production/banh-da-cua-hai-phong-18.jpg","scale":"cover","focalPoint":"58% 51%"},"title":"NƯỚC DÙNG NGỌT THANH","description":"<p>• Cua đồng tươi giã nhuyễn lọc lấy nước.<br>• Kết hợp xương ống hầm sâu.<br>• Cà chua và gạch cua chưng phi hành thơm béo.</p>","tag":""},{"image":{"url":"https://static.vinwonders.com/production/banh-da-cua-hai-phong-6.jpg","scale":"cover","focalPoint":"55% 0%"},"title":"TOPPING PHONG PHÚ","description":"<p>• Riêu cua bùi béo.<br>• Chả lá lốt rán vàng, chả cá giòn.<br>• Tôm tươi, bề bề (tôm tích), thịt bò hoặc giò.</p>","tag":""},{"image":{"url":"https://www.lorca.vn/wp-content/uploads/2023/07/Buoc-3-3-3466-1677318715.jpg","scale":"cover","focalPoint":"center"},"title":"RAU ĂN KÈM","description":"<p>• Rau muống chẻ giòn xanh.<br>• Rau rút thanh mát.<br>• Hành lá và hành phi tự chao vàng rụm</p>","tag":""}],"backgroundColor":"#fafafa"}', '2026-07-02 20:03:40.584744+07', '2026-07-02 20:03:40.584744+07');
INSERT INTO public."InfographicBlocks" ("Id", "ProductInfographicId", "BlockType", "LayoutType", "SortOrder", "IsVisible", "DataJson", "CreatedAt", "UpdatedAt") VALUES ('ad758acf-9a3e-43dc-a04b-d87f4d45f12a', 'fa85608a-62d6-4524-a0e7-3a380897f7d0', 1, 1, 0, true, '{"title":"BÁNH ĐA CUA","subtitle":"Tinh tế từ lớp vỏ mỏng tang, thơm hương nhân thịt nấm","image":{"url":"/uploads/infographics/Banh-da-cua-Hai-Phong-7-1080x600.jpeg","scale":"contain","focalPoint":"0% 32%"},"description":"Sợi bánh đỏ đậm tình đất Cảng – đậm đà hương vị biển","textAlign":"right","backgroundColor":"#d28156"}', '2026-07-02 20:03:40.584582+07', '2026-07-02 20:03:40.584582+07');
INSERT INTO public."InfographicBlocks" ("Id", "ProductInfographicId", "BlockType", "LayoutType", "SortOrder", "IsVisible", "DataJson", "CreatedAt", "UpdatedAt") VALUES ('f3e0a5be-f0e5-47db-8307-c8cb27830abb', 'fa85608a-62d6-4524-a0e7-3a380897f7d0', 2, 3, 2, true, '{"marginTop":0,"marginBottom":0,"textAlign":"left","textColor":"#333333","visibility":"all","title":"Nguồn gốc","content":"<p style=\"text-align:justify;\">Bắt nguồn từ Hải Phòng – thành phố cảng lớn nhất miền Bắc, nơi có truyền thống kết hợp nguyên liệu đồng quê với hải sản địa phương. Ban đầu, món ăn phục vụ bữa ăn hằng ngày của người lao động. Theo thời gian, bánh đa cua được bổ sung nhiều loại topping phong phú, trở thành một trong những đặc sản nổi tiếng nhất và là món ăn không thể bỏ lỡ đối với du khách.</p>","image":{"url":"https://danviet.ex-cdn.com/files/f1/296231569849192448/2023/7/23/1f304d8530dee380bacf-16898756330671590884937-1690078092831-1690078093089695988383.jpg","scale":"cover","focalPoint":"center"},"backgroundColor":"#ffffff"}', '2026-07-02 20:03:40.584723+07', '2026-07-02 20:03:40.584723+07');
INSERT INTO public."InfographicBlocks" ("Id", "ProductInfographicId", "BlockType", "LayoutType", "SortOrder", "IsVisible", "DataJson", "CreatedAt", "UpdatedAt") VALUES ('f5ea4f89-6a62-4259-adad-ea48614b183f', 'fa85608a-62d6-4524-a0e7-3a380897f7d0', 4, 6, 3, true, '{"paddingTop":40,"paddingBottom":40,"textAlign":"left","textColor":"#743e3e","visibility":"all","title":"LỊCH SỬ & DẤU MỐC NỔI BẬT","steps":[{"year":"Cuối thế kỷ XIX","title":"Xuất hiện","description":"tại các khu phố cổ Hà Nội sầm uất."},{"year":"Thế kỷ XX","title":"Phổ biến","description":"Trở thành món ăn phổ biến trong đời sống người dân thủ đô."},{"year":"Thế kỷ XXI","title":"Thế mạnh","description":"Trở thành đặc sản nổi tiếng, vươn rộng đến nhiều tỉnh thành và các nhà hàng Việt Nam."},{"year":"Hiện nay","title":"Vị thế","description":"Là món ăn biểu tượng, xuất hiện trang trọng trong các cẩm nang du lịch quốc tế."}],"backgroundColor":"#ffffff","marginTop":0,"marginBottom":0}', '2026-07-02 20:03:40.584735+07', '2026-07-02 20:03:40.584735+07');
INSERT INTO public."InfographicBlocks" ("Id", "ProductInfographicId", "BlockType", "LayoutType", "SortOrder", "IsVisible", "DataJson", "CreatedAt", "UpdatedAt") VALUES ('e5da61e7-013e-43ab-9e7f-453ef91bd511', 'b33efe2f-cf38-4dcb-852f-3944dc5db52c', 2, 2, 1, true, '{"title":"Giới thiệu","content":"<p style=\"text-align:justify;\">Bún bò Huế là một trong những món ăn nổi tiếng nhất của ẩm thực Việt Nam, mang đậm dấu ấn của vùng đất cố đô. Với nước dùng đậm đà, thơm mùi sả và mắm ruốc Huế, kết hợp cùng thịt bò, giò heo và sợi bún to đặc trưng, món ăn chinh phục thực khách bằng sự cân bằng giữa vị cay, ngọt và thơm, tạo nên trải nghiệm khó quên.</p>","image":{"url":"https://i.ytimg.com/vi/CSI9ildGX9s/maxresdefault.jpg","scale":"contain","focalPoint":"center"},"marginTop":0,"marginBottom":20}', '2026-07-03 11:29:08.755771+07', '2026-07-03 11:29:08.755771+07');
INSERT INTO public."InfographicBlocks" ("Id", "ProductInfographicId", "BlockType", "LayoutType", "SortOrder", "IsVisible", "DataJson", "CreatedAt", "UpdatedAt") VALUES ('330084a2-b1f8-4125-9dbd-3549927bf0e0', 'b33efe2f-cf38-4dcb-852f-3944dc5db52c', 4, 6, 4, true, '{"paddingTop":40,"paddingBottom":40,"textAlign":"left","textColor":"#743e3e","visibility":"all","title":"LỊCH SỬ & DẤU MỐC NỔI BẬT","steps":[{"year":"Thời Nguyễn","title":"Hình thành ","description":"Tại vùng đất cố đô, gắn chặt với gách nghề của các làng làm bún cổ truyền."},{"year":"Thế kỷ XX","title":"Phổ biến","description":"Rộng khắp miền Trung, các quán ăn gia truyền xuất hiện lưu giữ bí quyết riêng."},{"year":"Thế kỷ XXI","title":"Nổi tiếng","description":"Bước ra thế giới, vươn tầm đỉnh cao và có mặt tại hàng nghìn nhà hàng ở nhiều quốc gia."},{"year":"Hiện nay","title":"Vị thế","description":"Là biểu tượng ẩm thực bất biến của Huế, thường xuyên lọt top món ăn tiêu biểu của châu Á."}],"backgroundColor":"#ffffff","marginTop":0,"marginBottom":0}', '2026-07-03 11:29:08.755821+07', '2026-07-03 11:29:08.755821+07');
INSERT INTO public."InfographicBlocks" ("Id", "ProductInfographicId", "BlockType", "LayoutType", "SortOrder", "IsVisible", "DataJson", "CreatedAt", "UpdatedAt") VALUES ('092761f5-c3ce-459b-90be-257681b0876c', '74529105-6b93-417d-a764-f8b905556bcd', 2, 17, 6, true, '{"marginTop":0,"marginBottom":0,"textAlign":"left","textColor":"#318caa","visibility":"all","topText":"<h2><strong>Cảm nhận hương vị</strong></h2><p style=\"text-align:justify;\">Độ tươi ngon tuyệt đối nhờ được đánh bắt và chế biến ngay trong ngày. Thớ thịt săn chắc, giữ vị ngọt sâu tự nhiên đượm hương vị biển đậm đà mà không hề tanh. Ẩm thực nơi đây hạn chế sử dụng gia vị cầu kỳ, tôn vinh nguyên bản chất lượng của hải sản biển sâu.</p>","image":{"url":"https://sun-ecommerce-cdn.azureedge.net/ecommerce/service-sites/asset/SunWorldCatBa/swold/hai-san-cat-ba-11-dia-diem-an-mua-ve-ngon-kem-gia-review-5704/goi-y-mot-so-dia-chi-nha-hangquan-an-hai-san-ngon-o-cat-ba.jpg","scale":"cover","focalPoint":"center"},"bottomText":"<h2>Thưởng thức tại quán</h2><p>Thưởng thức hải sản trực tiếp trên các nhà hàng nổi, bè nuôi hoặc quán ăn ven biển để cảm nhận trọn vẹn vị ngọt đại dương hòa cùng làn gió mặn và tiếng sóng vỗ.</p><p>&nbsp;</p><p><strong>Khu vực đề xuất:</strong> Các nhà hàng làng chài, lồng bè nổi quanh đảo Cát Bà, vịnh Lan Hạ, Hải Phòng.</p>","backgroundColor":"#ffffff"}', '2026-07-03 10:50:14.305399+07', '2026-07-03 10:50:14.305399+07');
INSERT INTO public."InfographicBlocks" ("Id", "ProductInfographicId", "BlockType", "LayoutType", "SortOrder", "IsVisible", "DataJson", "CreatedAt", "UpdatedAt") VALUES ('284eca7e-4723-45d5-a2db-1b441a20e98f', '74529105-6b93-417d-a764-f8b905556bcd', 8, 14, 3, true, '{"marginTop":0,"marginBottom":0,"textAlign":"center","textColor":"#333333","visibility":"all","title":"CÁC LOẠI HẢI SẢN","subtitle":"","items":[{"image":{"url":"https://tourcatba.com.vn/wp-content/uploads/2026/02/anhminhhoa-2026-03-04T211758.923.jpg","scale":"cover","focalPoint":"center"},"title":"TU HÀI CÁT BÀ","description":"Còn được gọi là Ốc vòi voi, \"Vua hải sản Cát Bà\" với thớ thịt dày, ngọt và giòn sần sật","tag":""},{"image":{"url":"https://vinhlanha.com/wp-content/uploads/2020/08/Sam-bien-nuong.jpg","scale":"cover","focalPoint":"center"},"title":"SAM BIỂN","description":"<p>Độc đáo với nhiều cách biến tấu: gỏi sam, nướng, xào chua ngọt.</p>","tag":""},{"image":{"url":"https://file.hstatic.net/1000030244/article/be-be-lam-mon-gi-ngon-1_d4e67dc8bcdf4538b4fe0a0b3907cabb.jpg","scale":"cover","focalPoint":"center"},"title":"BỀ BỀ THỊT CHẮC","description":"Phần thịt săn chắc, đậm vị biển, thường rang muối hoặc hấp.","tag":""},{"image":{"url":"https://cdnv2.tgdd.vn/bhx-static/bhx/News/Images/2025/11/12/1585565/image8_202511120022282960.jpg","scale":"cover","focalPoint":"center"},"title":"CÁ SONG TRÂN QUÝ","description":"Thớ thịt trắng muốt, săn chắc, ngọt thơm khi hấp xì dầu.","tag":""}],"backgroundColor":"#fafafa"}', '2026-07-03 10:50:14.305376+07', '2026-07-03 10:50:14.305376+07');
INSERT INTO public."InfographicBlocks" ("Id", "ProductInfographicId", "BlockType", "LayoutType", "SortOrder", "IsVisible", "DataJson", "CreatedAt", "UpdatedAt") VALUES ('93aa12df-1da3-402c-a261-8c53ce3b33d7', '74529105-6b93-417d-a764-f8b905556bcd', 2, 3, 2, true, '{"title":"Nguồn gốc","content":"<p style=\"text-align:justify;\">Quần đảo Cát Bà gồm hơn 360 hòn đảo lớn nhỏ nằm ở cửa ngõ vịnh Bắc Bộ. Từ hàng trăm năm trước, cư dân trên đảo đã sinh sống bằng nghề đánh bắt và nuôi trồng thủy sản, hình thành nên nền văn hóa biển đặc sắc. Với hệ sinh thái biển đa dạng và vùng nước giàu dinh dưỡng, nơi đây đã tạo nên một thương hiệu ẩm thực nổi tiếng của đất Cảng.</p>","image":{"url":"https://i-giadinh.vnecdn.net/2024/12/26/Thanhpham11-1735198211-1599-1735198217.jpg","scale":"cover","focalPoint":"bottom"},"textAlign":"right","marginTop":-30,"marginBottom":20}', '2026-07-03 10:50:14.305363+07', '2026-07-03 10:50:14.305363+07');
INSERT INTO public."InfographicBlocks" ("Id", "ProductInfographicId", "BlockType", "LayoutType", "SortOrder", "IsVisible", "DataJson", "CreatedAt", "UpdatedAt") VALUES ('9ea9fec3-fced-4bee-abb6-ec63a4baa1ca', '74529105-6b93-417d-a764-f8b905556bcd', 2, 16, 7, true, '{"marginTop":0,"marginBottom":0,"textAlign":"left","textColor":"#333333","visibility":"all","title":"Gợi ý quán ngon","restaurants":[{"name":"Nhà hàng Vũ Dương","address":"45 Tùng Dinh, Cát Hải","mapUrl":"https://maps.app.goo.gl/8X3hVw7jeqoL3wyGA","image":{"url":"https://lh3.googleusercontent.com/gps-cs-s/APNQkAEf15dhdSHHKqsrj8F3uvufjseSIjxvEQU32a7FYASjxCCxTn7F7OBYpG6OMFBpnzpMtEZ3_g-4df0IJRngVphCvWalsiOQYVj94DnOw4P7UVAx0npTr6YLrFKHzWvONq7fqXL49w=w408-h408-k-no","scale":"cover","focalPoint":"48% 100%"}},{"name":"Quân Cát Bà","address":"180 Một Tháng Tư, Cát Hải","mapUrl":"https://maps.app.goo.gl/xW3coq7Af1PLCA1m6","image":{"url":"https://lh3.googleusercontent.com/gps-cs-s/APNQkAEzY2Y5YCNKg7vMMcjW8B7laQB0nrEaUsZZ_1JGj8nyMRnwmAbrkoDqcatNB_DHH92TlIbNIzqt7Y65nxn4M4HR5E_ZeDbGJHKleZPEJTEk17Lf9PM_CNtevE3QmZLAY8bI-60=w426-h240-k-no","scale":"cover","focalPoint":"49% 42%"}},{"name":"Buffet Hải Sản Ốc Ba Tàu","address":"29 Tùng Dinh, Cát Hải","mapUrl":"https://maps.app.goo.gl/1djsCGVTcMccWixn6","image":{"url":"https://lh3.googleusercontent.com/gps-cs-s/APNQkAFZUXYyw_YkKi5Q5UfcfCcrS83Fx1y9vKhbd3G2xPX4Zufpx46tgRoSLbPC-U5E9tgtvfZ2WS7222JOT5bJBjb4FxKmG_RaxhEb4DiF2CMHZLKei80z_EWqJbyvvhvsr6V8rfh_uDYAtuPl=w408-h271-k-no","scale":"cover","focalPoint":"center"}}]}', '2026-07-03 10:50:14.305433+07', '2026-07-03 10:50:14.305433+07');
INSERT INTO public."InfographicBlocks" ("Id", "ProductInfographicId", "BlockType", "LayoutType", "SortOrder", "IsVisible", "DataJson", "CreatedAt", "UpdatedAt") VALUES ('a6bd3708-ea53-4c0e-a7fa-47ac68009580', '74529105-6b93-417d-a764-f8b905556bcd', 1, 1, 0, true, '{"title":"NEM CUA BỂ","subtitle":"Hương khói than hoa quyện trong từng sợi bún trắng","image":{"url":"/uploads/infographics/an-hai-san-o-cat-ba-tuoi-ngon.jpg","scale":"contain","focalPoint":"100% 65%"},"description":"<p>Giòn rụm vỏ vàng – trọn vị biển khơi trong từng miếng nem</p>","textColor":"#ffffff","textAlign":"left"}', '2026-07-03 10:50:14.304997+07', '2026-07-03 10:50:14.304998+07');
INSERT INTO public."InfographicBlocks" ("Id", "ProductInfographicId", "BlockType", "LayoutType", "SortOrder", "IsVisible", "DataJson", "CreatedAt", "UpdatedAt") VALUES ('09707df9-1037-4d8b-a081-f432806faceb', 'a1387f5f-fe3e-4783-addb-83f3bb58d93d', 1, 1, 0, true, '{"title":"Bún Chả Hà Nội","subtitle":"Hương khói than hoa quyện trong từng sợi bún trắng","image":{"url":"https://vcdn1-vnexpress.vnecdn.net/2021/08/13/f09c9635-f2fc-4d3f-88ca-f933aa-8187-6754-1628833865.jpg?w=680&h=0&q=100&dpr=2&fit=crop&s=jngHyQ9zO2qLz4zJC1JDkw","scale":"contain","focalPoint":"100% 65%"},"description":"<p>Hương than hoa quyện vị nước mắm – tinh hoa<br/> ẩm thực đất kinh kỳ.</p>","textColor":"#ffffff","textAlign":"left"}', '2026-07-03 21:14:29.12992+07', '2026-07-03 21:14:29.129957+07');
INSERT INTO public."InfographicBlocks" ("Id", "ProductInfographicId", "BlockType", "LayoutType", "SortOrder", "IsVisible", "DataJson", "CreatedAt", "UpdatedAt") VALUES ('b1e4a7af-2281-4bf2-a0e6-eb3f7791d832', '74529105-6b93-417d-a764-f8b905556bcd', 4, 6, 5, true, '{"paddingTop":40,"paddingBottom":40,"textAlign":"left","textColor":"#743e3e","visibility":"all","title":"LỊCH SỬ & DẤU MỐC NỔI BẬT","steps":[{"year":"Truyền thống","title":"Biển khơi đầy cá","description":"Cư dân bám biển, hình thành văn hóa đánh bắt thủy sản từ nhiều thế hệ"},{"year":"Cuối thế kỷ XX","title":"Du lịch","description":"Du lịch đảo cất cánh, các nhà hàng hải sản và làng bè nổi tiếng bắt đầu định hình."},{"year":"Thế kỷ XXI","title":"Nổi tiếng","description":"Trở thành trung tâm du lịch biển lớn của miền Bắc, hải sản vang danh cả nước."},{"year":"Hiện nay","title":"Vị thế","description":"Thương hiệu ẩm thực đỉnh cao, điểm chạm hút hàng triệu du khách mỗi năm."}],"backgroundColor":"#ffffff","marginTop":0,"marginBottom":0}', '2026-07-03 10:50:14.305392+07', '2026-07-03 10:50:14.305392+07');
INSERT INTO public."InfographicBlocks" ("Id", "ProductInfographicId", "BlockType", "LayoutType", "SortOrder", "IsVisible", "DataJson", "CreatedAt", "UpdatedAt") VALUES ('ca7f5c67-b991-4331-9b57-575ef3038afa', '74529105-6b93-417d-a764-f8b905556bcd', 2, 2, 1, true, '{"title":"Giới thiệu","content":"<p style=\"text-align:justify;\">Nằm giữa quần đảo tuyệt đẹp của vịnh Bắc Bộ, Cát Bà không chỉ nổi tiếng với cảnh quan thiên nhiên mà còn được biết đến là \"thiên đường hải sản\" của Hải Phòng. Nhờ nguồn hải sản phong phú, môi trường biển trong lành và nghề đánh bắt truyền thống lâu đời, hải sản Cát Bà mang hương vị tươi ngon đặc trưng, trở thành trải nghiệm ẩm thực không thể bỏ lỡ khi đặt chân đến hòn đảo này.</p>","image":{"url":"https://haisankhocatba.com/wp-content/uploads/2025/06/ban-hai-san-tai-cat-ba.jpg","scale":"contain","focalPoint":"center"},"marginTop":0,"marginBottom":20}', '2026-07-03 10:50:14.305287+07', '2026-07-03 10:50:14.305288+07');
INSERT INTO public."InfographicBlocks" ("Id", "ProductInfographicId", "BlockType", "LayoutType", "SortOrder", "IsVisible", "DataJson", "CreatedAt", "UpdatedAt") VALUES ('f408e7e0-fb61-4218-99c5-e1674ec81ced', '74529105-6b93-417d-a764-f8b905556bcd', 8, 14, 4, true, '{"marginTop":-50,"marginBottom":0,"textAlign":"center","textColor":"#333333","visibility":"all","title":"","subtitle":"","items":[{"image":{"url":"https://scontent-sin2-2.xx.fbcdn.net/v/t39.30808-6/719770352_4043714845764157_8900718002385285939_n.jpg?stp=dst-jpg_tt6&cstp=mx1536x2048&ctp=s590x590&_nc_cat=103&ccb=1-7&_nc_sid=833d8c&_nc_ohc=xxjRB9ZelZQQ7kNvwECcF9b&_nc_oc=AdqBYQhOPXE3lUwqFnaNuW9MvvOl4sUT-ThWjfGqJohSLZgMm_QDh23QzoU3OQawAMaOpusyVV102T4QV1cNUKhD&_nc_zt=23&_nc_ht=scontent-sin2-2.xx&_nc_gid=XKg8V-oSyQ87ZZlBIuv6mg&_nc_ss=7b2a8&oh=00_AQD7zHQsWjKAjGk_H7jibsHILbm4jUhDPABeI0NINBr3DA&oe=6A4CEDF4","scale":"cover","focalPoint":"center"},"title":"MỰC TƯƠI TỰ NHIÊN","description":"Giữ trọn độ giòn sần sật và vị ngọt tự nhiên khi nướng hoặc hấp","tag":""},{"image":{"url":"https://vuonquocgiacatba.com.vn/wp-content/uploads/2025/03/Am-thuc-Cat-Ba.jpg","scale":"cover","focalPoint":"center"},"title":"HÀU SỮA","description":"<p>Tươi ngon, béo ngậy, mang lại hương vị biển cả trọn vẹn.</p>","tag":""},{"image":{"url":"https://vinhlanha.com/wp-content/uploads/2020/08/ran-bien-cat-ba-1.jpg","scale":"cover","focalPoint":"center"},"title":"RẮN BIỂN","description":"<p>Món ăn đặc biệt, hầm thuốc bắc hoặc nướng giúp bồi bổ sức khỏe.</p>","tag":""}],"backgroundColor":"#fafafa"}', '2026-07-03 10:50:14.305385+07', '2026-07-03 10:50:14.305385+07');
INSERT INTO public."InfographicBlocks" ("Id", "ProductInfographicId", "BlockType", "LayoutType", "SortOrder", "IsVisible", "DataJson", "CreatedAt", "UpdatedAt") VALUES ('5df04c54-4b06-4dd4-8b06-1fbcb37d0c4f', 'a1387f5f-fe3e-4783-addb-83f3bb58d93d', 8, 14, 6, true, '{"marginTop":0,"marginBottom":0,"textAlign":"left","textColor":"#333333","visibility":"all","title":"HƯƠNG VỊ, TRẢI NGHIỆM & GIÁ TRỊ VĂN HÓA","subtitle":"\"Tinh hoa đất kinh kỳ gói trọn trong làn khói than hoa và bát nước chấm đậm đà.\"","items":[{"image":{"url":"/uploads/infographics/buncha3-8d60d66eaa444ead9e04550b3b74251c.jpg","scale":"cover","focalPoint":"center"},"title":"Đặc trưng hương vị","description":"<p style=\"text-align:justify;\">Mùi thơm quyến rũ từ khói than hoa. Thịt mềm, đậm vị, hơi cháy cạnh hòa quyện với nước chấm thanh nhẹ nhưng đậm đà. Rau thơm tạo cảm giác tươi mát, cân bằng vị giác hoàn hảo.</p>","tag":""},{"image":{"url":"/uploads/infographics/buncha4-7511040337ba4c70b8c36cae50dee339.jpg","scale":"cover","focalPoint":"center"},"title":"Giá trị văn hóa","description":"Phản ánh nét tinh tế, phong cách sống thanh lịch của người Tràng An: không cầu kỳ nhưng chú trọng hương vị, sự chỉn chu và trải nghiệm thưởng thức.","tag":""}],"backgroundColor":"#fafafa"}', '2026-07-03 21:14:29.160554+07', '2026-07-03 21:14:29.160554+07');
INSERT INTO public."InfographicBlocks" ("Id", "ProductInfographicId", "BlockType", "LayoutType", "SortOrder", "IsVisible", "DataJson", "CreatedAt", "UpdatedAt") VALUES ('7c5c7750-bafe-4e39-9a11-13174039a996', 'a1387f5f-fe3e-4783-addb-83f3bb58d93d', 5, 7, 4, true, '{"marginTop":0,"marginBottom":0,"textAlign":"left","textColor":"#333333","visibility":"all","title":"","description":"","images":[{"url":{"url":"/uploads/infographics/obamabuncha3-e774623f560f40a382b685a222819e00.jpg","scale":"fill","focalPoint":"bottom"},"alt":""}],"backgroundColor":"#ffffff"}', '2026-07-03 21:14:29.160469+07', '2026-07-03 21:14:29.160469+07');
INSERT INTO public."InfographicBlocks" ("Id", "ProductInfographicId", "BlockType", "LayoutType", "SortOrder", "IsVisible", "DataJson", "CreatedAt", "UpdatedAt") VALUES ('9236051c-494a-4124-8407-03d2c9cb7a7d', 'a1387f5f-fe3e-4783-addb-83f3bb58d93d', 8, 14, 5, true, '{"marginTop":0,"marginBottom":0,"textAlign":"left","textColor":"#333333","visibility":"all","title":"NGUYÊN LIỆU CHÍNH","subtitle":"","items":[{"image":{"url":"/uploads/infographics/bun-tuoi-soi-lon-6e0c14a39edd4487af47b05b25651198.jpg","scale":"cover","focalPoint":"center"},"title":"1. BÚN TƯƠI","description":"Sợi bún trắng mềm, thanh vị, được làm từ gạo tinh tuyển.","tag":""},{"image":{"url":"/uploads/infographics/images-05ff39c99e224f25a48c46c7b8a4fafd.jpg","scale":"cover","focalPoint":"center"},"title":"2. THỊT NƯỚNG","description":"• Thịt ba chỉ thái lát<br/>\n• Thịt nạc vai băm viên<br/>\n• Ướp gia vị truyền thống<br/>","tag":""},{"image":{"url":"/uploads/infographics/images-(1)-4d1e3bc452dc47db8bec100005f6cec3.jpg","scale":"cover","focalPoint":"center"},"title":"3. NƯỚC CHẤM","description":"Hòa quyện tinh tế giữa: Nước mắm pha, giấm/chanh, đường, tỏi, ớt.","tag":""},{"image":{"url":"/uploads/infographics/Buoc-3-3-6050-1681636163-0a12c38674114e029aca9606342e2cca.jpg","scale":"cover","focalPoint":"center"},"title":"4. RAU ĂN KÈM","description":"Xà lách, kinh giới, tía tô, húng láng và rau thơm theo mùa.","tag":""}],"backgroundColor":"#fafafa"}', '2026-07-03 21:14:29.160512+07', '2026-07-03 21:14:29.160512+07');
INSERT INTO public."InfographicBlocks" ("Id", "ProductInfographicId", "BlockType", "LayoutType", "SortOrder", "IsVisible", "DataJson", "CreatedAt", "UpdatedAt") VALUES ('92a26037-44fa-499d-a51c-b97c86eef1e2', 'a1387f5f-fe3e-4783-addb-83f3bb58d93d', 2, 16, 7, true, '{"marginTop":0,"marginBottom":0,"textAlign":"left","textColor":"#333333","visibility":"all","restaurants":[{"name":"Bún chả Hương Liên","address":"24 P. Lê Văn Hưu, Cửa Nam, Hà Nội","mapUrl":"https://www.google.com/maps/place/B%C3%BAn+ch%E1%BA%A3+H%C6%B0%C6%A1ng+Li%C3%AAn/@21.0181373,105.849129,17z/data=!4m10!1m2!2m1!1zMjQgTMOqIFbEg24gSMawdSBxdeG6rW4gSGFpIELDoCBUcsawbmcgSMOgIE7hu5lp!3m6!1s0x3135abf2a4ba685d:0x7e67963f30fa90e7!8m2!3d21.0181373!4d105.8538926!15sCjAyNCBMw6ogVsSDbiBIxrB1IHF14bqtbiBIYWkgQsOgIFRyxrBuZyBIw6AgTuG7mWlaMiIwMjQgbMOqIHbEg24gaMawdSBxdeG6rW4gaGFpIGLDoCB0csawbmcgaMOgIG7hu5lpkgEVdmlldG5hbWVzZV9yZXN0YXVyYW50mgEjQ2haRFNVaE5NRzluUzBWSlEwRm5TVVIxY3pSMlJtUjNFQUXgAQD6AQQIABAY!16s%2Fg%2F1hm5x9fjz?entry=ttu&g_ep=EgoyMDI2MDYyMy4wIKXMDSoASAFQAw%3D%3D","image":{"url":"https://lh3.googleusercontent.com/gps-cs-s/APNQkAFUoNwIH6DnrVVJXMoiboL7-IUxPsqdupF7Y8vAQ7LeUyrF9vt-sljFvUcdS5z-r7VBztyYLz0sCOys7VqbcPx7asuh017XVF9tyucjO2Y5RZpwVYcsqhFQ2Dlnnn44g71aLujK7XSyRKGL=w408-h541-k-no","scale":"cover","focalPoint":"67% 16%"}},{"name":"Bún chả Tuyết 34","address":"Hàng Than/34 P. Nguyễn Trung Trực, Ba Đình, Hà Nội","mapUrl":"https://www.google.com/maps/place/Tuy%E1%BA%BFt+B%C3%BAn+Ch%E1%BA%A3+34/@21.0413524,105.8472754,17z/data=!3m1!4b1!4m6!3m5!1s0x3135ab0009758acb:0x72167c19ee52eb9a!8m2!3d21.0413524!4d105.8472754!16s%2Fg%2F11yb_g51nj?entry=ttu&g_ep=EgoyMDI2MDYyMy4wIKXMDSoASAFQAw%3D%3D","image":{"url":"https://lh3.googleusercontent.com/gps-cs-s/APNQkAGQnB4NRamz-tS7jOoWv3Cb9ZrRXX_2A0KH5d2rZalHol3hzs44AFkVHeityAaxJyEyYewV0DkNHNUIqP8hFfdDugIkOe-eZ7w2ehKLNWRf8afiWI9pF5cZXxS3aG943y_QDK2yAq1tKrg4=w408-h306-k-no","scale":"cover","focalPoint":"41% 10%"}},{"name":"Bún chả 41 Cửa Đông","address":"41 P. Cửa Đông, Phố cổ Hà Nội, Hoàn Kiếm, Hà Nội","mapUrl":"https://www.google.com/maps/place/B%C3%BAn+ch%E1%BA%A3+41+C%E1%BB%ADa+%C4%90%C3%B4ng/@21.0345364,105.8459423,17z/data=!3m1!4b1!4m6!3m5!1s0x3135ab004dc0c117:0xb5c19abbc1a62922!8m2!3d21.0345364!4d105.8459423!16s%2Fg%2F11wq8m_61m?entry=ttu&g_ep=EgoyMDI2MDYyMy4wIKXMDSoASAFQAw%3D%3D","image":{"url":"https://lh3.googleusercontent.com/gps-cs-s/APNQkAFIdhQRmMryQRHVeLf6P5pW--OqNoaxEBF2yZ0t8Vu2uMJfC0n1yHjQLasp_2Cs-Ri1M54Que964jvpKzvKukC3hjR3_CPkhrsVx0ODiKKng_2brzMpoHslHOliKrPoGkKESGSUCHr5OsM=w408-h544-k-no","scale":"cover","focalPoint":"center"}}],"title":"ĐỊA CHỈ QUÁN NGON GIA TRUYỀN"}', '2026-07-03 21:14:29.160594+07', '2026-07-03 21:14:29.160594+07');
INSERT INTO public."InfographicBlocks" ("Id", "ProductInfographicId", "BlockType", "LayoutType", "SortOrder", "IsVisible", "DataJson", "CreatedAt", "UpdatedAt") VALUES ('92c6a5c5-8dac-4492-a230-25d248a7ceea', 'a1387f5f-fe3e-4783-addb-83f3bb58d93d', 2, 2, 1, true, '{"title":"Giới thiệu","content":"<p>Bún chả Hà Nội là một trong những món ăn tiêu biểu của thủ đô ngàn năm văn hiến. Sự kết hợp giữa thịt lợn nướng thơm lừng trên than hoa, nước chấm chua ngọt đậm đà và bún tươi mềm mại đã tạo nên một hương vị khó quên đối với thực khách trong và ngoài nước.</p>","image":{"url":"/uploads/infographics/buncha7-6cc90a66f02f4b5eb5acbe4679c7874e.jpg","scale":"contain","focalPoint":"center"},"marginTop":0,"marginBottom":20}', '2026-07-03 21:14:29.159946+07', '2026-07-03 21:14:29.159946+07');
INSERT INTO public."InfographicBlocks" ("Id", "ProductInfographicId", "BlockType", "LayoutType", "SortOrder", "IsVisible", "DataJson", "CreatedAt", "UpdatedAt") VALUES ('b3ec30c0-db76-45c6-8163-427a1869a263', 'a1387f5f-fe3e-4783-addb-83f3bb58d93d', 2, 3, 2, true, '{"title":"Nguồn gốc","content":"<p style=\"text-align: justify; text-align-last: right;\">Xuất hiện từ cuối thế kỷ XIX và đầu thế kỷ XX tại khu vực phố cổ, gắn liền với nhịp sống của người dân thủ đô từ những gánh hàng rong ven phố đến các quán ăn gia truyền.</p>","image":{"url":"/uploads/infographics/buncha8-c41e6c46c9de44fc9b929e1d9cd85451.jpg","scale":"cover","focalPoint":"bottom"},"textAlign":"right","marginTop":-30,"marginBottom":20}', '2026-07-03 21:14:29.160337+07', '2026-07-03 21:14:29.160337+07');
INSERT INTO public."InfographicBlocks" ("Id", "ProductInfographicId", "BlockType", "LayoutType", "SortOrder", "IsVisible", "DataJson", "CreatedAt", "UpdatedAt") VALUES ('fd40871a-5d79-4eca-bcfa-64e33a8fb3a7', 'a1387f5f-fe3e-4783-addb-83f3bb58d93d', 4, 6, 3, true, '{"paddingTop":40,"paddingBottom":40,"textAlign":"left","textColor":"#743e3e","visibility":"all","title":"LỊCH SỬ & DẤU MỐC NỔI BẬT","steps":[{"year":"Đầu thế kỷ XX","title":"Xuất hiện","description":"trong đời sống với nguyên liệu cua đồng mộc mạc phục vụ người lao động."},{"year":"Giữa thế kỷ XX","title":"Phổ biến","description":"khắp thành phố, các quán ăn gia truyền ra đời lưu giữ bí quyết nấu nước dùng."},{"year":"Giữa thế kỷ XX","title":"Sự kiện \"Cột mốc Vàng\"","description":"Tổng thống Barack Obama và đầu bếp Anthony Bourdain thưởng thức bún chả tại phố Lê Văn Hưu."},{"year":"Hiện nay","title":"Vị thế","description":"Là một trong những món ăn Việt Nam nổi tiếng nhất trên bản đồ ẩm thực thế giới."}],"backgroundColor":"#ffffff","marginTop":0,"marginBottom":0}', '2026-07-03 21:14:29.160407+07', '2026-07-03 21:14:29.160407+07');
INSERT INTO public."InfographicBlocks" ("Id", "ProductInfographicId", "BlockType", "LayoutType", "SortOrder", "IsVisible", "DataJson", "CreatedAt", "UpdatedAt") VALUES ('09746278-6dd2-464c-a6c5-424c1f00aac9', '1f2034c5-0aa6-4674-924f-7a7f420ea219', 4, 6, 6, true, '{"marginTop":0,"marginBottom":0,"textAlign":"left","textColor":"#333333","visibility":"all","title":"Lịch sử","steps":[{"year":"Thời Xưa","title":"Các gánh chè rong ","description":"Xuất hiện khắp phố phường phục vụ người dân."},{"year":"Thế kỷ XX","title":"Phổ biến","description":"Nhiều quán chè gia truyền ra đời, lưu giữ công thức cổ truyền."},{"year":"Hiện nay","title":"","description":"<p style=\"margin-top: -10px;\">Phát triển biến tấu hiện đại, là điểm dừng chân của du khách.</p>"}],"backgroundColor":"#ffffff"}', '2026-07-03 21:14:40.31801+07', '2026-07-03 21:14:40.31801+07');
INSERT INTO public."InfographicBlocks" ("Id", "ProductInfographicId", "BlockType", "LayoutType", "SortOrder", "IsVisible", "DataJson", "CreatedAt", "UpdatedAt") VALUES ('0d8ef251-015c-461d-b687-b7f9309e9c8e', '1f2034c5-0aa6-4674-924f-7a7f420ea219', 2, 16, 8, true, '{"marginTop":0,"marginBottom":0,"textAlign":"left","textColor":"#a86200","visibility":"all","title":"Quán chè ngon tại Hà Nội","restaurants":[{"name":"Xôi chè bà Thìn","address":"1 P. Bát Đàn, Phố cổ Hà Nội, Hoàn Kiếm","mapUrl":"https://maps.app.goo.gl/L5evZGCMB4WE7yyr6","image":{"url":"https://lh3.googleusercontent.com/gps-cs-s/APNQkAEWF4OeyTYEQYWRiCNLXByNNEnwK9qRwz_-QAkpQhCNr7X6rtt69_wvCZKRm-yRSSnMJOf3lLsUfWTP15-tQ0Cba0TqOa94HHNzaCemDaxPT8j4b1zrDXRLPDjCGsnhYPmkbkQg_gYZYoIv=w408-h544-k-no","scale":"cover","focalPoint":"center"}},{"name":"Chè Mười Sáu","address":"21A P. Lò Đúc, Hai Bà Trưng","mapUrl":"https://maps.app.goo.gl/L5ED6Z3FXUAHtupd6","image":{"url":"https://lh3.googleusercontent.com/gps-cs-s/APNQkAFw_spTruRlh250hpzgwzVKpDlfnnIMTBnLTyybJljInsU5cDGpsCAUdEzdO-mzpdKps-cvB7Wkkxzs1ZcAo8gtcHEprD92wv2k7vSSXqBglx7_RZipDLi5mLGp_Q9gwGiD6TuHSA=w408-h408-k-no","scale":"cover","focalPoint":"center"}},{"name":"Chè Ngon 93","address":"85 P. Hàng Bạc, Phố cổ Hà Nội, Hoàn Kiếm","mapUrl":"https://maps.app.goo.gl/qsTcaorBuNfxHWgw7","image":{"url":"https://lh3.googleusercontent.com/gps-cs-s/APNQkAFC9vxOcfJ1PoIhHY6gxZKB4n0yhwLqmVFnfGc2eHvVrtHea05EN5MD3zANMx9lFu4FU5PegIMSzPiv51ou__PmLHXTSNum3gE5DCD_T3jDK6DOZyr2HjEuhYbkvOvrp-SqhOGkMKa5GcjK=w426-h240-k-no","scale":"cover","focalPoint":"center"}}],"backgroundColor":"#f5e4d1"}', '2026-07-03 21:14:40.318058+07', '2026-07-03 21:14:40.318058+07');
INSERT INTO public."InfographicBlocks" ("Id", "ProductInfographicId", "BlockType", "LayoutType", "SortOrder", "IsVisible", "DataJson", "CreatedAt", "UpdatedAt") VALUES ('4005f04f-d7c9-4e5b-8665-a43b65f5bc98', '1f2034c5-0aa6-4674-924f-7a7f420ea219', 2, 17, 5, true, '{"marginTop":0,"marginBottom":0,"textAlign":"left","textColor":"#333333","visibility":"all","topText":"<h2 style=\"text-align:justify;\">Đặc trưng hương vị &amp; Trải nghiệm</h2><p style=\"text-align:justify;\">Vị ngọt thanh không gắt, hương thơm tự nhiên từ đậu, hạt sen hay gừng. Một bát chè mát lạnh giữa ngày hè hay bát chè nóng trong tiết trời se lạnh đem lại cảm giác ngồi bên quán nhỏ phố cổ, ngắm dòng người qua lại bình dị.ên</p>","image":{"url":"https://static.vinwonders.com/production/che-ngon-ha-noi-0.jpg","scale":"cover","focalPoint":"center"},"bottomText":"<h2 style=\"text-align:right;\">Giá trị văn hóa</h2><p style=\"text-align:justify; text-align-last: right;\">Phản ánh phong cách sống thanh lịch của người Tràng An. Các món chè cổ truyền (chè kho, chè bà cốt) gắn liền với dịp lễ, Tết, cúng gia tiên, thể hiện nét đẹp trong văn hóa ẩm thực và tín ngưỡng.</p>","backgroundColor":"#ffffff"}', '2026-07-03 21:14:40.317981+07', '2026-07-03 21:14:40.317981+07');
INSERT INTO public."InfographicBlocks" ("Id", "ProductInfographicId", "BlockType", "LayoutType", "SortOrder", "IsVisible", "DataJson", "CreatedAt", "UpdatedAt") VALUES ('49cd6f08-3bd8-414b-be0a-48eb9d65841d', '1f2034c5-0aa6-4674-924f-7a7f420ea219', 2, 10, 4, true, '{"marginTop":0,"marginBottom":0,"textAlign":"left","textColor":"#ffffff","visibility":"all","content":"<p style=\"text-align:center;\">\"Chè Hà Nội – ngọt vừa đủ để nhớ, thanh vừa đủ để thương\"</p>","author":"Nhân dân Hà Nội","backgroundColor":"#66cddb"}', '2026-07-03 21:14:40.317944+07', '2026-07-03 21:14:40.317944+07');
INSERT INTO public."InfographicBlocks" ("Id", "ProductInfographicId", "BlockType", "LayoutType", "SortOrder", "IsVisible", "DataJson", "CreatedAt", "UpdatedAt") VALUES ('63e1b887-a8ee-4dd1-80e6-b98384dccd14', '1f2034c5-0aa6-4674-924f-7a7f420ea219', 8, 14, 3, true, '{"marginTop":40,"marginBottom":40,"textAlign":"center","textColor":"#333333","visibility":"all","title":"CÁC LOẠI CHÈ NỔI TIẾNG","subtitle":"","items":[{"image":{"url":"https://dauhomemade.vn/apps/uploads/2019/06/Ch%C3%A8-sen-long-nh%C3%A3n-30.000.jpg","scale":"cover","focalPoint":"62% 79%"},"title":"Chè Sen","description":"Hạt sen bùi, nước chè trong và vị ngọt nhẹ, dùng vào mùa hè","tag":""},{"image":{"url":"https://i-giadinh.vnecdn.net/2022/08/22/Buoc-7-7-7927-1661154462.jpg","scale":"cover","focalPoint":"center"},"title":"Chè Đỗ Xanh","description":"Dân dã, ninh mềm, nước thanh mát giúp giải nhiệt","tag":""},{"image":{"url":"https://i-giadinh.vnecdn.net/2022/07/15/Thnhphm11-1657866442-7335-1657866566.jpg","scale":"cover","focalPoint":"51% 49%"},"title":"Chè Đỗ Đen","description":"Dân dã, ninh mềm, nước thanh mát giúp giải nhiệt","tag":""},{"image":{"url":"https://cdn.tgdd.vn/2021/07/CookProduct/1-1200x676-1.jpg","scale":"cover","focalPoint":"69% 53%"},"title":"Chè Khúc Bạch","description":"Biến tấu hiện đại với vị béo nhẹ của kem sữa, trái cây và hạnh nhân.","tag":""}],"backgroundColor":"#ffffff"}', '2026-07-03 21:14:40.317917+07', '2026-07-03 21:14:40.317917+07');
INSERT INTO public."InfographicBlocks" ("Id", "ProductInfographicId", "BlockType", "LayoutType", "SortOrder", "IsVisible", "DataJson", "CreatedAt", "UpdatedAt") VALUES ('6969b533-2472-4d67-a879-bae26aa6e5be', '1f2034c5-0aa6-4674-924f-7a7f420ea219', 2, 2, 1, true, '{"title":"Giới thiệu","content":"<p style=\"text-align:justify;\">Chè Hà Nội là một thế giới đa dạng và phong phú của những món tráng miệng truyền thống. Từ chè thập cẩm, chè sen, chè hạt sen nhãn nhục, đến chè bà ba hay chè đậu xanh – mỗi loại mang một hương vị riêng biệt, tinh tế và khó quên.</p>","image":{"url":"https://ik.imagekit.io/tvlk/blog/2023/11/go-and-share-tiem-che-ha-noi-1.webp","scale":"cover","focalPoint":"32% 75%"},"backgroundColor":"#ffffff","textColor":"#1d758b","textAlign":"right"}', '2026-07-03 21:14:40.317847+07', '2026-07-03 21:14:40.317847+07');
INSERT INTO public."InfographicBlocks" ("Id", "ProductInfographicId", "BlockType", "LayoutType", "SortOrder", "IsVisible", "DataJson", "CreatedAt", "UpdatedAt") VALUES ('6ea595eb-01b2-4408-a9fb-3a5c50dae829', '1f2034c5-0aa6-4674-924f-7a7f420ea219', 5, 7, 7, true, '{"marginTop":0,"marginBottom":0,"textAlign":"left","textColor":"#333333","visibility":"all","title":"","description":"","images":[{"url":{"url":"https://thethaovanhoa.mediacdn.vn/Upload/RxLyK9cSMSneid9zG0DQ/files/2017/06/chekhoaideo.jpg","scale":"cover","focalPoint":"center"},"alt":"Image 1"},{"url":{"url":"https://thethaovanhoa.mediacdn.vn/Upload/RxLyK9cSMSneid9zG0DQ/files/2017/06/chesenthach.jpg","scale":"cover","focalPoint":"center"},"alt":""},{"url":{"url":"https://thethaovanhoa.mediacdn.vn/Upload/RxLyK9cSMSneid9zG0DQ/files/2017/06/checaramen.jpg","scale":"cover","focalPoint":"center"},"alt":""},{"url":{"url":"https://thethaovanhoa.mediacdn.vn/Upload/RxLyK9cSMSneid9zG0DQ/files/2017/06/chetuchon.jpg","scale":"cover","focalPoint":"center"},"alt":""},{"url":{"url":"https://thethaovanhoa.mediacdn.vn/Upload/RxLyK9cSMSneid9zG0DQ/files/2017/06/cheThai.jpg","scale":"cover","focalPoint":"center"},"alt":""},{"url":{"url":"https://thethaovanhoa.mediacdn.vn/Upload/RxLyK9cSMSneid9zG0DQ/files/2017/06/chesau.jpg","scale":"cover","focalPoint":"center"},"alt":""}],"backgroundColor":"#ffffff"}', '2026-07-03 21:14:40.318035+07', '2026-07-03 21:14:40.318035+07');
INSERT INTO public."InfographicBlocks" ("Id", "ProductInfographicId", "BlockType", "LayoutType", "SortOrder", "IsVisible", "DataJson", "CreatedAt", "UpdatedAt") VALUES ('c894703c-d9be-4ddc-aedd-86eb66208539', '1f2034c5-0aa6-4674-924f-7a7f420ea219', 1, 1, 0, true, '{"title":"Chè Hà Nội","subtitle":"Ngọt ngào thanh mát – tinh hoa quà vặt đất kinh kỳ","image":{"url":"https://static.vinwonders.com/production/che-ngon-ha-noi-1.jpg","scale":"cover","focalPoint":"74% 28%"},"textAlign":"left","backgroundColor":"#473d6b","textColor":"#8fe9ff"}', '2026-07-03 21:14:40.317636+07', '2026-07-03 21:14:40.317636+07');
INSERT INTO public."InfographicBlocks" ("Id", "ProductInfographicId", "BlockType", "LayoutType", "SortOrder", "IsVisible", "DataJson", "CreatedAt", "UpdatedAt") VALUES ('d54fbca7-139c-425a-b561-50b0e9751814', '1f2034c5-0aa6-4674-924f-7a7f420ea219', 2, 3, 2, true, '{"title":"Nguồn gốc","content":"<p style=\"text-align:justify;\">Xuất hiện từ hàng trăm năm trước, gắn liền với những gánh hàng rong, quán nước ven hồ và các khu phố cổ. Ban đầu được nấu từ các loại đậu, hạt sen, đỗ xanh... để giải nhiệt và bồi bổ sức khỏe.</p>","image":{"url":"https://www.vntrip.vn/cam-nang/wp-content/uploads/2017/09/che-bobochacha-cua-bac.jpg","scale":"cover","focalPoint":"44% 45%"},"backgroundColor":"#ffffff","textColor":"#6e0b75"}', '2026-07-03 21:14:40.317885+07', '2026-07-03 21:14:40.317885+07');


ALTER TABLE public."InfographicBlocks" ENABLE TRIGGER ALL;

--
-- TOC entry 4987 (class 0 OID 25514)
-- Dependencies: 219
-- Data for Name: LandingPageConfigs; Type: TABLE DATA; Schema: public; Owner: postgres
--

ALTER TABLE public."LandingPageConfigs" DISABLE TRIGGER ALL;

INSERT INTO public."LandingPageConfigs" ("Id", "ProvinceId", "ThemeColor", "FontFamily", "BackgroundUrl", "Layout", "SectionColorsJson", "SectionOrderJson", "SectionVisibilityJson", "SectionContentJson") VALUES ('0012bda7-11e7-4bb0-bbad-d5515cdbb94e', '990ee6db-1ff5-43c7-a89e-53a53f137956', '#166534', 'Inter', '/Images/caphethainguyen.jpg', 'default', '', '', '', '');
INSERT INTO public."LandingPageConfigs" ("Id", "ProvinceId", "ThemeColor", "FontFamily", "BackgroundUrl", "Layout", "SectionColorsJson", "SectionOrderJson", "SectionVisibilityJson", "SectionContentJson") VALUES ('012ebf8c-7289-4f59-88e4-14d56f871cd3', 'c7733c2e-a48b-47cf-8cfd-efe3e5f2ef1f', '#15803d', 'Inter', '/Images/homepage.png', 'default', '', '', '', '');
INSERT INTO public."LandingPageConfigs" ("Id", "ProvinceId", "ThemeColor", "FontFamily", "BackgroundUrl", "Layout", "SectionColorsJson", "SectionOrderJson", "SectionVisibilityJson", "SectionContentJson") VALUES ('064940c1-e7cb-4862-b789-1546c20686e5', '98a79e0f-7c1e-4047-ac39-e4c4a3e6d330', '#16a34a', 'Inter', '/Images/homepage.png', 'default', '', '', '', '');
INSERT INTO public."LandingPageConfigs" ("Id", "ProvinceId", "ThemeColor", "FontFamily", "BackgroundUrl", "Layout", "SectionColorsJson", "SectionOrderJson", "SectionVisibilityJson", "SectionContentJson") VALUES ('08971e51-6a64-405f-9652-6092b94f15ee', '22f82d8a-ec31-44f5-8f9f-6781af211616', '#0ea5e9', 'Inter', '/Images/homepage.png', 'default', '', '', '', '');
INSERT INTO public."LandingPageConfigs" ("Id", "ProvinceId", "ThemeColor", "FontFamily", "BackgroundUrl", "Layout", "SectionColorsJson", "SectionOrderJson", "SectionVisibilityJson", "SectionContentJson") VALUES ('08d8b08d-84ce-42d8-891b-6fc4f9046038', 'd33a680b-ce33-4556-8ec7-573485a032c8', '#0f766e', 'Inter', '/Images/homepage.png', 'default', '', '', '', '');
INSERT INTO public."LandingPageConfigs" ("Id", "ProvinceId", "ThemeColor", "FontFamily", "BackgroundUrl", "Layout", "SectionColorsJson", "SectionOrderJson", "SectionVisibilityJson", "SectionContentJson") VALUES ('0e648962-314f-4e80-9b4e-1ef7a9c79827', 'fed9f808-acb1-48d3-9ef7-7c3a2c80c2b2', '#a16207', 'Inter', '/Images/homepage.png', 'default', '', '', '', '');
INSERT INTO public."LandingPageConfigs" ("Id", "ProvinceId", "ThemeColor", "FontFamily", "BackgroundUrl", "Layout", "SectionColorsJson", "SectionOrderJson", "SectionVisibilityJson", "SectionContentJson") VALUES ('1ffffa41-f0aa-4718-86e8-6f841dbc1546', 'ae020ee3-29a8-4db1-8d09-80c18f2896a0', '#166534', 'Inter', '/Images/caphethainguyen.jpg', 'default', '', '', '', '');
INSERT INTO public."LandingPageConfigs" ("Id", "ProvinceId", "ThemeColor", "FontFamily", "BackgroundUrl", "Layout", "SectionColorsJson", "SectionOrderJson", "SectionVisibilityJson", "SectionContentJson") VALUES ('26ebd324-9556-443f-bb8a-d1ac367db405', 'd3d1c695-c90a-4198-822f-81096d53db2f', '#0ea5e9', 'Inter', '/Images/dsvn-vinh-ha-long.png', 'default', '', '', '', '');
INSERT INTO public."LandingPageConfigs" ("Id", "ProvinceId", "ThemeColor", "FontFamily", "BackgroundUrl", "Layout", "SectionColorsJson", "SectionOrderJson", "SectionVisibilityJson", "SectionContentJson") VALUES ('32dac492-b222-46f7-97e0-268a77f48d04', '98d65c69-05a5-4323-924a-05e787508b6f', '#0284c7', 'Inter', '/Images/nha-hang-hai-san-nha-trang.jpg', 'default', '', '', '', '');
INSERT INTO public."LandingPageConfigs" ("Id", "ProvinceId", "ThemeColor", "FontFamily", "BackgroundUrl", "Layout", "SectionColorsJson", "SectionOrderJson", "SectionVisibilityJson", "SectionContentJson") VALUES ('3624d8fe-50cb-4396-9cbd-e1fafe8a0c55', '2bddd216-9778-4842-91fa-a162ee0f7d76', '#0f766e', 'Inter', '/Images/homepage.png', 'default', '', '', '', '');
INSERT INTO public."LandingPageConfigs" ("Id", "ProvinceId", "ThemeColor", "FontFamily", "BackgroundUrl", "Layout", "SectionColorsJson", "SectionOrderJson", "SectionVisibilityJson", "SectionContentJson") VALUES ('3f1a922d-8752-49c4-841d-1687c508d91a', '88ed81e9-8089-43fc-8e72-6234b2e47ddd', '#15803d', 'Inter', '/Images/homepage.png', 'default', '', '', '', '');
INSERT INTO public."LandingPageConfigs" ("Id", "ProvinceId", "ThemeColor", "FontFamily", "BackgroundUrl", "Layout", "SectionColorsJson", "SectionOrderJson", "SectionVisibilityJson", "SectionContentJson") VALUES ('4ccc9128-d576-47a5-a83e-2916ee9c85cd', '6340661a-a6c8-4b83-8800-e1ee09683092', '#7c3aed', 'Inter', '/Images/dsvn-co-do-hue.png', 'default', '', '', '', '');
INSERT INTO public."LandingPageConfigs" ("Id", "ProvinceId", "ThemeColor", "FontFamily", "BackgroundUrl", "Layout", "SectionColorsJson", "SectionOrderJson", "SectionVisibilityJson", "SectionContentJson") VALUES ('5391103c-b6fd-464c-a93b-6d6b4e4ea27e', 'c2f5caf1-ee97-48a0-95b2-adc2b7ab39ec', '#15803d', 'Inter', '/Images/homepage.png', 'default', '', '', '', '');
INSERT INTO public."LandingPageConfigs" ("Id", "ProvinceId", "ThemeColor", "FontFamily", "BackgroundUrl", "Layout", "SectionColorsJson", "SectionOrderJson", "SectionVisibilityJson", "SectionContentJson") VALUES ('57ceb477-01a9-4145-8561-381fea2c9e62', '8bba945a-f06d-4d97-a332-7f5fe1f91687', '#0f766e', 'Inter', '/Images/dsvn-vinh-ha-long.png', 'default', '', '', '', '');
INSERT INTO public."LandingPageConfigs" ("Id", "ProvinceId", "ThemeColor", "FontFamily", "BackgroundUrl", "Layout", "SectionColorsJson", "SectionOrderJson", "SectionVisibilityJson", "SectionContentJson") VALUES ('69feca62-6b74-4ada-b926-bae806aebdab', '99ebecb9-dd2f-4240-95ec-268475dc1fe1', '#0f766e', 'Inter', '/Images/homepage.png', 'default', '', '', '', '');
INSERT INTO public."LandingPageConfigs" ("Id", "ProvinceId", "ThemeColor", "FontFamily", "BackgroundUrl", "Layout", "SectionColorsJson", "SectionOrderJson", "SectionVisibilityJson", "SectionContentJson") VALUES ('779abff4-6a53-4e13-8e0f-6b393ebbe97d', '1a42aaef-5092-4247-9c12-9800d9e94b81', '#92400e', 'Inter', '/Images/caphethainguyen.jpg', 'default', '', '', '', '');
INSERT INTO public."LandingPageConfigs" ("Id", "ProvinceId", "ThemeColor", "FontFamily", "BackgroundUrl", "Layout", "SectionColorsJson", "SectionOrderJson", "SectionVisibilityJson", "SectionContentJson") VALUES ('7c89f9c2-efe6-41ed-8112-d9522cdd821e', '4f62153d-38be-4235-b983-3c86a9701cdb', '#9a3412', 'Inter', '/Images/homepage.png', 'default', '', '', '', '');
INSERT INTO public."LandingPageConfigs" ("Id", "ProvinceId", "ThemeColor", "FontFamily", "BackgroundUrl", "Layout", "SectionColorsJson", "SectionOrderJson", "SectionVisibilityJson", "SectionContentJson") VALUES ('91738c30-672e-4f26-b4cd-6a33efe809f0', '4dab6a84-5740-447a-b03c-2f29f4840547', '#b45309', 'Inter', '/Images/homepage.png', 'default', '', '', '', '');
INSERT INTO public."LandingPageConfigs" ("Id", "ProvinceId", "ThemeColor", "FontFamily", "BackgroundUrl", "Layout", "SectionColorsJson", "SectionOrderJson", "SectionVisibilityJson", "SectionContentJson") VALUES ('95217ac6-6bd0-4853-be23-1775976d20be', 'c936727a-2997-4a7d-8d5e-f32bb270892d', '#b45309', 'Inter', '/Images/homepage.png', 'default', '', '', '', '');
INSERT INTO public."LandingPageConfigs" ("Id", "ProvinceId", "ThemeColor", "FontFamily", "BackgroundUrl", "Layout", "SectionColorsJson", "SectionOrderJson", "SectionVisibilityJson", "SectionContentJson") VALUES ('9b56b993-1de8-456e-93db-d1539f87df9a', '3fe8e06a-a881-4e59-a104-85e29ab85778', '#92400e', 'Inter', '/Images/homepage.png', 'default', '', '', '', '');
INSERT INTO public."LandingPageConfigs" ("Id", "ProvinceId", "ThemeColor", "FontFamily", "BackgroundUrl", "Layout", "SectionColorsJson", "SectionOrderJson", "SectionVisibilityJson", "SectionContentJson") VALUES ('a0898553-87df-482e-9c7b-79cfea9cd5ca', '77b3ecd8-2f50-485b-93b7-991496a7836e', '#9a3412', 'Inter', '/Images/homepage.png', 'default', '', '', '', '');
INSERT INTO public."LandingPageConfigs" ("Id", "ProvinceId", "ThemeColor", "FontFamily", "BackgroundUrl", "Layout", "SectionColorsJson", "SectionOrderJson", "SectionVisibilityJson", "SectionContentJson") VALUES ('a0c1130a-49cd-4e4b-ac5f-c5136f773494', '68d374de-f148-47f7-968c-cfa4220602be', '#15803d', 'Inter', '/Images/homepage.png', 'default', '', '', '', '');
INSERT INTO public."LandingPageConfigs" ("Id", "ProvinceId", "ThemeColor", "FontFamily", "BackgroundUrl", "Layout", "SectionColorsJson", "SectionOrderJson", "SectionVisibilityJson", "SectionContentJson") VALUES ('b72dc5c2-0ff4-4eb5-87da-c6a07fb20711', 'c7c037a1-f97c-4a91-9c84-71d3e8c721b9', '#b91c1c', 'Inter', '/Images/homepage.png', 'default', '', '', '', '');
INSERT INTO public."LandingPageConfigs" ("Id", "ProvinceId", "ThemeColor", "FontFamily", "BackgroundUrl", "Layout", "SectionColorsJson", "SectionOrderJson", "SectionVisibilityJson", "SectionContentJson") VALUES ('bea7bd5c-5648-47bf-b83e-8ae1a6ea8f52', '916f0a41-4661-455a-971f-ff789518d5ed', '#16a34a', 'Inter', '/Images/homepage.png', 'default', '', '', '', '');
INSERT INTO public."LandingPageConfigs" ("Id", "ProvinceId", "ThemeColor", "FontFamily", "BackgroundUrl", "Layout", "SectionColorsJson", "SectionOrderJson", "SectionVisibilityJson", "SectionContentJson") VALUES ('bfa932c4-b1fe-4596-a714-55b6822e10fc', '5ceec439-f109-4a46-9f54-acfe172d88a5', '#92400e', 'Inter', '/Images/homepage.png', 'default', '', '', '', '');
INSERT INTO public."LandingPageConfigs" ("Id", "ProvinceId", "ThemeColor", "FontFamily", "BackgroundUrl", "Layout", "SectionColorsJson", "SectionOrderJson", "SectionVisibilityJson", "SectionContentJson") VALUES ('bfbff974-4ea1-432f-8823-3825153110a7', '9f882341-5b8e-424b-8da9-fda0de6ee9b9', '#065f46', 'Inter', '/Images/homepage.png', 'default', '', '', '', '');
INSERT INTO public."LandingPageConfigs" ("Id", "ProvinceId", "ThemeColor", "FontFamily", "BackgroundUrl", "Layout", "SectionColorsJson", "SectionOrderJson", "SectionVisibilityJson", "SectionContentJson") VALUES ('c91950d4-30f2-4094-b84e-8aa09dd34bd3', '064d7b0d-8039-433c-b03c-e731d698825a', '#15803d', 'Inter', '/Images/dsvn-vinh-ha-long.png', 'default', '', '', '', '');
INSERT INTO public."LandingPageConfigs" ("Id", "ProvinceId", "ThemeColor", "FontFamily", "BackgroundUrl", "Layout", "SectionColorsJson", "SectionOrderJson", "SectionVisibilityJson", "SectionContentJson") VALUES ('dc7a6704-0e6c-46da-8b28-8ceceaa9afc3', '294bce6b-804a-4adb-999b-b3dea32091c2', '#b45309', 'Inter', '/Images/homepage.png', 'default', '', '', '', '');
INSERT INTO public."LandingPageConfigs" ("Id", "ProvinceId", "ThemeColor", "FontFamily", "BackgroundUrl", "Layout", "SectionColorsJson", "SectionOrderJson", "SectionVisibilityJson", "SectionContentJson") VALUES ('e7b72a1a-57dc-4dec-80eb-b4eead5f8989', '3f1ff379-a192-452c-8201-de99f73569c7', '#0f766e', 'Inter', '/Images/caphethainguyen.jpg', 'default', '', '', '', '');
INSERT INTO public."LandingPageConfigs" ("Id", "ProvinceId", "ThemeColor", "FontFamily", "BackgroundUrl", "Layout", "SectionColorsJson", "SectionOrderJson", "SectionVisibilityJson", "SectionContentJson") VALUES ('e9ba48d1-463b-437a-8560-a1a923e851a4', '85999551-b2b1-4bbe-9781-28025ba635ed', '#9a3412', 'Inter', '/Images/homepage.png', 'default', '', '', '', '');
INSERT INTO public."LandingPageConfigs" ("Id", "ProvinceId", "ThemeColor", "FontFamily", "BackgroundUrl", "Layout", "SectionColorsJson", "SectionOrderJson", "SectionVisibilityJson", "SectionContentJson") VALUES ('f6d1a4be-05a9-4446-a61a-e1d8e22febf3', '5d644516-17b5-4483-a6a9-14e49cd6f94c', '#b91c1c', 'Inter', '/Images/homepage.png', 'default', '', '', '', '');
INSERT INTO public."LandingPageConfigs" ("Id", "ProvinceId", "ThemeColor", "FontFamily", "BackgroundUrl", "Layout", "SectionColorsJson", "SectionOrderJson", "SectionVisibilityJson", "SectionContentJson") VALUES ('f9f5ce75-1f32-415b-b07c-9138bdad3add', '4d339f60-dac5-4b2a-82f8-9392c8ca90a1', '#dc2626', 'Inter', '/Images/dsvn-vinh-ha-long.png', 'default', '', '', '', '');
INSERT INTO public."LandingPageConfigs" ("Id", "ProvinceId", "ThemeColor", "FontFamily", "BackgroundUrl", "Layout", "SectionColorsJson", "SectionOrderJson", "SectionVisibilityJson", "SectionContentJson") VALUES ('fbf20626-8e36-47b7-afdb-e58a61cf46cc', '6dfa9958-ff30-4cf6-98fb-08f3282c60d8', '#b91c1c', 'Inter', '/Images/homepage.png', 'default', '', '', '', '');
INSERT INTO public."LandingPageConfigs" ("Id", "ProvinceId", "ThemeColor", "FontFamily", "BackgroundUrl", "Layout", "SectionColorsJson", "SectionOrderJson", "SectionVisibilityJson", "SectionContentJson") VALUES ('ea60e856-409b-4b3b-935b-0561b939ad6e', 'b1c56a08-78c6-4b10-afc8-fbd974801a47', '#dc2626', '''Josefin Sans'', sans-serif', '/Images/dsvh-hoang-thanh-thang-long.png', 'default', '{"video":"#fbfbda"}', '["hero","intro","video","charts","timeline","culture","specialties","craftVillages","festivals","gallery","info"]', '{"hero":true,"intro":true,"video":true,"charts":true,"timeline":true,"culture":true,"specialties":true,"craftVillages":true,"festivals":true,"gallery":true,"info":true}', '');


ALTER TABLE public."LandingPageConfigs" ENABLE TRIGGER ALL;

--
-- TOC entry 4991 (class 0 OID 25591)
-- Dependencies: 223
-- Data for Name: MediaItems; Type: TABLE DATA; Schema: public; Owner: postgres
--

ALTER TABLE public."MediaItems" DISABLE TRIGGER ALL;



ALTER TABLE public."MediaItems" ENABLE TRIGGER ALL;

--
-- TOC entry 4992 (class 0 OID 25603)
-- Dependencies: 224
-- Data for Name: Posts; Type: TABLE DATA; Schema: public; Owner: postgres
--

ALTER TABLE public."Posts" DISABLE TRIGGER ALL;



ALTER TABLE public."Posts" ENABLE TRIGGER ALL;

--
-- TOC entry 4994 (class 0 OID 25667)
-- Dependencies: 226
-- Data for Name: ProductGalleries; Type: TABLE DATA; Schema: public; Owner: postgres
--

ALTER TABLE public."ProductGalleries" DISABLE TRIGGER ALL;



ALTER TABLE public."ProductGalleries" ENABLE TRIGGER ALL;

--
-- TOC entry 4997 (class 0 OID 25752)
-- Dependencies: 229
-- Data for Name: ProductShops; Type: TABLE DATA; Schema: public; Owner: postgres
--

ALTER TABLE public."ProductShops" DISABLE TRIGGER ALL;

INSERT INTO public."ProductShops" ("Id", "ProductId", "ShopName", "ShopUrl", "Platform", "ImageUrl") VALUES ('2b44dec4-e399-4dad-a0a9-5bdcb4e5817c', '03379fa1-7868-4637-9681-a4c78e61a162', 'Bún Chả Phương Béo - Kim Giang', 'https://shopeefood.vn/ha-noi/bun-cha-phuong-beo', 'ShopeeFood', 'https://down-zl-vn.img.susercontent.com/vn-11134513-7r98o-lsu9lpcdk4gpb4@resize_ss640x400!@crop_w640_h400_cT');
INSERT INTO public."ProductShops" ("Id", "ProductId", "ShopName", "ShopUrl", "Platform", "ImageUrl") VALUES ('65c43ae4-6511-4a61-91d4-b9bcc439b49a', '03379fa1-7868-4637-9681-a4c78e61a162', ' Tít Thò Lò - Bún Chả, Bún Trộn & Bún Đậu - Dương Nội', 'https://shopeefood.vn/ha-noi/tit-tho-lo-bun-cha-bun-tron-bun-dau-duong-noi', 'ShopeeFood', 'https://down-zl-vn.img.susercontent.com/vn-11134513-7r98o-luux5m1t3in970@resize_ss640x400!@crop_w640_h400_cT');
INSERT INTO public."ProductShops" ("Id", "ProductId", "ShopName", "ShopUrl", "Platform", "ImageUrl") VALUES ('85cee99c-6475-4290-a863-bc03cf0dfcb4', '03379fa1-7868-4637-9681-a4c78e61a162', 'Bún Chả & Nem Cua Bể - Yên Hòa', 'https://shopeefood.vn/ha-noi/bun-cha-nem-cua-be-yen-hoa', 'ShopeeFood', 'https://down-ws-vn.img.susercontent.com/vn-11134513-7r98o-lstxst5fonnoeb@resize_ss640x400!@crop_w640_h400_cT');
INSERT INTO public."ProductShops" ("Id", "ProductId", "ShopName", "ShopUrl", "Platform", "ImageUrl") VALUES ('67a98c68-1238-4c9c-96f4-294785e27893', '5e9d8b19-e49e-4d69-a500-6d99219bdf70', 'Bánh Đa Cua Da Liễu Chính Hiệu', 'https://shopeefood.vn/hai-phong/banh-da-cua-da-lieu-chinh-hieu-banh-da-cua-since-1996-tran-phu', 'ShopeeFood', 'https://down-bs-vn.img.susercontent.com/vn-11134513-7r98o-lsv49fn77z5wad@resize_ss640x400!@crop_w640_h400_cT');
INSERT INTO public."ProductShops" ("Id", "ProductId", "ShopName", "ShopUrl", "Platform", "ImageUrl") VALUES ('b43cf31a-96d9-4006-8ad1-021075cfe1ee', '5e9d8b19-e49e-4d69-a500-6d99219bdf70', 'Bánh Đa Cua Bà Thìn - Cầu Đất', 'https://shopeefood.vn/hai-phong/banh-da-cua-ba-thin-cau-dat', 'ShopeeFood', 'https://down-bs-vn.img.susercontent.com/vn-11134513-7r98o-lsv5qrshbhz8b4@resize_ss640x400!@crop_w640_h400_cT');
INSERT INTO public."ProductShops" ("Id", "ProductId", "ShopName", "ShopUrl", "Platform", "ImageUrl") VALUES ('0aadbb6d-d581-4550-b6bb-5e9821e483bb', '0403aea0-7e22-445e-8c6d-b1d748355445', 'Nhà hàng bún chả Phương Mai - Thương hiệu 40 năm', 'https://www.facebook.com/NhahangbunchaPhuongMai/?locale=vi_VN', 'Facebook', 'https://scontent-sin2-1.xx.fbcdn.net/v/t39.30808-6/299496206_475826091217563_8083018616683597100_n.jpg?stp=dst-jpg_tt6&cstp=mx225x225&ctp=s225x225&_nc_cat=102&ccb=1-7&_nc_sid=6ee11a&_nc_ohc=MWLLED8e3eIQ7kNvwG-f6J7&_nc_oc=Adr0A29Y76gxCfSlj8COnjx-LDpvypQ8q1hnWs3MGWPVP0jwe-QGm2P1TVPiR5NC1-qQshwo3BF17DrHF7IyBN_W&_nc_zt=23&_nc_ht=scontent-sin2-1.xx&_nc_gid=FkyB4Kdd2SXDW7dYSDXfHA&_nc_ss=7b2a8&oh=00_AQApD7M2DQph6tS60ppXeAazVUFizUV8yVmffK_a9RPBLg&oe=6A4C4D27');


ALTER TABLE public."ProductShops" ENABLE TRIGGER ALL;

--
-- TOC entry 4988 (class 0 OID 25526)
-- Dependencies: 220
-- Data for Name: UIBlocks; Type: TABLE DATA; Schema: public; Owner: postgres
--

ALTER TABLE public."UIBlocks" DISABLE TRIGGER ALL;

INSERT INTO public."UIBlocks" ("Id", "LandingPageConfigId", "BlockType", "Title", "ContentJson", "SortOrder", "IsEnabled") VALUES ('0053ad9e-5ada-4070-9959-9f1583f4c55e', '1ffffa41-f0aa-4718-86e8-6f841dbc1546', 'tourism', 'Du lịch', '{"title":"Du l\u1ECBch","items":[{"name":"H\u1ED3 N\u00FAi C\u1ED1c","description":"H\u1ED3 n\u01B0\u1EDBc th\u01A1 m\u1ED9ng gi\u1EEFa \u0111\u1ED3i ch\u00E8.","origin":"","image":"/Images/homepage.png"},{"name":"B\u1EA3o t\u00E0ng V\u0103n h\u00F3a c\u00E1c d\u00E2n t\u1ED9c","description":"Kh\u00F4ng gian l\u01B0u gi\u1EEF di s\u1EA3n v\u0103n h\u00F3a.","origin":"","image":"/Images/dsvh-hoang-thanh-thang-long.png"},{"name":"\u0110\u1ED3i ch\u00E8 T\u00E2n C\u01B0\u01A1ng","description":"Khung c\u1EA3nh xanh ng\u00E1t tr\u1EA3i d\u00E0i.","origin":"","image":"/Images/caphethainguyen.jpg"}]}', 6, true);
INSERT INTO public."UIBlocks" ("Id", "LandingPageConfigId", "BlockType", "Title", "ContentJson", "SortOrder", "IsEnabled") VALUES ('02947710-cb22-4715-9000-55482bf8093b', 'fbf20626-8e36-47b7-afdb-e58a61cf46cc', 'specialties', 'Đặc sản', '{"title":"\u0110\u1EB7c s\u1EA3n","items":[{"name":"C\u00E1 l\u00F3c n\u01B0\u1EDBng trui","description":"M\u00F3n \u0103n d\u00E2n d\u00E3, th\u01A1m l\u1EEBng.","origin":"Sa \u0110\u00E9c","image":"/Images/nha-hang-hai-san-nha-trang.jpg"},{"name":"H\u1EE7 ti\u1EBFu Sa \u0110\u00E9c","description":"S\u1EE3i h\u1EE7 ti\u1EBFu dai, n\u01B0\u1EDBc d\u00F9ng ng\u1ECDt.","origin":"Sa \u0110\u00E9c","image":"/Images/pho-bo-ha-noi.jpeg"},{"name":"Nem Lai Vung","description":"Nem chua ng\u1ECDt th\u01A1m.","origin":"Lai Vung","image":"/Images/am-thuc-viet-nam-2-1751938296.jpg"}]}', 5, true);
INSERT INTO public."UIBlocks" ("Id", "LandingPageConfigId", "BlockType", "Title", "ContentJson", "SortOrder", "IsEnabled") VALUES ('035311e7-71ad-4fce-9b1b-34ab32993989', '064940c1-e7cb-4862-b789-1546c20686e5', 'gallery', 'Thư viện ảnh', '{"title":"Th\u01B0 vi\u1EC7n \u1EA3nh","images":["/Images/homepage.png","/Images/nha-hang-hai-san-nha-trang.jpg","/Images/am-thuc-viet-nam-2-1751938296.jpg","/Images/pho-bo-ha-noi.jpeg","/Images/dsvn-vinh-ha-long.png","/Images/caphethainguyen.jpg"]}', 8, true);
INSERT INTO public."UIBlocks" ("Id", "LandingPageConfigId", "BlockType", "Title", "ContentJson", "SortOrder", "IsEnabled") VALUES ('0615d5e0-4985-49a4-9d4e-80b35cba187f', '57ceb477-01a9-4145-8561-381fea2c9e62', 'highlights', 'Điểm nhấn', '{"title":"\u0110i\u1EC3m nh\u1EA5n","description":"Qu\u1EA3ng Ng\u00E3i n\u1ED5i b\u1EADt v\u1EDBi \u0111\u1EA3o L\u00FD S\u01A1n, bi\u1EC3n xanh v\u00E0 v\u0103n h\u00F3a Sa Hu\u1EF3nh.","items":[]}', 4, true);
INSERT INTO public."UIBlocks" ("Id", "LandingPageConfigId", "BlockType", "Title", "ContentJson", "SortOrder", "IsEnabled") VALUES ('0654680f-6e9c-45ff-b92d-0a32c946d100', '064940c1-e7cb-4862-b789-1546c20686e5', 'highlights', 'Điểm nhấn', '{"title":"\u0110i\u1EC3m nh\u1EA5n","description":"Th\u1EE7 ph\u1EE7 mi\u1EC1n T\u00E2y v\u1EDBi ch\u1EE3 n\u1ED5i, v\u01B0\u1EDDn tr\u00E1i c\u00E2y v\u00E0 \u1EA9m th\u1EF1c m\u1ED9c m\u1EA1c \u0111\u1EADm t\u00ECnh.","items":[]}', 4, true);
INSERT INTO public."UIBlocks" ("Id", "LandingPageConfigId", "BlockType", "Title", "ContentJson", "SortOrder", "IsEnabled") VALUES ('08b1e2ab-a5fa-4bee-9f2f-8019f14064cf', '7c89f9c2-efe6-41ed-8112-d9522cdd821e', 'hero', 'Thanh Hóa', '{"title":"Thanh H\u00F3a","subtitle":"\u0110\u1EA5t \u0111\u1ECBa linh v\u00E0 bi\u1EC3n xanh","description":"Thanh H\u00F3a h\u1ED9i t\u1EE5 di s\u1EA3n v\u0103n h\u00F3a, b\u00E3i bi\u1EC3n S\u1EA7m S\u01A1n v\u00E0 \u1EA9m th\u1EF1c phong ph\u00FA.","imageUrl":"/Images/homepage.png"}', 1, true);
INSERT INTO public."UIBlocks" ("Id", "LandingPageConfigId", "BlockType", "Title", "ContentJson", "SortOrder", "IsEnabled") VALUES ('0967ccca-803d-4a24-8766-cf7e1c03df87', '57ceb477-01a9-4145-8561-381fea2c9e62', 'cta', 'CTA', '{}', 9, true);
INSERT INTO public."UIBlocks" ("Id", "LandingPageConfigId", "BlockType", "Title", "ContentJson", "SortOrder", "IsEnabled") VALUES ('09f8f9ca-ef58-4e84-ad67-3e84cf1264ed', '1ffffa41-f0aa-4718-86e8-6f841dbc1546', 'cta', 'CTA', '{}', 9, true);
INSERT INTO public."UIBlocks" ("Id", "LandingPageConfigId", "BlockType", "Title", "ContentJson", "SortOrder", "IsEnabled") VALUES ('0a2cf158-a8bc-4865-92ed-69587368658d', '3f1a922d-8752-49c4-841d-1687c508d91a', 'gallery', 'Thư viện ảnh', '{"title":"Th\u01B0 vi\u1EC7n \u1EA3nh","images":["/Images/homepage.png","/Images/am-thuc-viet-nam-2-1751938296.jpg","/Images/pho-bo-ha-noi.jpeg","/Images/nha-hang-hai-san-nha-trang.jpg","/Images/dsvn-vinh-ha-long.png","/Images/caphethainguyen.jpg"]}', 8, true);
INSERT INTO public."UIBlocks" ("Id", "LandingPageConfigId", "BlockType", "Title", "ContentJson", "SortOrder", "IsEnabled") VALUES ('0abd61c8-e33b-43c2-a792-b4b6ea8baa53', '064940c1-e7cb-4862-b789-1546c20686e5', 'intro', 'Giới thiệu', '{"title":"C\u1EA7n Th\u01A1","subtitle":"H\u01A1i th\u1EDF mi\u1EC1n T\u00E2y s\u00F4ng n\u01B0\u1EDBc","description":"Th\u1EE7 ph\u1EE7 mi\u1EC1n T\u00E2y v\u1EDBi ch\u1EE3 n\u1ED5i, v\u01B0\u1EDDn tr\u00E1i c\u00E2y v\u00E0 \u1EA9m th\u1EF1c m\u1ED9c m\u1EA1c \u0111\u1EADm t\u00ECnh.","imageUrl":"/Images/nha-hang-hai-san-nha-trang.jpg"}', 2, true);
INSERT INTO public."UIBlocks" ("Id", "LandingPageConfigId", "BlockType", "Title", "ContentJson", "SortOrder", "IsEnabled") VALUES ('0adb20df-d185-4990-a2c3-82326f3c6298', '779abff4-6a53-4e13-8e0f-6b393ebbe97d', 'specialties', 'Đặc sản', '{"title":"\u0110\u1EB7c s\u1EA3n","items":[{"name":"C\u00E0 ph\u00EA Bu\u00F4n Ma Thu\u1ED9t","description":"\u0110\u1EADm \u0111\u00E0, th\u01A1m n\u1ED3ng \u0111\u1EB7c tr\u01B0ng.","origin":"Bu\u00F4n Ma Thu\u1ED9t","image":"/Images/caphethainguyen.jpg"},{"name":"G\u00E0 n\u01B0\u1EDBng b\u1EA3n \u0110\u00F4n","description":"Th\u1ECBt g\u00E0 th\u01A1m v\u1ECB n\u00FAi r\u1EEBng.","origin":"Bu\u00F4n \u0110\u00F4n","image":"/Images/nha-hang-hai-san-nha-trang.jpg"},{"name":"C\u01A1m lam","description":"G\u1EA1o n\u1EBFp n\u01B0\u1EDBng \u1ED1ng tre.","origin":"Kr\u00F4ng Ana","image":"/Images/am-thuc-viet-nam-2-1751938296.jpg"}]}', 5, true);
INSERT INTO public."UIBlocks" ("Id", "LandingPageConfigId", "BlockType", "Title", "ContentJson", "SortOrder", "IsEnabled") VALUES ('0c6217d9-006b-4763-9855-d8fdf7969923', '779abff4-6a53-4e13-8e0f-6b393ebbe97d', 'highlights', 'Điểm nhấn', '{"title":"\u0110i\u1EC3m nh\u1EA5n","description":"\u0110\u1EAFk L\u1EAFk n\u1ED5i b\u1EADt v\u1EDBi c\u00E0 ph\u00EA Bu\u00F4n Ma Thu\u1ED9t, v\u0103n h\u00F3a c\u1ED3ng chi\u00EAng v\u00E0 th\u00E1c n\u01B0\u1EDBc h\u00F9ng v\u0129.","items":[]}', 4, true);
INSERT INTO public."UIBlocks" ("Id", "LandingPageConfigId", "BlockType", "Title", "ContentJson", "SortOrder", "IsEnabled") VALUES ('0d18df0c-048f-4bb7-9e46-2cd3cb66b7f4', 'c91950d4-30f2-4094-b84e-8aa09dd34bd3', 'specialties', 'Đặc sản', '{"title":"\u0110\u1EB7c s\u1EA3n","items":[{"name":"D\u00EA n\u00FAi","description":"Th\u1ECBt d\u00EA s\u0103n ch\u1EAFc, ch\u1EBF bi\u1EBFn \u0111a d\u1EA1ng.","origin":"Hoa L\u01B0","image":"/Images/nha-hang-hai-san-nha-trang.jpg"},{"name":"C\u01A1m ch\u00E1y","description":"Gi\u00F2n r\u1EE5m, th\u01A1m m\u00F9i g\u1EA1o n\u1EBFp.","origin":"Ninh B\u00ECnh","image":"/Images/am-thuc-viet-nam-2-1751938296.jpg"},{"name":"G\u1ECFi c\u00E1 nh\u1EC7ch","description":"V\u1ECB chua cay h\u00F2a quy\u1EC7n.","origin":"Kim S\u01A1n","image":"/Images/pho-bo-ha-noi.jpeg"}]}', 5, true);
INSERT INTO public."UIBlocks" ("Id", "LandingPageConfigId", "BlockType", "Title", "ContentJson", "SortOrder", "IsEnabled") VALUES ('0d77e0a1-8330-4922-ad19-e21364c76431', 'f6d1a4be-05a9-4446-a61a-e1d8e22febf3', 'specialties', 'Đặc sản', '{"title":"\u0110\u1EB7c s\u1EA3n","items":[{"name":"Ch\u00E1o l\u01B0\u01A1n","description":"N\u01B0\u1EDBc d\u00F9ng \u0111\u1EADm \u0111\u00E0, l\u01B0\u01A1n th\u01A1m.","origin":"Vinh","image":"/Images/am-thuc-viet-nam-2-1751938296.jpg"},{"name":"Nh\u00FAt Thanh Ch\u01B0\u01A1ng","description":"M\u00F3n \u0103n d\u00E2n d\u00E3 t\u1EEB m\u00EDt non.","origin":"Thanh Ch\u01B0\u01A1ng","image":"/Images/homepage.png"},{"name":"Cam Vinh","description":"Cam m\u1ECDng n\u01B0\u1EDBc, th\u01A1m ng\u1ECDt.","origin":"Vinh","image":"/Images/pho-bo-ha-noi.jpeg"}]}', 5, true);
INSERT INTO public."UIBlocks" ("Id", "LandingPageConfigId", "BlockType", "Title", "ContentJson", "SortOrder", "IsEnabled") VALUES ('0e5d108b-a1c2-4a34-88c0-ce96edb7ae5c', 'b72dc5c2-0ff4-4eb5-87da-c6a07fb20711', 'intro', 'Giới thiệu', '{"title":"H\u1ED3 Ch\u00ED Minh","subtitle":"N\u0103ng l\u01B0\u1EE3ng hi\u1EC7n \u0111\u1EA1i gi\u1EEFa l\u00F2ng ph\u01B0\u01A1ng Nam","description":"Th\u00E0nh ph\u1ED1 n\u0103ng \u0111\u1ED9ng b\u1EADc nh\u1EA5t Vi\u1EC7t Nam v\u1EDBi nh\u1ECBp s\u1ED1ng hi\u1EC7n \u0111\u1EA1i, giao thoa v\u0103n h\u00F3a v\u00E0 \u1EA9m th\u1EF1c \u0111\u01B0\u1EDDng ph\u1ED1 \u0111a s\u1EAFc.","imageUrl":"/Images/nha-hang-hai-san-nha-trang.jpg"}', 2, true);
INSERT INTO public."UIBlocks" ("Id", "LandingPageConfigId", "BlockType", "Title", "ContentJson", "SortOrder", "IsEnabled") VALUES ('0ef957c7-e177-4c47-96dd-0079f9f07d9d', '7c89f9c2-efe6-41ed-8112-d9522cdd821e', 'richText', 'Nội dung', '{"html":""}', 3, true);
INSERT INTO public."UIBlocks" ("Id", "LandingPageConfigId", "BlockType", "Title", "ContentJson", "SortOrder", "IsEnabled") VALUES ('11aab691-44b6-483b-ab85-62d89e265b33', 'bea7bd5c-5648-47bf-b83e-8ae1a6ea8f52', 'cta', 'CTA', '{}', 9, true);
INSERT INTO public."UIBlocks" ("Id", "LandingPageConfigId", "BlockType", "Title", "ContentJson", "SortOrder", "IsEnabled") VALUES ('121a9dea-c6fd-4520-b21d-b4ffbfd95c23', '95217ac6-6bd0-4853-be23-1775976d20be', 'hero', 'Tây Ninh', '{"title":"T\u00E2y Ninh","subtitle":"N\u00FAi B\u00E0 h\u00F9ng v\u0129 v\u00E0 h\u01B0\u01A1ng v\u1ECB \u0111\u1EB7c s\u1EAFc","description":"T\u00E2y Ninh l\u00E0 c\u1EEDa ng\u00F5 \u0110\u00F4ng Nam B\u1ED9, n\u1ED5i b\u1EADt v\u1EDBi n\u00FAi B\u00E0 \u0110en v\u00E0 \u1EA9m th\u1EF1c \u0111\u1ED9c \u0111\u00E1o.","imageUrl":"/Images/homepage.png"}', 1, true);
INSERT INTO public."UIBlocks" ("Id", "LandingPageConfigId", "BlockType", "Title", "ContentJson", "SortOrder", "IsEnabled") VALUES ('14e2ba59-17c5-459e-8e01-a12eb6cc5ae2', '9b56b993-1de8-456e-93db-d1539f87df9a', 'hero', 'Hà Tĩnh', '{"title":"H\u00E0 T\u0129nh","subtitle":"D\u1EA3i \u0111\u1EA5t mi\u1EC1n Trung tr\u1EA7m m\u1EB7c","description":"H\u00E0 T\u0129nh n\u1ED5i b\u1EADt v\u1EDBi b\u00E3i bi\u1EC3n hoang s\u01A1, n\u00FAi H\u1ED3ng L\u0129nh v\u00E0 v\u0103n h\u00F3a d\u00E2n ca \u0111\u1EB7c s\u1EAFc.","imageUrl":"/Images/homepage.png"}', 1, true);
INSERT INTO public."UIBlocks" ("Id", "LandingPageConfigId", "BlockType", "Title", "ContentJson", "SortOrder", "IsEnabled") VALUES ('154c77fd-6d6b-42fe-bd71-c7508996ef9a', 'a0898553-87df-482e-9c7b-79cfea9cd5ca', 'highlights', 'Điểm nhấn', '{"title":"\u0110i\u1EC3m nh\u1EA5n","description":"Qu\u1EA3ng Tr\u1ECB ghi d\u1EA5u l\u1ECBch s\u1EED h\u00E0o h\u00F9ng, c\u1EA3nh quan bi\u1EC3n v\u00E0 nh\u1EEFng di t\u00EDch chi\u1EBFn tranh.","items":[]}', 4, true);
INSERT INTO public."UIBlocks" ("Id", "LandingPageConfigId", "BlockType", "Title", "ContentJson", "SortOrder", "IsEnabled") VALUES ('9d467083-029d-4e49-a33d-b32cf536fd2d', 'e7b72a1a-57dc-4dec-80eb-b4eead5f8989', 'richText', 'Nội dung', '{"html":""}', 3, true);
INSERT INTO public."UIBlocks" ("Id", "LandingPageConfigId", "BlockType", "Title", "ContentJson", "SortOrder", "IsEnabled") VALUES ('1674029a-2008-4eb4-82a8-70a2cf36c0e3', '7c89f9c2-efe6-41ed-8112-d9522cdd821e', 'highlights', 'Điểm nhấn', '{"title":"\u0110i\u1EC3m nh\u1EA5n","description":"Thanh H\u00F3a h\u1ED9i t\u1EE5 di s\u1EA3n v\u0103n h\u00F3a, b\u00E3i bi\u1EC3n S\u1EA7m S\u01A1n v\u00E0 \u1EA9m th\u1EF1c phong ph\u00FA.","items":[]}', 4, true);
INSERT INTO public."UIBlocks" ("Id", "LandingPageConfigId", "BlockType", "Title", "ContentJson", "SortOrder", "IsEnabled") VALUES ('1701d9a7-c467-4860-ba7f-024bddddab9b', 'f9f5ce75-1f32-415b-b07c-9138bdad3add', 'cta', 'CTA', '{}', 9, true);
INSERT INTO public."UIBlocks" ("Id", "LandingPageConfigId", "BlockType", "Title", "ContentJson", "SortOrder", "IsEnabled") VALUES ('1705607a-c96a-4b70-ab8e-92c771f80afb', '57ceb477-01a9-4145-8561-381fea2c9e62', 'gallery', 'Thư viện ảnh', '{"title":"Th\u01B0 vi\u1EC7n \u1EA3nh","images":["/Images/dsvn-vinh-ha-long.png","/Images/nha-hang-hai-san-nha-trang.jpg","/Images/am-thuc-viet-nam-2-1751938296.jpg","/Images/pho-bo-ha-noi.jpeg","/Images/homepage.png","/Images/caphethainguyen.jpg"]}', 8, true);
INSERT INTO public."UIBlocks" ("Id", "LandingPageConfigId", "BlockType", "Title", "ContentJson", "SortOrder", "IsEnabled") VALUES ('1785e9e7-04e4-4b9c-9c10-c5a7736495b1', 'f9f5ce75-1f32-415b-b07c-9138bdad3add', 'specialties', 'Đặc sản', '{"title":"\u0110\u1EB7c s\u1EA3n","items":[{"name":"B\u00E1nh \u0111a cua","description":"S\u1EE3i b\u00E1nh \u0111a \u0111\u1ECF, n\u01B0\u1EDBc d\u00F9ng cua \u0111\u1EADm \u0111\u00E0.","origin":"Qu\u1EADn L\u00EA Ch\u00E2n","image":"/Images/nha-hang-hai-san-nha-trang.jpg"},{"name":"Nem cua b\u1EC3","description":"Nh\u00E2n h\u1EA3i s\u1EA3n \u0111\u1EA7y \u0111\u1EB7n, v\u1ECF gi\u00F2n r\u1EE5m.","origin":"\u0110\u1ED3 S\u01A1n","image":"/Images/am-thuc-viet-nam-2-1751938296.jpg"},{"name":"H\u1EA3i s\u1EA3n C\u00E1t B\u00E0","description":"T\u01B0\u01A1i ngon, ch\u1EBF bi\u1EBFn \u0111a d\u1EA1ng t\u1EEB bi\u1EC3n.","origin":"C\u00E1t B\u00E0","image":"/Images/nha-hang-hai-san-nha-trang.jpg"}]}', 5, true);
INSERT INTO public."UIBlocks" ("Id", "LandingPageConfigId", "BlockType", "Title", "ContentJson", "SortOrder", "IsEnabled") VALUES ('186b069f-3155-4b11-8100-a03fe2dc9fef', 'fbf20626-8e36-47b7-afdb-e58a61cf46cc', 'cta', 'CTA', '{}', 9, true);
INSERT INTO public."UIBlocks" ("Id", "LandingPageConfigId", "BlockType", "Title", "ContentJson", "SortOrder", "IsEnabled") VALUES ('18e3db12-4188-46be-a94b-cff9febd6064', 'dc7a6704-0e6c-46da-8b28-8ceceaa9afc3', 'gallery', 'Thư viện ảnh', '{"title":"Th\u01B0 vi\u1EC7n \u1EA3nh","images":["/Images/homepage.png","/Images/caphethainguyen.jpg","/Images/am-thuc-viet-nam-2-1751938296.jpg","/Images/nha-hang-hai-san-nha-trang.jpg","/Images/dsvn-vinh-ha-long.png","/Images/pho-bo-ha-noi.jpeg"]}', 8, true);
INSERT INTO public."UIBlocks" ("Id", "LandingPageConfigId", "BlockType", "Title", "ContentJson", "SortOrder", "IsEnabled") VALUES ('19cd6146-986d-4a1a-83b9-477694e0900c', 'bea7bd5c-5648-47bf-b83e-8ae1a6ea8f52', 'gallery', 'Thư viện ảnh', '{"title":"Th\u01B0 vi\u1EC7n \u1EA3nh","images":["/Images/homepage.png","/Images/am-thuc-viet-nam-2-1751938296.jpg","/Images/pho-bo-ha-noi.jpeg","/Images/nha-hang-hai-san-nha-trang.jpg","/Images/dsvn-vinh-ha-long.png","/Images/caphethainguyen.jpg"]}', 8, true);
INSERT INTO public."UIBlocks" ("Id", "LandingPageConfigId", "BlockType", "Title", "ContentJson", "SortOrder", "IsEnabled") VALUES ('1aa154c0-cc11-4f2f-b7f7-2d6d34bbc0b4', '1ffffa41-f0aa-4718-86e8-6f841dbc1546', 'gallery', 'Thư viện ảnh', '{"title":"Th\u01B0 vi\u1EC7n \u1EA3nh","images":["/Images/caphethainguyen.jpg","/Images/homepage.png","/Images/am-thuc-viet-nam-2-1751938296.jpg","/Images/pho-bo-ha-noi.jpeg","/Images/dsvn-vinh-ha-long.png","/Images/nha-hang-hai-san-nha-trang.jpg"]}', 8, true);
INSERT INTO public."UIBlocks" ("Id", "LandingPageConfigId", "BlockType", "Title", "ContentJson", "SortOrder", "IsEnabled") VALUES ('1aa534ac-919f-4be1-85f9-c639c9dab3d7', 'a0898553-87df-482e-9c7b-79cfea9cd5ca', 'tourism', 'Du lịch', '{"title":"Du l\u1ECBch","items":[{"name":"C\u1EA7u Hi\u1EC1n L\u01B0\u01A1ng","description":"Di t\u00EDch l\u1ECBch s\u1EED chia c\u1EAFt hai mi\u1EC1n.","origin":"","image":"/Images/dsvh-hoang-thanh-thang-long.png"},{"name":"Th\u00E0nh c\u1ED5 Qu\u1EA3ng Tr\u1ECB","description":"D\u1EA5u \u1EA5n chi\u1EBFn tranh v\u00E0 l\u1ECBch s\u1EED.","origin":"","image":"/Images/homepage.png"},{"name":"Bi\u1EC3n C\u1EEDa Vi\u1EC7t","description":"B\u00E3i bi\u1EC3n hoang s\u01A1, thanh b\u00ECnh.","origin":"","image":"/Images/nha-hang-hai-san-nha-trang.jpg"}]}', 6, true);
INSERT INTO public."UIBlocks" ("Id", "LandingPageConfigId", "BlockType", "Title", "ContentJson", "SortOrder", "IsEnabled") VALUES ('1ae282df-a524-4342-90b3-8d8085ccea64', 'bfa932c4-b1fe-4596-a714-55b6822e10fc', 'culture', 'Văn hóa', '{"title":"V\u0103n h\u00F3a","items":[{"name":"H\u00E1t xoan","description":"Di s\u1EA3n v\u0103n h\u00F3a phi v\u1EADt th\u1EC3 c\u1EE7a nh\u00E2n lo\u1EA1i.","origin":"","image":"/Images/homepage.png"},{"name":"L\u1EC5 h\u1ED9i \u0110\u1EC1n H\u00F9ng","description":"L\u1EC5 h\u1ED9i l\u1EDBn nh\u1EA5t c\u1EA3 n\u01B0\u1EDBc m\u1ED7i th\u00E1ng 3 \u00E2m l\u1ECBch.","origin":"","image":"/Images/am-thuc-viet-nam-2-1751938296.jpg"}]}', 7, true);
INSERT INTO public."UIBlocks" ("Id", "LandingPageConfigId", "BlockType", "Title", "ContentJson", "SortOrder", "IsEnabled") VALUES ('1c118cd9-ac4b-4998-981d-0502c53e6d62', '0012bda7-11e7-4bb0-bbad-d5515cdbb94e', 'intro', 'Giới thiệu', '{"title":"Gia Lai","subtitle":"Cao nguy\u00EAn \u0111\u1EA1i ng\u00E0n v\u00E0 h\u1ED3 n\u01B0\u1EDBc xanh","description":"Gia Lai mang v\u1EBB \u0111\u1EB9p hoang s\u01A1 c\u1EE7a n\u00FAi r\u1EEBng T\u00E2y Nguy\u00EAn, v\u0103n h\u00F3a c\u1ED3ng chi\u00EAng v\u00E0 c\u00E0 ph\u00EA th\u01A1m.","imageUrl":"/Images/caphethainguyen.jpg"}', 2, true);
INSERT INTO public."UIBlocks" ("Id", "LandingPageConfigId", "BlockType", "Title", "ContentJson", "SortOrder", "IsEnabled") VALUES ('1d8dc02b-b79a-4893-9286-1fa480df1ab8', '0e648962-314f-4e80-9b4e-1ef7a9c79827', 'highlights', 'Điểm nhấn', '{"title":"\u0110i\u1EC3m nh\u1EA5n","description":"V\u00F9ng \u0111\u1EA5t Kinh B\u1EAFc n\u1ED5i ti\u1EBFng v\u1EDBi d\u00E2n ca quan h\u1ECD, l\u00E0ng ngh\u1EC1 truy\u1EC1n th\u1ED1ng v\u00E0 \u1EA9m th\u1EF1c \u0111\u1EB7c tr\u01B0ng.","items":[]}', 4, true);
INSERT INTO public."UIBlocks" ("Id", "LandingPageConfigId", "BlockType", "Title", "ContentJson", "SortOrder", "IsEnabled") VALUES ('20cbc66c-baae-4cbd-8a2d-92f2da6c7911', 'f9f5ce75-1f32-415b-b07c-9138bdad3add', 'gallery', 'Thư viện ảnh', '{"title":"Th\u01B0 vi\u1EC7n \u1EA3nh","images":["/Images/dsvn-vinh-ha-long.png","/Images/nha-hang-hai-san-nha-trang.jpg","/Images/homepage.png","/Images/am-thuc-viet-nam-2-1751938296.jpg","/Images/pho-bo-ha-noi.jpeg","/Images/caphethainguyen.jpg"]}', 8, true);
INSERT INTO public."UIBlocks" ("Id", "LandingPageConfigId", "BlockType", "Title", "ContentJson", "SortOrder", "IsEnabled") VALUES ('20e0c7ea-a6c5-4df3-916a-09f54f7e7a17', 'bfa932c4-b1fe-4596-a714-55b6822e10fc', 'hero', 'Phú Thọ', '{"title":"Ph\u00FA Th\u1ECD","subtitle":"\u0110\u1EA5t t\u1ED5 c\u1ED9i ngu\u1ED3n d\u00E2n t\u1ED9c","description":"Qu\u00EA h\u01B0\u01A1ng vua H\u00F9ng v\u1EDBi di s\u1EA3n v\u0103n h\u00F3a s\u00E2u s\u1EAFc, l\u1EC5 h\u1ED9i truy\u1EC1n th\u1ED1ng v\u00E0 l\u00E0n \u0111i\u1EC7u d\u00E2n ca.","imageUrl":"/Images/homepage.png"}', 1, true);
INSERT INTO public."UIBlocks" ("Id", "LandingPageConfigId", "BlockType", "Title", "ContentJson", "SortOrder", "IsEnabled") VALUES ('21bc6c16-1660-45c9-bc76-1ae69a90bb43', '1ffffa41-f0aa-4718-86e8-6f841dbc1546', 'culture', 'Văn hóa', '{"title":"V\u0103n h\u00F3a","items":[{"name":"L\u1EC5 h\u1ED9i ch\u00E8","description":"T\u00F4n vinh v\u0103n h\u00F3a tr\u00E0 Vi\u1EC7t.","origin":"","image":"/Images/homepage.png"},{"name":"H\u00E1t then","description":"Ngh\u1EC7 thu\u1EADt d\u00E2n gian c\u1EE7a ng\u01B0\u1EDDi T\u00E0y.","origin":"","image":"/Images/am-thuc-viet-nam-2-1751938296.jpg"}]}', 7, true);
INSERT INTO public."UIBlocks" ("Id", "LandingPageConfigId", "BlockType", "Title", "ContentJson", "SortOrder", "IsEnabled") VALUES ('2357f732-9bf4-4ed4-9f44-d8eef4b912dc', '012ebf8c-7289-4f59-88e4-14d56f871cd3', 'tourism', 'Du lịch', '{"title":"Du l\u1ECBch","items":[{"name":"N\u00FAi C\u1EA5m","description":"\u0110i\u1EC3m h\u00E0nh h\u01B0\u01A1ng n\u1ED5i ti\u1EBFng.","origin":"","image":"/Images/dsvn-vinh-ha-long.png"},{"name":"R\u1EEBng tr\u00E0m Tr\u00E0 S\u01B0","description":"C\u1EA3nh s\u1EAFc xanh m\u00E1t m\u00F9a n\u01B0\u1EDBc n\u1ED5i.","origin":"","image":"/Images/homepage.png"},{"name":"Ch\u1EE3 Ch\u00E2u \u0110\u1ED1c","description":"Giao th\u01B0\u01A1ng s\u00F4i \u0111\u1ED9ng v\u00F9ng bi\u00EAn.","origin":"","image":"/Images/am-thuc-viet-nam-2-1751938296.jpg"}]}', 6, true);
INSERT INTO public."UIBlocks" ("Id", "LandingPageConfigId", "BlockType", "Title", "ContentJson", "SortOrder", "IsEnabled") VALUES ('23731b55-c6a1-4212-8290-862321b35af4', 'bfbff974-4ea1-432f-8823-3825153110a7', 'cta', 'CTA', '{}', 9, true);
INSERT INTO public."UIBlocks" ("Id", "LandingPageConfigId", "BlockType", "Title", "ContentJson", "SortOrder", "IsEnabled") VALUES ('27462154-57e1-4198-90ee-24fb4cea9d4d', 'bea7bd5c-5648-47bf-b83e-8ae1a6ea8f52', 'highlights', 'Điểm nhấn', '{"title":"\u0110i\u1EC3m nh\u1EA5n","description":"V\u0129nh Long n\u1EB1m gi\u1EEFa s\u00F4ng Ti\u1EC1n v\u00E0 s\u00F4ng H\u1EADu, n\u1ED5i b\u1EADt v\u1EDBi v\u01B0\u1EDDn tr\u00E1i c\u00E2y v\u00E0 ch\u1EE3 n\u1ED5i.","items":[]}', 4, true);
INSERT INTO public."UIBlocks" ("Id", "LandingPageConfigId", "BlockType", "Title", "ContentJson", "SortOrder", "IsEnabled") VALUES ('281d829f-e21c-4bbd-97c1-797e6e971b09', 'e7b72a1a-57dc-4dec-80eb-b4eead5f8989', 'intro', 'Giới thiệu', '{"title":"L\u00E2m \u0110\u1ED3ng","subtitle":"\u0110\u00E0 L\u1EA1t m\u1ED9ng m\u01A1 gi\u1EEFa cao nguy\u00EAn","description":"L\u00E2m \u0110\u1ED3ng s\u1EDF h\u1EEFu th\u00E0nh ph\u1ED1 \u0110\u00E0 L\u1EA1t m\u00E1t l\u00E0nh, r\u1EEBng th\u00F4ng v\u00E0 v\u0103n h\u00F3a c\u00E0 ph\u00EA.","imageUrl":"/Images/caphethainguyen.jpg"}', 2, true);
INSERT INTO public."UIBlocks" ("Id", "LandingPageConfigId", "BlockType", "Title", "ContentJson", "SortOrder", "IsEnabled") VALUES ('2b52a19e-fcd4-4ceb-81c3-b1475bd499ae', 'c91950d4-30f2-4094-b84e-8aa09dd34bd3', 'highlights', 'Điểm nhấn', '{"title":"\u0110i\u1EC3m nh\u1EA5n","description":"Ninh B\u00ECnh n\u1ED5i b\u1EADt v\u1EDBi qu\u1EA7n th\u1EC3 Tr\u00E0ng An, c\u1ED1 \u0111\u00F4 Hoa L\u01B0 v\u00E0 c\u1EA3nh s\u1EAFc thi\u00EAn nhi\u00EAn tuy\u1EC7t m\u1EF9.","items":[]}', 4, true);
INSERT INTO public."UIBlocks" ("Id", "LandingPageConfigId", "BlockType", "Title", "ContentJson", "SortOrder", "IsEnabled") VALUES ('9dbe240b-87f9-4e0f-9666-6f8b6b374370', '779abff4-6a53-4e13-8e0f-6b393ebbe97d', 'richText', 'Nội dung', '{"html":""}', 3, true);
INSERT INTO public."UIBlocks" ("Id", "LandingPageConfigId", "BlockType", "Title", "ContentJson", "SortOrder", "IsEnabled") VALUES ('9dd679cf-411c-4fd4-af67-a2f16578e349', '1ffffa41-f0aa-4718-86e8-6f841dbc1546', 'richText', 'Nội dung', '{"html":""}', 3, true);
INSERT INTO public."UIBlocks" ("Id", "LandingPageConfigId", "BlockType", "Title", "ContentJson", "SortOrder", "IsEnabled") VALUES ('2bc06b91-da9d-4a27-b2e1-e8cd62d14ddd', '7c89f9c2-efe6-41ed-8112-d9522cdd821e', 'specialties', 'Đặc sản', '{"title":"\u0110\u1EB7c s\u1EA3n","items":[{"name":"Nem chua","description":"Chua cay, th\u01A1m m\u00F9i l\u00E1.","origin":"Thanh H\u00F3a","image":"/Images/am-thuc-viet-nam-2-1751938296.jpg"},{"name":"B\u00E1nh gai T\u1EE9 Tr\u1EE5","description":"B\u00E1nh d\u1EBBo th\u01A1m, nh\u00E2n \u0111\u1EADu xanh.","origin":"Th\u1ECD Xu\u00E2n","image":"/Images/pho-bo-ha-noi.jpeg"},{"name":"H\u1EA3i s\u1EA3n S\u1EA7m S\u01A1n","description":"T\u01B0\u01A1i ngon t\u1EEB bi\u1EC3n.","origin":"S\u1EA7m S\u01A1n","image":"/Images/nha-hang-hai-san-nha-trang.jpg"}]}', 5, true);
INSERT INTO public."UIBlocks" ("Id", "LandingPageConfigId", "BlockType", "Title", "ContentJson", "SortOrder", "IsEnabled") VALUES ('2c1ecf23-4313-45e9-a7b6-c61f48fc7c9d', '7c89f9c2-efe6-41ed-8112-d9522cdd821e', 'cta', 'CTA', '{}', 9, true);
INSERT INTO public."UIBlocks" ("Id", "LandingPageConfigId", "BlockType", "Title", "ContentJson", "SortOrder", "IsEnabled") VALUES ('2cd65d83-c7d7-4d13-821b-4ac77421963f', 'bfbff974-4ea1-432f-8823-3825153110a7', 'hero', 'Cà Mau', '{"title":"C\u00E0 Mau","subtitle":"C\u1EF1c Nam T\u1ED5 qu\u1ED1c gi\u1EEFa r\u1EEBng v\u00E0 bi\u1EC3n","description":"C\u00E0 Mau l\u00E0 v\u00F9ng \u0111\u1EA5t cu\u1ED1i tr\u1EDDi Nam v\u1EDBi r\u1EEBng ng\u1EADp m\u1EB7n, bi\u1EC3n c\u1EA3 v\u00E0 h\u1EA3i s\u1EA3n phong ph\u00FA.","imageUrl":"/Images/homepage.png"}', 1, true);
INSERT INTO public."UIBlocks" ("Id", "LandingPageConfigId", "BlockType", "Title", "ContentJson", "SortOrder", "IsEnabled") VALUES ('2d9f287e-8ac5-4e64-afbe-78cbb1e4be91', '0012bda7-11e7-4bb0-bbad-d5515cdbb94e', 'highlights', 'Điểm nhấn', '{"title":"\u0110i\u1EC3m nh\u1EA5n","description":"Gia Lai mang v\u1EBB \u0111\u1EB9p hoang s\u01A1 c\u1EE7a n\u00FAi r\u1EEBng T\u00E2y Nguy\u00EAn, v\u0103n h\u00F3a c\u1ED3ng chi\u00EAng v\u00E0 c\u00E0 ph\u00EA th\u01A1m.","items":[]}', 4, true);
INSERT INTO public."UIBlocks" ("Id", "LandingPageConfigId", "BlockType", "Title", "ContentJson", "SortOrder", "IsEnabled") VALUES ('2ef9b472-e93e-4cc4-bb5b-1dc689f64cbd', '08d8b08d-84ce-42d8-891b-6fc4f9046038', 'culture', 'Văn hóa', '{"title":"V\u0103n h\u00F3a","items":[{"name":"L\u1EC5 h\u1ED9i Then Kin Pang","description":"L\u1EC5 h\u1ED9i c\u1EE7a ng\u01B0\u1EDDi Th\u00E1i.","origin":"","image":"/Images/homepage.png"},{"name":"Ch\u1EE3 phi\u00EAn v\u00F9ng cao","description":"Kh\u00F4ng gian giao l\u01B0u v\u0103n h\u00F3a.","origin":"","image":"/Images/am-thuc-viet-nam-2-1751938296.jpg"}]}', 7, true);
INSERT INTO public."UIBlocks" ("Id", "LandingPageConfigId", "BlockType", "Title", "ContentJson", "SortOrder", "IsEnabled") VALUES ('2f99bbd0-5170-4a37-b193-aaf69c2a66ab', 'e9ba48d1-463b-437a-8560-a1a923e851a4', 'culture', 'Văn hóa', '{"title":"V\u0103n h\u00F3a","items":[{"name":"L\u1EC5 h\u1ED9i K\u1EF3 L\u1EEBa","description":"L\u1EC5 h\u1ED9i truy\u1EC1n th\u1ED1ng x\u1EE9 L\u1EA1ng.","origin":"","image":"/Images/homepage.png"},{"name":"H\u00E1t sli","description":"D\u00E2n ca c\u1EE7a ng\u01B0\u1EDDi N\u00F9ng.","origin":"","image":"/Images/am-thuc-viet-nam-2-1751938296.jpg"}]}', 7, true);
INSERT INTO public."UIBlocks" ("Id", "LandingPageConfigId", "BlockType", "Title", "ContentJson", "SortOrder", "IsEnabled") VALUES ('3000831e-c58c-4b18-aa8a-2522a6ec27ce', '08d8b08d-84ce-42d8-891b-6fc4f9046038', 'gallery', 'Thư viện ảnh', '{"title":"Th\u01B0 vi\u1EC7n \u1EA3nh","images":["/Images/homepage.png","/Images/caphethainguyen.jpg","/Images/am-thuc-viet-nam-2-1751938296.jpg","/Images/nha-hang-hai-san-nha-trang.jpg","/Images/dsvn-vinh-ha-long.png","/Images/pho-bo-ha-noi.jpeg"]}', 8, true);
INSERT INTO public."UIBlocks" ("Id", "LandingPageConfigId", "BlockType", "Title", "ContentJson", "SortOrder", "IsEnabled") VALUES ('30f6f80f-86a2-41dc-8ea9-edd9d513a081', 'bea7bd5c-5648-47bf-b83e-8ae1a6ea8f52', 'culture', 'Văn hóa', '{"title":"V\u0103n h\u00F3a","items":[{"name":"\u0110\u1EDDn ca t\u00E0i t\u1EED","description":"\u00C2m nh\u1EA1c truy\u1EC1n th\u1ED1ng mi\u1EC1n T\u00E2y.","origin":"","image":"/Images/homepage.png"},{"name":"L\u00E0ng ngh\u1EC1 g\u1ED1m","description":"Ngh\u1EC1 truy\u1EC1n th\u1ED1ng l\u00E2u \u0111\u1EDDi.","origin":"","image":"/Images/am-thuc-viet-nam-2-1751938296.jpg"}]}', 7, true);
INSERT INTO public."UIBlocks" ("Id", "LandingPageConfigId", "BlockType", "Title", "ContentJson", "SortOrder", "IsEnabled") VALUES ('341dd549-81b1-40a2-95d4-8dc30f899cbf', '0012bda7-11e7-4bb0-bbad-d5515cdbb94e', 'gallery', 'Thư viện ảnh', '{"title":"Th\u01B0 vi\u1EC7n \u1EA3nh","images":["/Images/caphethainguyen.jpg","/Images/homepage.png","/Images/am-thuc-viet-nam-2-1751938296.jpg","/Images/nha-hang-hai-san-nha-trang.jpg","/Images/dsvn-vinh-ha-long.png","/Images/pho-bo-ha-noi.jpeg"]}', 8, true);
INSERT INTO public."UIBlocks" ("Id", "LandingPageConfigId", "BlockType", "Title", "ContentJson", "SortOrder", "IsEnabled") VALUES ('361792f7-1fd6-44ac-bef8-dccd77c21768', 'fbf20626-8e36-47b7-afdb-e58a61cf46cc', 'intro', 'Giới thiệu', '{"title":"\u0110\u1ED3ng Th\u00E1p","subtitle":"Sen h\u1ED3ng v\u00E0 mi\u1EC1n \u0111\u1EA5t hi\u1EC1n h\u00F2a","description":"\u0110\u1ED3ng Th\u00E1p n\u1ED5i ti\u1EBFng v\u1EDBi \u0111\u1ED3ng sen, v\u01B0\u1EDDn qu\u1ED1c gia Tr\u00E0m Chim v\u00E0 \u1EA9m th\u1EF1c d\u00E2n d\u00E3.","imageUrl":"/Images/homepage.png"}', 2, true);
INSERT INTO public."UIBlocks" ("Id", "LandingPageConfigId", "BlockType", "Title", "ContentJson", "SortOrder", "IsEnabled") VALUES ('365387f2-e9ce-4593-981e-279ae5e079f9', 'bfa932c4-b1fe-4596-a714-55b6822e10fc', 'richText', 'Nội dung', '{"html":""}', 3, true);
INSERT INTO public."UIBlocks" ("Id", "LandingPageConfigId", "BlockType", "Title", "ContentJson", "SortOrder", "IsEnabled") VALUES ('36549041-b08a-4d3f-b2ce-6e97f5a6f80c', '26ebd324-9556-443f-bb8a-d1ac367db405', 'intro', 'Giới thiệu', '{"title":"Qu\u1EA3ng Ninh","subtitle":"V\u1ECBnh H\u1EA1 Long k\u1EF3 quan th\u1EBF gi\u1EDBi","description":"Qu\u1EA3ng Ninh l\u00E0 \u0111i\u1EC3m \u0111\u1EBFn n\u1ED5i ti\u1EBFng v\u1EDBi v\u1ECBnh H\u1EA1 Long, \u0111\u1EA3o C\u00F4 T\u00F4 v\u00E0 \u1EA9m th\u1EF1c bi\u1EC3n phong ph\u00FA.","imageUrl":"/Images/dsvn-vinh-ha-long.png"}', 2, true);
INSERT INTO public."UIBlocks" ("Id", "LandingPageConfigId", "BlockType", "Title", "ContentJson", "SortOrder", "IsEnabled") VALUES ('36844c26-65b9-4edd-b4f1-de1bb497cff0', '779abff4-6a53-4e13-8e0f-6b393ebbe97d', 'intro', 'Giới thiệu', '{"title":"\u0110\u1EAFk L\u1EAFk","subtitle":"Cao nguy\u00EAn n\u1EAFng gi\u00F3 v\u00E0 c\u00E0 ph\u00EA","description":"\u0110\u1EAFk L\u1EAFk n\u1ED5i b\u1EADt v\u1EDBi c\u00E0 ph\u00EA Bu\u00F4n Ma Thu\u1ED9t, v\u0103n h\u00F3a c\u1ED3ng chi\u00EAng v\u00E0 th\u00E1c n\u01B0\u1EDBc h\u00F9ng v\u0129.","imageUrl":"/Images/caphethainguyen.jpg"}', 2, true);
INSERT INTO public."UIBlocks" ("Id", "LandingPageConfigId", "BlockType", "Title", "ContentJson", "SortOrder", "IsEnabled") VALUES ('368df9ab-6ffd-4ab7-b1f8-a3b4d95012c7', '95217ac6-6bd0-4853-be23-1775976d20be', 'tourism', 'Du lịch', '{"title":"Du l\u1ECBch","items":[{"name":"N\u00FAi B\u00E0 \u0110en","description":"Ng\u1ECDn n\u00FAi linh thi\u00EAng cao nh\u1EA5t Nam B\u1ED9.","origin":"","image":"/Images/dsvn-vinh-ha-long.png"},{"name":"T\u00F2a th\u00E1nh Cao \u0110\u00E0i","description":"Ki\u1EBFn tr\u00FAc \u0111\u1ED9c \u0111\u00E1o c\u1EE7a \u0111\u1EA1o Cao \u0110\u00E0i.","origin":"","image":"/Images/dsvh-hoang-thanh-thang-long.png"},{"name":"H\u1ED3 D\u1EA7u Ti\u1EBFng","description":"H\u1ED3 n\u01B0\u1EDBc r\u1ED9ng l\u1EDBn v\u00E0 y\u00EAn b\u00ECnh.","origin":"","image":"/Images/homepage.png"}]}', 6, true);
INSERT INTO public."UIBlocks" ("Id", "LandingPageConfigId", "BlockType", "Title", "ContentJson", "SortOrder", "IsEnabled") VALUES ('376805f3-7ce7-4097-bab5-54093bc27732', '1ffffa41-f0aa-4718-86e8-6f841dbc1546', 'hero', 'Thái Nguyên', '{"title":"Th\u00E1i Nguy\u00EAn","subtitle":"H\u01B0\u01A1ng tr\u00E0 xanh ng\u00E1t gi\u1EEFa v\u00F9ng trung du","description":"V\u00F9ng \u0111\u1EA5t trung du n\u1ED5i ti\u1EBFng v\u1EDBi ch\u00E8 th\u01A1m, \u0111\u1ED3i n\u00FAi tr\u00F9ng \u0111i\u1EC7p v\u00E0 l\u1ECBch s\u1EED c\u00E1ch m\u1EA1ng.","imageUrl":"/Images/caphethainguyen.jpg"}', 1, true);
INSERT INTO public."UIBlocks" ("Id", "LandingPageConfigId", "BlockType", "Title", "ContentJson", "SortOrder", "IsEnabled") VALUES ('3795fbfb-3e5e-4515-bbe6-8cf12e48f3c5', 'bea7bd5c-5648-47bf-b83e-8ae1a6ea8f52', 'specialties', 'Đặc sản', '{"title":"\u0110\u1EB7c s\u1EA3n","items":[{"name":"B\u00E1nh x\u00E8o","description":"V\u1ECF gi\u00F2n, nh\u00E2n t\u00F4m th\u1ECBt \u0111\u1EA7y \u0111\u1EB7n.","origin":"V\u0129nh Long","image":"/Images/am-thuc-viet-nam-2-1751938296.jpg"},{"name":"Cam s\u00E0nh","description":"V\u1ECB ng\u1ECDt thanh m\u00E1t.","origin":"Tr\u00E0 \u00D4n","image":"/Images/homepage.png"},{"name":"C\u00E1 tai t\u01B0\u1EE3ng","description":"C\u00E1 chi\u00EAn gi\u00F2n \u0111\u1EB7c tr\u01B0ng mi\u1EC1n T\u00E2y.","origin":"C\u00F9 lao An B\u00ECnh","image":"/Images/nha-hang-hai-san-nha-trang.jpg"}]}', 5, true);
INSERT INTO public."UIBlocks" ("Id", "LandingPageConfigId", "BlockType", "Title", "ContentJson", "SortOrder", "IsEnabled") VALUES ('37b6d652-db76-4863-b36c-26bef084e714', 'a0c1130a-49cd-4e4b-ac5f-c5136f773494', 'tourism', 'Du lịch', '{"title":"Du l\u1ECBch","items":[{"name":"Na Hang","description":"H\u1ED3 n\u01B0\u1EDBc xanh gi\u1EEFa n\u00FAi r\u1EEBng hoang s\u01A1.","origin":"","image":"/Images/dsvn-vinh-ha-long.png"},{"name":"Su\u1ED1i kho\u00E1ng M\u1EF9 L\u00E2m","description":"Ngh\u1EC9 d\u01B0\u1EE1ng gi\u1EEFa thi\u00EAn nhi\u00EAn.","origin":"","image":"/Images/homepage.png"},{"name":"T\u00E2n Tr\u00E0o","description":"Khu di t\u00EDch l\u1ECBch s\u1EED c\u00E1ch m\u1EA1ng.","origin":"","image":"/Images/dsvh-hoang-thanh-thang-long.png"}]}', 6, true);
INSERT INTO public."UIBlocks" ("Id", "LandingPageConfigId", "BlockType", "Title", "ContentJson", "SortOrder", "IsEnabled") VALUES ('3802f9b3-5e38-456e-a11b-504018fe2f00', '5391103c-b6fd-464c-a93b-6d6b4e4ea27e', 'gallery', 'Thư viện ảnh', '{"title":"Th\u01B0 vi\u1EC7n \u1EA3nh","images":["/Images/homepage.png","/Images/caphethainguyen.jpg","/Images/am-thuc-viet-nam-2-1751938296.jpg","/Images/nha-hang-hai-san-nha-trang.jpg","/Images/dsvn-vinh-ha-long.png","/Images/pho-bo-ha-noi.jpeg"]}', 8, true);
INSERT INTO public."UIBlocks" ("Id", "LandingPageConfigId", "BlockType", "Title", "ContentJson", "SortOrder", "IsEnabled") VALUES ('396f084e-c6a6-48af-b158-195ee431fbbc', '32dac492-b222-46f7-97e0-268a77f48d04', 'intro', 'Giới thiệu', '{"title":"Kh\u00E1nh H\u00F2a","subtitle":"Nha Trang r\u1EF1c r\u1EE1 b\u00EAn bi\u1EC3n xanh","description":"Kh\u00E1nh H\u00F2a n\u1ED5i ti\u1EBFng v\u1EDBi bi\u1EC3n Nha Trang trong xanh, \u0111\u1EA3o \u0111\u1EB9p v\u00E0 h\u1EA3i s\u1EA3n phong ph\u00FA.","imageUrl":"/Images/nha-hang-hai-san-nha-trang.jpg"}', 2, true);
INSERT INTO public."UIBlocks" ("Id", "LandingPageConfigId", "BlockType", "Title", "ContentJson", "SortOrder", "IsEnabled") VALUES ('39c65c65-cdae-4462-8aae-d48e52be8c52', 'c91950d4-30f2-4094-b84e-8aa09dd34bd3', 'richText', 'Nội dung', '{"html":""}', 3, true);
INSERT INTO public."UIBlocks" ("Id", "LandingPageConfigId", "BlockType", "Title", "ContentJson", "SortOrder", "IsEnabled") VALUES ('39ed74ef-40bc-46c8-8ce1-72eef29cbe52', '3f1a922d-8752-49c4-841d-1687c508d91a', 'intro', 'Giới thiệu', '{"title":"\u0110\u1ED3ng Nai","subtitle":"V\u00F9ng \u0111\u1EA5t c\u1EEDa ng\u00F5 \u0110\u00F4ng Nam B\u1ED9","description":"\u0110\u1ED3ng Nai s\u1EDF h\u1EEFu khu d\u1EF1 tr\u1EEF sinh quy\u1EC3n, tr\u00E1i c\u00E2y phong ph\u00FA v\u00E0 kh\u00F4ng gian xanh r\u1ED9ng l\u1EDBn.","imageUrl":"/Images/am-thuc-viet-nam-2-1751938296.jpg"}', 2, true);
INSERT INTO public."UIBlocks" ("Id", "LandingPageConfigId", "BlockType", "Title", "ContentJson", "SortOrder", "IsEnabled") VALUES ('3ae4f969-3430-4b7d-b3bf-229435652374', '26ebd324-9556-443f-bb8a-d1ac367db405', 'specialties', 'Đặc sản', '{"title":"\u0110\u1EB7c s\u1EA3n","items":[{"name":"Ch\u1EA3 m\u1EF1c","description":"M\u1EF1c gi\u00E3 tay, th\u01A1m ngon \u0111\u1EB7c tr\u01B0ng.","origin":"H\u1EA1 Long","image":"/Images/nha-hang-hai-san-nha-trang.jpg"},{"name":"S\u00E1 s\u00F9ng","description":"\u0110\u1EB7c s\u1EA3n qu\u00FD c\u1EE7a bi\u1EC3n.","origin":"V\u00E2n \u0110\u1ED3n","image":"/Images/am-thuc-viet-nam-2-1751938296.jpg"},{"name":"Sam bi\u1EC3n","description":"M\u00F3n \u0103n \u0111\u1ED9c \u0111\u00E1o v\u00F9ng bi\u1EC3n.","origin":"M\u00F3ng C\u00E1i","image":"/Images/nha-hang-hai-san-nha-trang.jpg"}]}', 5, true);
INSERT INTO public."UIBlocks" ("Id", "LandingPageConfigId", "BlockType", "Title", "ContentJson", "SortOrder", "IsEnabled") VALUES ('3b2e0189-15c0-4306-b502-a1f24f50db29', 'c91950d4-30f2-4094-b84e-8aa09dd34bd3', 'gallery', 'Thư viện ảnh', '{"title":"Th\u01B0 vi\u1EC7n \u1EA3nh","images":["/Images/dsvn-vinh-ha-long.png","/Images/homepage.png","/Images/am-thuc-viet-nam-2-1751938296.jpg","/Images/pho-bo-ha-noi.jpeg","/Images/nha-hang-hai-san-nha-trang.jpg","/Images/caphethainguyen.jpg"]}', 8, true);
INSERT INTO public."UIBlocks" ("Id", "LandingPageConfigId", "BlockType", "Title", "ContentJson", "SortOrder", "IsEnabled") VALUES ('3b589b7f-6d16-480d-b1a7-ebc951406b04', '3624d8fe-50cb-4396-9cbd-e1fafe8a0c55', 'hero', 'Lào Cai', '{"title":"L\u00E0o Cai","subtitle":"S\u1EAFc m\u00E0u T\u00E2y B\u1EAFc v\u00E0 m\u00E2y tr\u1EDDi Sa Pa","description":"V\u00F9ng cao T\u00E2y B\u1EAFc v\u1EDBi ru\u1ED9ng b\u1EADc thang, kh\u00ED h\u1EADu m\u00E1t l\u1EA1nh v\u00E0 v\u0103n h\u00F3a \u0111a s\u1EAFc t\u1ED9c.","imageUrl":"/Images/homepage.png"}', 1, true);
INSERT INTO public."UIBlocks" ("Id", "LandingPageConfigId", "BlockType", "Title", "ContentJson", "SortOrder", "IsEnabled") VALUES ('3b8ae7f2-0961-4c79-a04b-0b0ee4ee54ee', '1ffffa41-f0aa-4718-86e8-6f841dbc1546', 'specialties', 'Đặc sản', '{"title":"\u0110\u1EB7c s\u1EA3n","items":[{"name":"Tr\u00E0 T\u00E2n C\u01B0\u01A1ng","description":"H\u01B0\u01A1ng th\u01A1m d\u1ECBu, v\u1ECB ch\u00E1t ng\u1ECDt h\u1EADu.","origin":"T\u00E2n C\u01B0\u01A1ng","image":"/Images/caphethainguyen.jpg"},{"name":"B\u00E1nh ch\u01B0ng B\u1EDD \u0110\u1EADu","description":"D\u1EBBo th\u01A1m, nh\u00E2n \u0111\u1EADm \u0111\u00E0.","origin":"Ph\u00FA L\u01B0\u01A1ng","image":"/Images/am-thuc-viet-nam-2-1751938296.jpg"},{"name":"Nem chua \u0110\u1EA1i T\u1EEB","description":"V\u1ECB chua nh\u1EB9, th\u01A1m cay.","origin":"\u0110\u1EA1i T\u1EEB","image":"/Images/pho-bo-ha-noi.jpeg"}]}', 5, true);
INSERT INTO public."UIBlocks" ("Id", "LandingPageConfigId", "BlockType", "Title", "ContentJson", "SortOrder", "IsEnabled") VALUES ('3c13dcf7-b1da-43d3-9c1e-eab2aaf6b2b6', '5391103c-b6fd-464c-a93b-6d6b4e4ea27e', 'hero', 'Sơn La', '{"title":"S\u01A1n La","subtitle":"M\u00F9a hoa ban n\u1EDF gi\u1EEFa n\u00FAi r\u1EEBng","description":"S\u01A1n La n\u1ED5i b\u1EADt v\u1EDBi cao nguy\u00EAn M\u1ED9c Ch\u00E2u, kh\u00ED h\u1EADu m\u00E1t m\u1EBB v\u00E0 v\u0103n h\u00F3a d\u00E2n t\u1ED9c phong ph\u00FA.","imageUrl":"/Images/homepage.png"}', 1, true);
INSERT INTO public."UIBlocks" ("Id", "LandingPageConfigId", "BlockType", "Title", "ContentJson", "SortOrder", "IsEnabled") VALUES ('3c428324-84b1-439f-a370-66f76896d7fb', '08971e51-6a64-405f-9652-6092b94f15ee', 'gallery', 'Thư viện ảnh', '{"title":"Th\u01B0 vi\u1EC7n \u1EA3nh","images":["/Images/homepage.png","/Images/nha-hang-hai-san-nha-trang.jpg","/Images/am-thuc-viet-nam-2-1751938296.jpg","/Images/dsvn-vinh-ha-long.png","/Images/pho-bo-ha-noi.jpeg","/Images/caphethainguyen.jpg"]}', 8, true);
INSERT INTO public."UIBlocks" ("Id", "LandingPageConfigId", "BlockType", "Title", "ContentJson", "SortOrder", "IsEnabled") VALUES ('3c5986f6-991a-415f-9c2f-3de3193c8800', 'bfbff974-4ea1-432f-8823-3825153110a7', 'gallery', 'Thư viện ảnh', '{"title":"Th\u01B0 vi\u1EC7n \u1EA3nh","images":["/Images/homepage.png","/Images/nha-hang-hai-san-nha-trang.jpg","/Images/am-thuc-viet-nam-2-1751938296.jpg","/Images/pho-bo-ha-noi.jpeg","/Images/dsvn-vinh-ha-long.png","/Images/caphethainguyen.jpg"]}', 8, true);
INSERT INTO public."UIBlocks" ("Id", "LandingPageConfigId", "BlockType", "Title", "ContentJson", "SortOrder", "IsEnabled") VALUES ('3cdf7530-3abb-49fb-86b8-5684b43b148b', '69feca62-6b74-4ada-b926-bae806aebdab', 'tourism', 'Du lịch', '{"title":"Du l\u1ECBch","items":[{"name":"Th\u00E1c B\u1EA3n Gi\u1ED1c","description":"Th\u00E1c n\u01B0\u1EDBc l\u1EDBn nh\u1EA5t Vi\u1EC7t Nam.","origin":"","image":"/Images/dsvn-vinh-ha-long.png"},{"name":"\u0110\u1ED9ng Ng\u01B0\u1EDDm Ngao","description":"Hang \u0111\u1ED9ng k\u1EF3 \u1EA3o.","origin":"","image":"/Images/homepage.png"},{"name":"H\u1ED3 Thang Hen","description":"H\u1ED3 n\u01B0\u1EDBc xanh gi\u1EEFa n\u00FAi \u0111\u00E1.","origin":"","image":"/Images/homepage.png"}]}', 6, true);
INSERT INTO public."UIBlocks" ("Id", "LandingPageConfigId", "BlockType", "Title", "ContentJson", "SortOrder", "IsEnabled") VALUES ('3da51e9a-7d06-4f82-b1e0-faa84369a9dd', '69feca62-6b74-4ada-b926-bae806aebdab', 'highlights', 'Điểm nhấn', '{"title":"\u0110i\u1EC3m nh\u1EA5n","description":"Cao B\u1EB1ng n\u1ED5i b\u1EADt v\u1EDBi th\u00E1c B\u1EA3n Gi\u1ED1c, \u0111\u1ED9ng Ng\u01B0\u1EDDm Ngao v\u00E0 v\u0103n h\u00F3a d\u00E2n t\u1ED9c T\u00E0y.","items":[]}', 4, true);
INSERT INTO public."UIBlocks" ("Id", "LandingPageConfigId", "BlockType", "Title", "ContentJson", "SortOrder", "IsEnabled") VALUES ('3dc08f84-8e80-4f63-b1a8-a293a69192ed', 'a0c1130a-49cd-4e4b-ac5f-c5136f773494', 'gallery', 'Thư viện ảnh', '{"title":"Th\u01B0 vi\u1EC7n \u1EA3nh","images":["/Images/homepage.png","/Images/caphethainguyen.jpg","/Images/am-thuc-viet-nam-2-1751938296.jpg","/Images/nha-hang-hai-san-nha-trang.jpg","/Images/dsvn-vinh-ha-long.png","/Images/pho-bo-ha-noi.jpeg"]}', 8, true);
INSERT INTO public."UIBlocks" ("Id", "LandingPageConfigId", "BlockType", "Title", "ContentJson", "SortOrder", "IsEnabled") VALUES ('3dc85a8d-9791-4bd5-af46-4d8a475d94bf', '08d8b08d-84ce-42d8-891b-6fc4f9046038', 'specialties', 'Đặc sản', '{"title":"\u0110\u1EB7c s\u1EA3n","items":[{"name":"Th\u1ECBt tr\u00E2u g\u00E1c b\u1EBFp","description":"\u0110\u1EADm v\u1ECB kh\u00F3i c\u1EE7a n\u00FAi r\u1EEBng.","origin":"Tam \u0110\u01B0\u1EDDng","image":"/Images/nha-hang-hai-san-nha-trang.jpg"},{"name":"X\u00F4i t\u00EDm","description":"X\u00F4i n\u1EBFp n\u01B0\u01A1ng th\u01A1m d\u1EBBo.","origin":"S\u00ECn H\u1ED3","image":"/Images/am-thuc-viet-nam-2-1751938296.jpg"},{"name":"R\u01B0\u1EE3u ng\u00F4","description":"H\u01B0\u01A1ng v\u1ECB \u0111\u1EB7c tr\u01B0ng v\u00F9ng cao.","origin":"Phong Th\u1ED5","image":"/Images/homepage.png"}]}', 5, true);
INSERT INTO public."UIBlocks" ("Id", "LandingPageConfigId", "BlockType", "Title", "ContentJson", "SortOrder", "IsEnabled") VALUES ('3e26ccdd-0987-4bd2-b8c8-bf0b0223ae14', '95217ac6-6bd0-4853-be23-1775976d20be', 'highlights', 'Điểm nhấn', '{"title":"\u0110i\u1EC3m nh\u1EA5n","description":"T\u00E2y Ninh l\u00E0 c\u1EEDa ng\u00F5 \u0110\u00F4ng Nam B\u1ED9, n\u1ED5i b\u1EADt v\u1EDBi n\u00FAi B\u00E0 \u0110en v\u00E0 \u1EA9m th\u1EF1c \u0111\u1ED9c \u0111\u00E1o.","items":[]}', 4, true);
INSERT INTO public."UIBlocks" ("Id", "LandingPageConfigId", "BlockType", "Title", "ContentJson", "SortOrder", "IsEnabled") VALUES ('3e734bcf-652a-407e-a3b3-6db1be7e5a9d', 'bea7bd5c-5648-47bf-b83e-8ae1a6ea8f52', 'hero', 'Vĩnh Long', '{"title":"V\u0129nh Long","subtitle":"Mi\u1EC7t v\u01B0\u1EDDn tr\u00F9 ph\u00FA b\u00EAn s\u00F4ng Ti\u1EC1n","description":"V\u0129nh Long n\u1EB1m gi\u1EEFa s\u00F4ng Ti\u1EC1n v\u00E0 s\u00F4ng H\u1EADu, n\u1ED5i b\u1EADt v\u1EDBi v\u01B0\u1EDDn tr\u00E1i c\u00E2y v\u00E0 ch\u1EE3 n\u1ED5i.","imageUrl":"/Images/homepage.png"}', 1, true);
INSERT INTO public."UIBlocks" ("Id", "LandingPageConfigId", "BlockType", "Title", "ContentJson", "SortOrder", "IsEnabled") VALUES ('3e929208-f79f-4ddc-a8b1-6fb89da641d6', 'f6d1a4be-05a9-4446-a61a-e1d8e22febf3', 'gallery', 'Thư viện ảnh', '{"title":"Th\u01B0 vi\u1EC7n \u1EA3nh","images":["/Images/homepage.png","/Images/am-thuc-viet-nam-2-1751938296.jpg","/Images/pho-bo-ha-noi.jpeg","/Images/nha-hang-hai-san-nha-trang.jpg","/Images/dsvn-vinh-ha-long.png","/Images/caphethainguyen.jpg"]}', 8, true);
INSERT INTO public."UIBlocks" ("Id", "LandingPageConfigId", "BlockType", "Title", "ContentJson", "SortOrder", "IsEnabled") VALUES ('3f7b366a-43df-4868-8ced-fb250a3950aa', 'fbf20626-8e36-47b7-afdb-e58a61cf46cc', 'culture', 'Văn hóa', '{"title":"V\u0103n h\u00F3a","items":[{"name":"L\u1EC5 h\u1ED9i sen","description":"T\u00F4n vinh bi\u1EC3u t\u01B0\u1EE3ng \u0110\u1ED3ng Th\u00E1p.","origin":"","image":"/Images/homepage.png"},{"name":"L\u00E0ng ngh\u1EC1 b\u00E1nh ph\u1ED3ng","description":"Ngh\u1EC1 truy\u1EC1n th\u1ED1ng l\u00E2u \u0111\u1EDDi.","origin":"","image":"/Images/am-thuc-viet-nam-2-1751938296.jpg"}]}', 7, true);
INSERT INTO public."UIBlocks" ("Id", "LandingPageConfigId", "BlockType", "Title", "ContentJson", "SortOrder", "IsEnabled") VALUES ('408e478a-9459-459b-a728-4a9a414d5796', '064940c1-e7cb-4862-b789-1546c20686e5', 'specialties', 'Đặc sản', '{"title":"\u0110\u1EB7c s\u1EA3n","items":[{"name":"B\u00E1nh x\u00E8o","description":"V\u1ECF gi\u00F2n r\u1EE5m, nh\u00E2n t\u00F4m th\u1ECBt \u0111\u1EA7y \u0111\u1EB7n.","origin":"Ninh Ki\u1EC1u","image":"/Images/am-thuc-viet-nam-2-1751938296.jpg"},{"name":"L\u1EA9u m\u1EAFm","description":"\u0110\u1EADm \u0111\u00E0 h\u01B0\u01A1ng v\u1ECB mi\u1EC1n T\u00E2y.","origin":"C\u00E1i R\u0103ng","image":"/Images/nha-hang-hai-san-nha-trang.jpg"},{"name":"V\u00FA s\u1EEFa","description":"Tr\u00E1i c\u00E2y \u0111\u1EB7c s\u1EA3n ng\u1ECDt thanh.","origin":"Phong \u0110i\u1EC1n","image":"/Images/homepage.png"}]}', 5, true);
INSERT INTO public."UIBlocks" ("Id", "LandingPageConfigId", "BlockType", "Title", "ContentJson", "SortOrder", "IsEnabled") VALUES ('40e568f2-85ad-48c6-8d45-6f94c41d5c4d', '95217ac6-6bd0-4853-be23-1775976d20be', 'gallery', 'Thư viện ảnh', '{"title":"Th\u01B0 vi\u1EC7n \u1EA3nh","images":["/Images/homepage.png","/Images/am-thuc-viet-nam-2-1751938296.jpg","/Images/pho-bo-ha-noi.jpeg","/Images/nha-hang-hai-san-nha-trang.jpg","/Images/dsvn-vinh-ha-long.png","/Images/caphethainguyen.jpg"]}', 8, true);
INSERT INTO public."UIBlocks" ("Id", "LandingPageConfigId", "BlockType", "Title", "ContentJson", "SortOrder", "IsEnabled") VALUES ('41fe4038-5b88-4b51-b0d8-9128e87ef566', 'fbf20626-8e36-47b7-afdb-e58a61cf46cc', 'richText', 'Nội dung', '{"html":""}', 3, true);
INSERT INTO public."UIBlocks" ("Id", "LandingPageConfigId", "BlockType", "Title", "ContentJson", "SortOrder", "IsEnabled") VALUES ('42801b49-0a72-42df-8f89-70e829cc8e93', '064940c1-e7cb-4862-b789-1546c20686e5', 'culture', 'Văn hóa', '{"title":"V\u0103n h\u00F3a","items":[{"name":"\u0110\u1EDDn ca t\u00E0i t\u1EED","description":"Di s\u1EA3n \u00E2m nh\u1EA1c Nam B\u1ED9.","origin":"","image":"/Images/homepage.png"},{"name":"L\u1EC5 h\u1ED9i b\u00E1nh d\u00E2n gian","description":"T\u00F4n vinh \u1EA9m th\u1EF1c mi\u1EC1n T\u00E2y.","origin":"","image":"/Images/am-thuc-viet-nam-2-1751938296.jpg"}]}', 7, true);
INSERT INTO public."UIBlocks" ("Id", "LandingPageConfigId", "BlockType", "Title", "ContentJson", "SortOrder", "IsEnabled") VALUES ('42d5465d-731e-4841-a3d0-bc78b103ba0b', 'a0898553-87df-482e-9c7b-79cfea9cd5ca', 'cta', 'CTA', '{}', 9, true);
INSERT INTO public."UIBlocks" ("Id", "LandingPageConfigId", "BlockType", "Title", "ContentJson", "SortOrder", "IsEnabled") VALUES ('43c70500-cb37-4854-b906-3f5558bae492', '08971e51-6a64-405f-9652-6092b94f15ee', 'richText', 'Nội dung', '{"html":""}', 3, true);
INSERT INTO public."UIBlocks" ("Id", "LandingPageConfigId", "BlockType", "Title", "ContentJson", "SortOrder", "IsEnabled") VALUES ('451dc116-def7-41c3-93c9-b07360137261', '779abff4-6a53-4e13-8e0f-6b393ebbe97d', 'tourism', 'Du lịch', '{"title":"Du l\u1ECBch","items":[{"name":"Th\u00E1c Dray Nur","description":"Th\u00E1c n\u01B0\u1EDBc h\u00F9ng v\u0129 gi\u1EEFa r\u1EEBng xanh.","origin":"","image":"/Images/dsvn-vinh-ha-long.png"},{"name":"H\u1ED3 L\u1EAFk","description":"H\u1ED3 n\u01B0\u1EDBc t\u1EF1 nhi\u00EAn l\u1EDBn nh\u1EA5t T\u00E2y Nguy\u00EAn.","origin":"","image":"/Images/homepage.png"},{"name":"Bu\u00F4n \u0110\u00F4n","description":"L\u00E0ng v\u0103n h\u00F3a v\u1EDBi truy\u1EC1n th\u1ED1ng s\u0103n voi.","origin":"","image":"/Images/dsvh-hoang-thanh-thang-long.png"}]}', 6, true);
INSERT INTO public."UIBlocks" ("Id", "LandingPageConfigId", "BlockType", "Title", "ContentJson", "SortOrder", "IsEnabled") VALUES ('46adb6d5-d1fe-4e65-83cc-a38b92afa0e9', 'dc7a6704-0e6c-46da-8b28-8ceceaa9afc3', 'intro', 'Giới thiệu', '{"title":"\u0110i\u1EC7n Bi\u00EAn","subtitle":"\u0110i\u1EC3m h\u1EB9n l\u1ECBch s\u1EED v\u00E0 h\u00F9ng v\u0129 T\u00E2y B\u1EAFc","description":"\u0110i\u1EC7n Bi\u00EAn l\u01B0u gi\u1EEF chi\u1EBFn th\u1EAFng l\u1ECBch s\u1EED, n\u00FAi r\u1EEBng r\u1ED9ng l\u1EDBn v\u00E0 v\u0103n h\u00F3a d\u00E2n t\u1ED9c \u0111\u1ED9c \u0111\u00E1o.","imageUrl":"/Images/caphethainguyen.jpg"}', 2, true);
INSERT INTO public."UIBlocks" ("Id", "LandingPageConfigId", "BlockType", "Title", "ContentJson", "SortOrder", "IsEnabled") VALUES ('472406a7-e195-41cc-a4d7-198edf6eeff6', 'f9f5ce75-1f32-415b-b07c-9138bdad3add', 'culture', 'Văn hóa', '{"title":"V\u0103n h\u00F3a","items":[{"name":"L\u1EC5 h\u1ED9i ch\u1ECDi tr\u00E2u \u0110\u1ED3 S\u01A1n","description":"L\u1EC5 h\u1ED9i truy\u1EC1n th\u1ED1ng \u0111\u1EADm ch\u1EA5t d\u00E2n gian v\u00F9ng bi\u1EC3n.","origin":"","image":"/Images/homepage.png"},{"name":"L\u00E0ng ngh\u1EC1 \u0111i\u00EAu kh\u1EAFc \u0111\u00E1","description":"Ngh\u1EC1 th\u1EE7 c\u00F4ng l\u00E2u \u0111\u1EDDi t\u1EA1o n\u00EAn n\u00E9t v\u0103n h\u00F3a ri\u00EAng.","origin":"","image":"/Images/am-thuc-viet-nam-2-1751938296.jpg"}]}', 7, true);
INSERT INTO public."UIBlocks" ("Id", "LandingPageConfigId", "BlockType", "Title", "ContentJson", "SortOrder", "IsEnabled") VALUES ('48ee6db6-b811-46de-9530-83dbe39db7da', '69feca62-6b74-4ada-b926-bae806aebdab', 'culture', 'Văn hóa', '{"title":"V\u0103n h\u00F3a","items":[{"name":"H\u00E1t then","description":"Di s\u1EA3n v\u0103n h\u00F3a c\u1EE7a ng\u01B0\u1EDDi T\u00E0y.","origin":"","image":"/Images/homepage.png"},{"name":"L\u1EC5 h\u1ED9i L\u1ED3ng T\u1ED3ng","description":"L\u1EC5 h\u1ED9i c\u1EA7u m\u00F9a.","origin":"","image":"/Images/am-thuc-viet-nam-2-1751938296.jpg"}]}', 7, true);
INSERT INTO public."UIBlocks" ("Id", "LandingPageConfigId", "BlockType", "Title", "ContentJson", "SortOrder", "IsEnabled") VALUES ('4936f455-a466-4e9c-aec4-8b65c003a255', '26ebd324-9556-443f-bb8a-d1ac367db405', 'highlights', 'Điểm nhấn', '{"title":"\u0110i\u1EC3m nh\u1EA5n","description":"Qu\u1EA3ng Ninh l\u00E0 \u0111i\u1EC3m \u0111\u1EBFn n\u1ED5i ti\u1EBFng v\u1EDBi v\u1ECBnh H\u1EA1 Long, \u0111\u1EA3o C\u00F4 T\u00F4 v\u00E0 \u1EA9m th\u1EF1c bi\u1EC3n phong ph\u00FA.","items":[]}', 4, true);
INSERT INTO public."UIBlocks" ("Id", "LandingPageConfigId", "BlockType", "Title", "ContentJson", "SortOrder", "IsEnabled") VALUES ('4b5a2c0f-0bbd-4d1a-ace4-0a22d6796ed8', 'f6d1a4be-05a9-4446-a61a-e1d8e22febf3', 'highlights', 'Điểm nhấn', '{"title":"\u0110i\u1EC3m nh\u1EA5n","description":"Ngh\u1EC7 An l\u00E0 qu\u00EA h\u01B0\u01A1ng Ch\u1EE7 t\u1ECBch H\u1ED3 Ch\u00ED Minh, v\u1EDBi b\u00E3i bi\u1EC3n \u0111\u1EB9p v\u00E0 \u1EA9m th\u1EF1c \u0111\u1EADm \u0111\u00E0.","items":[]}', 4, true);
INSERT INTO public."UIBlocks" ("Id", "LandingPageConfigId", "BlockType", "Title", "ContentJson", "SortOrder", "IsEnabled") VALUES ('4c30e538-7837-443b-899e-3c2bdcc026d2', '4ccc9128-d576-47a5-a83e-2916ee9c85cd', 'culture', 'Văn hóa', '{"title":"V\u0103n h\u00F3a","items":[{"name":"Nh\u00E3 nh\u1EA1c cung \u0111\u00ECnh","description":"Di s\u1EA3n v\u0103n h\u00F3a phi v\u1EADt th\u1EC3 UNESCO.","origin":"","image":"/Images/homepage.png"},{"name":"Festival Hu\u1EBF","description":"S\u1EF1 ki\u1EC7n v\u0103n h\u00F3a ngh\u1EC7 thu\u1EADt qu\u1ED1c t\u1EBF.","origin":"","image":"/Images/am-thuc-viet-nam-2-1751938296.jpg"}]}', 7, true);
INSERT INTO public."UIBlocks" ("Id", "LandingPageConfigId", "BlockType", "Title", "ContentJson", "SortOrder", "IsEnabled") VALUES ('4e9e6cd8-eb37-4cd1-b5c4-073e26e29cf6', '3f1a922d-8752-49c4-841d-1687c508d91a', 'tourism', 'Du lịch', '{"title":"Du l\u1ECBch","items":[{"name":"V\u01B0\u1EDDn qu\u1ED1c gia C\u00E1t Ti\u00EAn","description":"H\u1EC7 sinh th\u00E1i r\u1EEBng nhi\u1EC7t \u0111\u1EDBi \u0111a d\u1EA1ng.","origin":"","image":"/Images/dsvn-vinh-ha-long.png"},{"name":"Khu du l\u1ECBch B\u1EEDu Long","description":"H\u1ED3 n\u01B0\u1EDBc v\u00E0 n\u00FAi \u0111\u00E1 n\u00EAn th\u01A1.","origin":"","image":"/Images/homepage.png"},{"name":"Th\u00E1c Giang \u0110i\u1EC1n","description":"Th\u00E1c n\u01B0\u1EDBc m\u00E1t l\u00E0nh.","origin":"","image":"/Images/dsvn-vinh-ha-long.png"}]}', 6, true);
INSERT INTO public."UIBlocks" ("Id", "LandingPageConfigId", "BlockType", "Title", "ContentJson", "SortOrder", "IsEnabled") VALUES ('4f7d4bf2-6de6-4e8f-b5fe-692f06b975c7', 'e7b72a1a-57dc-4dec-80eb-b4eead5f8989', 'culture', 'Văn hóa', '{"title":"V\u0103n h\u00F3a","items":[{"name":"L\u1EC5 h\u1ED9i Hoa \u0110\u00E0 L\u1EA1t","description":"S\u1EF1 ki\u1EC7n v\u0103n h\u00F3a \u0111\u1EB7c tr\u01B0ng cao nguy\u00EAn.","origin":"","image":"/Images/homepage.png"},{"name":"Kh\u00F4ng gian c\u1ED3ng chi\u00EAng","description":"Di s\u1EA3n v\u0103n h\u00F3a T\u00E2y Nguy\u00EAn.","origin":"","image":"/Images/am-thuc-viet-nam-2-1751938296.jpg"}]}', 7, true);
INSERT INTO public."UIBlocks" ("Id", "LandingPageConfigId", "BlockType", "Title", "ContentJson", "SortOrder", "IsEnabled") VALUES ('51c59b3a-cb19-40c3-b173-339b61c21955', 'bfa932c4-b1fe-4596-a714-55b6822e10fc', 'highlights', 'Điểm nhấn', '{"title":"\u0110i\u1EC3m nh\u1EA5n","description":"Qu\u00EA h\u01B0\u01A1ng vua H\u00F9ng v\u1EDBi di s\u1EA3n v\u0103n h\u00F3a s\u00E2u s\u1EAFc, l\u1EC5 h\u1ED9i truy\u1EC1n th\u1ED1ng v\u00E0 l\u00E0n \u0111i\u1EC7u d\u00E2n ca.","items":[]}', 4, true);
INSERT INTO public."UIBlocks" ("Id", "LandingPageConfigId", "BlockType", "Title", "ContentJson", "SortOrder", "IsEnabled") VALUES ('53a3c1be-a6bc-406b-b81c-02e7399b37c0', '779abff4-6a53-4e13-8e0f-6b393ebbe97d', 'cta', 'CTA', '{}', 9, true);
INSERT INTO public."UIBlocks" ("Id", "LandingPageConfigId", "BlockType", "Title", "ContentJson", "SortOrder", "IsEnabled") VALUES ('5445599b-11bc-419f-8c2a-45ca83890de5', 'a0c1130a-49cd-4e4b-ac5f-c5136f773494', 'hero', 'Tuyên Quang', '{"title":"Tuy\u00EAn Quang","subtitle":"S\u1EAFc xanh n\u00FAi r\u1EEBng v\u00E0 l\u1EC5 h\u1ED9i Trung thu","description":"V\u00F9ng \u0111\u1EA5t l\u1ECBch s\u1EED v\u1EDBi n\u00FAi r\u1EEBng h\u00F9ng v\u0129, l\u1EC5 h\u1ED9i \u0111\u00E8n Trung thu \u0111\u1ED9c \u0111\u00E1o.","imageUrl":"/Images/homepage.png"}', 1, true);
INSERT INTO public."UIBlocks" ("Id", "LandingPageConfigId", "BlockType", "Title", "ContentJson", "SortOrder", "IsEnabled") VALUES ('54a7dbc1-b7e1-4d00-8c3e-423dcd9455e6', 'a0c1130a-49cd-4e4b-ac5f-c5136f773494', 'specialties', 'Đặc sản', '{"title":"\u0110\u1EB7c s\u1EA3n","items":[{"name":"B\u00E1nh gai","description":"D\u1EBBo th\u01A1m, nh\u00E2n \u0111\u1EADu xanh ng\u1ECDt b\u00F9i.","origin":"H\u00E0m Y\u00EAn","image":"/Images/am-thuc-viet-nam-2-1751938296.jpg"},{"name":"Cam s\u00E0nh","description":"V\u1ECB ng\u1ECDt thanh, th\u01A1m d\u1ECBu.","origin":"H\u00E0m Y\u00EAn","image":"/Images/homepage.png"},{"name":"Th\u1ECBt tr\u00E2u g\u00E1c b\u1EBFp","description":"H\u01B0\u01A1ng kh\u00F3i n\u00FAi r\u1EEBng \u0111\u1EADm \u0111\u00E0.","origin":"Na Hang","image":"/Images/nha-hang-hai-san-nha-trang.jpg"}]}', 5, true);
INSERT INTO public."UIBlocks" ("Id", "LandingPageConfigId", "BlockType", "Title", "ContentJson", "SortOrder", "IsEnabled") VALUES ('54ef05c0-d26d-45b5-8ecd-5e71b95fbd19', 'c91950d4-30f2-4094-b84e-8aa09dd34bd3', 'tourism', 'Du lịch', '{"title":"Du l\u1ECBch","items":[{"name":"Tr\u00E0ng An","description":"Di s\u1EA3n th\u1EBF gi\u1EDBi v\u1EDBi hang \u0111\u1ED9ng v\u00E0 s\u00F4ng n\u01B0\u1EDBc.","origin":"","image":"/Images/dsvn-vinh-ha-long.png"},{"name":"Tam C\u1ED1c","description":"C\u1EA3nh s\u1EAFc s\u00F4ng n\u00FAi n\u00EAn th\u01A1.","origin":"","image":"/Images/homepage.png"},{"name":"C\u1ED1 \u0111\u00F4 Hoa L\u01B0","description":"Di t\u00EDch l\u1ECBch s\u1EED tri\u1EC1u \u0110inh - L\u00EA.","origin":"","image":"/Images/dsvh-hoang-thanh-thang-long.png"}]}', 6, true);
INSERT INTO public."UIBlocks" ("Id", "LandingPageConfigId", "BlockType", "Title", "ContentJson", "SortOrder", "IsEnabled") VALUES ('568bd8b7-0e06-4b9b-94f9-cd8be1a6fb52', 'f6d1a4be-05a9-4446-a61a-e1d8e22febf3', 'hero', 'Nghệ An', '{"title":"Ngh\u1EC7 An","subtitle":"Mi\u1EC1n qu\u00EA x\u1EE9 Ngh\u1EC7 gi\u00E0u truy\u1EC1n th\u1ED1ng","description":"Ngh\u1EC7 An l\u00E0 qu\u00EA h\u01B0\u01A1ng Ch\u1EE7 t\u1ECBch H\u1ED3 Ch\u00ED Minh, v\u1EDBi b\u00E3i bi\u1EC3n \u0111\u1EB9p v\u00E0 \u1EA9m th\u1EF1c \u0111\u1EADm \u0111\u00E0.","imageUrl":"/Images/homepage.png"}', 1, true);
INSERT INTO public."UIBlocks" ("Id", "LandingPageConfigId", "BlockType", "Title", "ContentJson", "SortOrder", "IsEnabled") VALUES ('5693210f-85cd-4b58-91b4-25388227ecff', '0e648962-314f-4e80-9b4e-1ef7a9c79827', 'tourism', 'Du lịch', '{"title":"Du l\u1ECBch","items":[{"name":"\u0110\u1EC1n \u0110\u00F4","description":"Di t\u00EDch l\u1ECBch s\u1EED nh\u00E0 L\u00FD.","origin":"","image":"/Images/dsvh-hoang-thanh-thang-long.png"},{"name":"Ch\u00F9a D\u00E2u","description":"Ng\u00F4i ch\u00F9a c\u1ED5 nh\u1EA5t Vi\u1EC7t Nam.","origin":"","image":"/Images/homepage.png"},{"name":"L\u00E0ng tranh \u0110\u00F4ng H\u1ED3","description":"Kh\u00F4ng gian ngh\u1EC7 thu\u1EADt d\u00E2n gian.","origin":"","image":"/Images/am-thuc-viet-nam-2-1751938296.jpg"}]}', 6, true);
INSERT INTO public."UIBlocks" ("Id", "LandingPageConfigId", "BlockType", "Title", "ContentJson", "SortOrder", "IsEnabled") VALUES ('57dcd4d2-7f6d-475e-9a78-27ab50876574', '32dac492-b222-46f7-97e0-268a77f48d04', 'highlights', 'Điểm nhấn', '{"title":"\u0110i\u1EC3m nh\u1EA5n","description":"Kh\u00E1nh H\u00F2a n\u1ED5i ti\u1EBFng v\u1EDBi bi\u1EC3n Nha Trang trong xanh, \u0111\u1EA3o \u0111\u1EB9p v\u00E0 h\u1EA3i s\u1EA3n phong ph\u00FA.","items":[]}', 4, true);
INSERT INTO public."UIBlocks" ("Id", "LandingPageConfigId", "BlockType", "Title", "ContentJson", "SortOrder", "IsEnabled") VALUES ('5903732a-0f1d-416c-b616-abc927d222f2', '26ebd324-9556-443f-bb8a-d1ac367db405', 'culture', 'Văn hóa', '{"title":"V\u0103n h\u00F3a","items":[{"name":"L\u1EC5 h\u1ED9i Y\u00EAn T\u1EED","description":"H\u00E0nh h\u01B0\u01A1ng v\u1EC1 \u0111\u1EA5t Ph\u1EADt.","origin":"","image":"/Images/homepage.png"},{"name":"V\u0103n h\u00F3a than","description":"D\u1EA5u \u1EA5n c\u00F4ng nh\u00E2n m\u1ECF.","origin":"","image":"/Images/am-thuc-viet-nam-2-1751938296.jpg"}]}', 7, true);
INSERT INTO public."UIBlocks" ("Id", "LandingPageConfigId", "BlockType", "Title", "ContentJson", "SortOrder", "IsEnabled") VALUES ('5bdcc1bc-bfb7-42a7-b737-af20d696f648', '32dac492-b222-46f7-97e0-268a77f48d04', 'richText', 'Nội dung', '{"html":""}', 3, true);
INSERT INTO public."UIBlocks" ("Id", "LandingPageConfigId", "BlockType", "Title", "ContentJson", "SortOrder", "IsEnabled") VALUES ('5c3c2cfc-d90e-4fc3-a3bb-4cf5bbcd5eb1', 'e7b72a1a-57dc-4dec-80eb-b4eead5f8989', 'hero', 'Lâm Đồng', '{"title":"L\u00E2m \u0110\u1ED3ng","subtitle":"\u0110\u00E0 L\u1EA1t m\u1ED9ng m\u01A1 gi\u1EEFa cao nguy\u00EAn","description":"L\u00E2m \u0110\u1ED3ng s\u1EDF h\u1EEFu th\u00E0nh ph\u1ED1 \u0110\u00E0 L\u1EA1t m\u00E1t l\u00E0nh, r\u1EEBng th\u00F4ng v\u00E0 v\u0103n h\u00F3a c\u00E0 ph\u00EA.","imageUrl":"/Images/caphethainguyen.jpg"}', 1, true);
INSERT INTO public."UIBlocks" ("Id", "LandingPageConfigId", "BlockType", "Title", "ContentJson", "SortOrder", "IsEnabled") VALUES ('5d9a869b-cd80-4783-975e-ded23bfd48f0', '08d8b08d-84ce-42d8-891b-6fc4f9046038', 'intro', 'Giới thiệu', '{"title":"Lai Ch\u00E2u","subtitle":"M\u00E2y n\u00FAi \u0111\u1EA1i ng\u00E0n v\u00E0 b\u1EA3n s\u1EAFc v\u00F9ng cao","description":"Lai Ch\u00E2u s\u1EDF h\u1EEFu n\u00FAi non h\u00F9ng v\u0129, ru\u1ED9ng b\u1EADc thang v\u00E0 v\u0103n h\u00F3a d\u00E2n t\u1ED9c \u0111a d\u1EA1ng.","imageUrl":"/Images/caphethainguyen.jpg"}', 2, true);
INSERT INTO public."UIBlocks" ("Id", "LandingPageConfigId", "BlockType", "Title", "ContentJson", "SortOrder", "IsEnabled") VALUES ('5dde93ab-7f3d-47a8-a4af-3ee3a4388ca0', '0012bda7-11e7-4bb0-bbad-d5515cdbb94e', 'tourism', 'Du lịch', '{"title":"Du l\u1ECBch","items":[{"name":"Bi\u1EC3n H\u1ED3","description":"H\u1ED3 n\u01B0\u1EDBc xanh bi\u1EBFc gi\u1EEFa cao nguy\u00EAn.","origin":"","image":"/Images/homepage.png"},{"name":"\u0110\u1ED3i ch\u00E8 Bi\u1EC3n H\u1ED3","description":"\u0110\u1ED3i ch\u00E8 xanh tr\u1EA3i d\u00E0i.","origin":"","image":"/Images/caphethainguyen.jpg"},{"name":"Th\u00E1c Ph\u00FA C\u01B0\u1EDDng","description":"Th\u00E1c n\u01B0\u1EDBc h\u00F9ng v\u0129 gi\u1EEFa \u0111\u1EA1i ng\u00E0n.","origin":"","image":"/Images/dsvn-vinh-ha-long.png"}]}', 6, true);
INSERT INTO public."UIBlocks" ("Id", "LandingPageConfigId", "BlockType", "Title", "ContentJson", "SortOrder", "IsEnabled") VALUES ('5e30feb9-1865-40ae-af26-f6c6af8a008c', 'f9f5ce75-1f32-415b-b07c-9138bdad3add', 'richText', 'Nội dung', '{"html":""}', 3, true);
INSERT INTO public."UIBlocks" ("Id", "LandingPageConfigId", "BlockType", "Title", "ContentJson", "SortOrder", "IsEnabled") VALUES ('5ec266d0-87f2-4a35-ad96-e28fb8ff78c8', '7c89f9c2-efe6-41ed-8112-d9522cdd821e', 'culture', 'Văn hóa', '{"title":"V\u0103n h\u00F3a","items":[{"name":"L\u1EC5 h\u1ED9i Lam Kinh","description":"T\u01B0\u1EDFng nh\u1EDB vua L\u00EA L\u1EE3i.","origin":"","image":"/Images/homepage.png"},{"name":"H\u00F2 s\u00F4ng M\u00E3","description":"L\u00E0n \u0111i\u1EC7u d\u00E2n gian x\u1EE9 Thanh.","origin":"","image":"/Images/am-thuc-viet-nam-2-1751938296.jpg"}]}', 7, true);
INSERT INTO public."UIBlocks" ("Id", "LandingPageConfigId", "BlockType", "Title", "ContentJson", "SortOrder", "IsEnabled") VALUES ('5efeead7-9960-44b8-80fc-d42b3e1d563b', '91738c30-672e-4f26-b4cd-6a33efe809f0', 'richText', 'Nội dung', '{"html":""}', 3, true);
INSERT INTO public."UIBlocks" ("Id", "LandingPageConfigId", "BlockType", "Title", "ContentJson", "SortOrder", "IsEnabled") VALUES ('5f287b74-bdf1-429b-8e64-8ac8410c5ebd', 'a0c1130a-49cd-4e4b-ac5f-c5136f773494', 'culture', 'Văn hóa', '{"title":"V\u0103n h\u00F3a","items":[{"name":"L\u1EC5 h\u1ED9i Th\u00E0nh Tuy\u00EAn","description":"L\u1EC5 h\u1ED9i \u0111\u00E8n Trung thu r\u1EF1c r\u1EE1.","origin":"","image":"/Images/homepage.png"},{"name":"H\u00E1t then","description":"Ngh\u1EC7 thu\u1EADt d\u00E2n gian c\u1EE7a ng\u01B0\u1EDDi T\u00E0y.","origin":"","image":"/Images/am-thuc-viet-nam-2-1751938296.jpg"}]}', 7, true);
INSERT INTO public."UIBlocks" ("Id", "LandingPageConfigId", "BlockType", "Title", "ContentJson", "SortOrder", "IsEnabled") VALUES ('5fc9edcb-fdbc-455f-8c22-88e844d33ff3', 'c91950d4-30f2-4094-b84e-8aa09dd34bd3', 'hero', 'Ninh Bình', '{"title":"Ninh B\u00ECnh","subtitle":"Non n\u01B0\u1EDBc h\u1EEFu t\u00ECnh \u0111\u1EA5t c\u1ED1 \u0111\u00F4","description":"Ninh B\u00ECnh n\u1ED5i b\u1EADt v\u1EDBi qu\u1EA7n th\u1EC3 Tr\u00E0ng An, c\u1ED1 \u0111\u00F4 Hoa L\u01B0 v\u00E0 c\u1EA3nh s\u1EAFc thi\u00EAn nhi\u00EAn tuy\u1EC7t m\u1EF9.","imageUrl":"/Images/dsvn-vinh-ha-long.png"}', 1, true);
INSERT INTO public."UIBlocks" ("Id", "LandingPageConfigId", "BlockType", "Title", "ContentJson", "SortOrder", "IsEnabled") VALUES ('601d2555-785f-47d1-b967-a5e64b0f011a', 'f6d1a4be-05a9-4446-a61a-e1d8e22febf3', 'intro', 'Giới thiệu', '{"title":"Ngh\u1EC7 An","subtitle":"Mi\u1EC1n qu\u00EA x\u1EE9 Ngh\u1EC7 gi\u00E0u truy\u1EC1n th\u1ED1ng","description":"Ngh\u1EC7 An l\u00E0 qu\u00EA h\u01B0\u01A1ng Ch\u1EE7 t\u1ECBch H\u1ED3 Ch\u00ED Minh, v\u1EDBi b\u00E3i bi\u1EC3n \u0111\u1EB9p v\u00E0 \u1EA9m th\u1EF1c \u0111\u1EADm \u0111\u00E0.","imageUrl":"/Images/am-thuc-viet-nam-2-1751938296.jpg"}', 2, true);
INSERT INTO public."UIBlocks" ("Id", "LandingPageConfigId", "BlockType", "Title", "ContentJson", "SortOrder", "IsEnabled") VALUES ('602b5e97-cc14-497b-b198-695c124538f1', '3624d8fe-50cb-4396-9cbd-e1fafe8a0c55', 'highlights', 'Điểm nhấn', '{"title":"\u0110i\u1EC3m nh\u1EA5n","description":"V\u00F9ng cao T\u00E2y B\u1EAFc v\u1EDBi ru\u1ED9ng b\u1EADc thang, kh\u00ED h\u1EADu m\u00E1t l\u1EA1nh v\u00E0 v\u0103n h\u00F3a \u0111a s\u1EAFc t\u1ED9c.","items":[]}', 4, true);
INSERT INTO public."UIBlocks" ("Id", "LandingPageConfigId", "BlockType", "Title", "ContentJson", "SortOrder", "IsEnabled") VALUES ('60dab091-8db4-4d25-8716-9b9d748c6f50', '3624d8fe-50cb-4396-9cbd-e1fafe8a0c55', 'cta', 'CTA', '{}', 9, true);
INSERT INTO public."UIBlocks" ("Id", "LandingPageConfigId", "BlockType", "Title", "ContentJson", "SortOrder", "IsEnabled") VALUES ('614190e9-cc7b-4e03-97c8-226f71c83185', '69feca62-6b74-4ada-b926-bae806aebdab', 'richText', 'Nội dung', '{"html":""}', 3, true);
INSERT INTO public."UIBlocks" ("Id", "LandingPageConfigId", "BlockType", "Title", "ContentJson", "SortOrder", "IsEnabled") VALUES ('62c53b86-955d-42aa-ad90-23b6862989f6', '0012bda7-11e7-4bb0-bbad-d5515cdbb94e', 'richText', 'Nội dung', '{"html":""}', 3, true);
INSERT INTO public."UIBlocks" ("Id", "LandingPageConfigId", "BlockType", "Title", "ContentJson", "SortOrder", "IsEnabled") VALUES ('63692b02-9ec9-4402-ba0b-9bb47084f38b', '69feca62-6b74-4ada-b926-bae806aebdab', 'hero', 'Cao Bằng', '{"title":"Cao B\u1EB1ng","subtitle":"Th\u00E1c n\u01B0\u1EDBc k\u1EF3 v\u0129 v\u00E0 n\u00FAi r\u1EEBng bi\u00EAn gi\u1EDBi","description":"Cao B\u1EB1ng n\u1ED5i b\u1EADt v\u1EDBi th\u00E1c B\u1EA3n Gi\u1ED1c, \u0111\u1ED9ng Ng\u01B0\u1EDDm Ngao v\u00E0 v\u0103n h\u00F3a d\u00E2n t\u1ED9c T\u00E0y.","imageUrl":"/Images/homepage.png"}', 1, true);
INSERT INTO public."UIBlocks" ("Id", "LandingPageConfigId", "BlockType", "Title", "ContentJson", "SortOrder", "IsEnabled") VALUES ('63fa21e0-086c-4268-965c-54885742f3f8', '1ffffa41-f0aa-4718-86e8-6f841dbc1546', 'highlights', 'Điểm nhấn', '{"title":"\u0110i\u1EC3m nh\u1EA5n","description":"V\u00F9ng \u0111\u1EA5t trung du n\u1ED5i ti\u1EBFng v\u1EDBi ch\u00E8 th\u01A1m, \u0111\u1ED3i n\u00FAi tr\u00F9ng \u0111i\u1EC7p v\u00E0 l\u1ECBch s\u1EED c\u00E1ch m\u1EA1ng.","items":[]}', 4, true);
INSERT INTO public."UIBlocks" ("Id", "LandingPageConfigId", "BlockType", "Title", "ContentJson", "SortOrder", "IsEnabled") VALUES ('65302dfc-f00f-4d71-8d8a-719eb478faf0', 'bfbff974-4ea1-432f-8823-3825153110a7', 'richText', 'Nội dung', '{"html":""}', 3, true);
INSERT INTO public."UIBlocks" ("Id", "LandingPageConfigId", "BlockType", "Title", "ContentJson", "SortOrder", "IsEnabled") VALUES ('67bc440b-fa82-4b3a-b766-956eb68a270d', '779abff4-6a53-4e13-8e0f-6b393ebbe97d', 'hero', 'Đắk Lắk', '{"title":"\u0110\u1EAFk L\u1EAFk","subtitle":"Cao nguy\u00EAn n\u1EAFng gi\u00F3 v\u00E0 c\u00E0 ph\u00EA","description":"\u0110\u1EAFk L\u1EAFk n\u1ED5i b\u1EADt v\u1EDBi c\u00E0 ph\u00EA Bu\u00F4n Ma Thu\u1ED9t, v\u0103n h\u00F3a c\u1ED3ng chi\u00EAng v\u00E0 th\u00E1c n\u01B0\u1EDBc h\u00F9ng v\u0129.","imageUrl":"/Images/caphethainguyen.jpg"}', 1, true);
INSERT INTO public."UIBlocks" ("Id", "LandingPageConfigId", "BlockType", "Title", "ContentJson", "SortOrder", "IsEnabled") VALUES ('67eadc65-ba3c-426d-b598-bd7810da0caa', '32dac492-b222-46f7-97e0-268a77f48d04', 'culture', 'Văn hóa', '{"title":"V\u0103n h\u00F3a","items":[{"name":"L\u1EC5 h\u1ED9i bi\u1EC3n Nha Trang","description":"S\u00F4i \u0111\u1ED9ng, t\u00F4n vinh v\u0103n h\u00F3a bi\u1EC3n.","origin":"","image":"/Images/homepage.png"},{"name":"L\u1EC5 h\u1ED9i y\u1EBFn s\u00E0o","description":"T\u00F4n vinh ngh\u1EC1 khai th\u00E1c y\u1EBFn.","origin":"","image":"/Images/am-thuc-viet-nam-2-1751938296.jpg"}]}', 7, true);
INSERT INTO public."UIBlocks" ("Id", "LandingPageConfigId", "BlockType", "Title", "ContentJson", "SortOrder", "IsEnabled") VALUES ('694e9cef-0941-4a7f-9b74-9fe80bacf00c', '3624d8fe-50cb-4396-9cbd-e1fafe8a0c55', 'specialties', 'Đặc sản', '{"title":"\u0110\u1EB7c s\u1EA3n","items":[{"name":"Th\u1EAFng c\u1ED1","description":"M\u00F3n \u0103n truy\u1EC1n th\u1ED1ng c\u1EE7a ng\u01B0\u1EDDi M\u00F4ng.","origin":"B\u1EAFc H\u00E0","image":"/Images/am-thuc-viet-nam-2-1751938296.jpg"},{"name":"R\u01B0\u1EE3u t\u00E1o m\u00E8o","description":"H\u01B0\u01A1ng th\u01A1m \u0111\u1EB7c tr\u01B0ng v\u00F9ng cao.","origin":"Sa Pa","image":"/Images/homepage.png"},{"name":"C\u00E1 h\u1ED3i Sa Pa","description":"T\u01B0\u01A1i ngon nu\u00F4i trong kh\u00ED h\u1EADu l\u1EA1nh.","origin":"Sa Pa","image":"/Images/nha-hang-hai-san-nha-trang.jpg"}]}', 5, true);
INSERT INTO public."UIBlocks" ("Id", "LandingPageConfigId", "BlockType", "Title", "ContentJson", "SortOrder", "IsEnabled") VALUES ('699e1c1a-4ed6-45f4-86bb-1e8dd1d64bbc', '4ccc9128-d576-47a5-a83e-2916ee9c85cd', 'highlights', 'Điểm nhấn', '{"title":"\u0110i\u1EC3m nh\u1EA5n","description":"V\u00F9ng \u0111\u1EA5t c\u1ED1 \u0111\u00F4 v\u1EDBi di s\u1EA3n cung \u0111\u00ECnh, \u1EA9m th\u1EF1c tinh t\u1EBF v\u00E0 nh\u1ECBp s\u1ED1ng tr\u1EA7m l\u1EAFng.","items":[]}', 4, true);
INSERT INTO public."UIBlocks" ("Id", "LandingPageConfigId", "BlockType", "Title", "ContentJson", "SortOrder", "IsEnabled") VALUES ('6a510653-cbd8-4e0d-8d1a-4dafc4a7ea13', 'e9ba48d1-463b-437a-8560-a1a923e851a4', 'hero', 'Lạng Sơn', '{"title":"L\u1EA1ng S\u01A1n","subtitle":"X\u1EE9 L\u1EA1ng th\u01A1 m\u1ED9ng n\u01A1i c\u1EEDa kh\u1EA9u","description":"L\u1EA1ng S\u01A1n n\u1ED5i ti\u1EBFng v\u1EDBi n\u00FAi \u0111\u00E1, ch\u1EE3 bi\u00EAn gi\u1EDBi v\u00E0 \u1EA9m th\u1EF1c v\u1ECBt quay.","imageUrl":"/Images/homepage.png"}', 1, true);
INSERT INTO public."UIBlocks" ("Id", "LandingPageConfigId", "BlockType", "Title", "ContentJson", "SortOrder", "IsEnabled") VALUES ('6b643c30-680e-4792-9b3c-846472086423', 'e9ba48d1-463b-437a-8560-a1a923e851a4', 'richText', 'Nội dung', '{"html":""}', 3, true);
INSERT INTO public."UIBlocks" ("Id", "LandingPageConfigId", "BlockType", "Title", "ContentJson", "SortOrder", "IsEnabled") VALUES ('6bde1806-46e2-49c4-8064-2a270facd211', 'b72dc5c2-0ff4-4eb5-87da-c6a07fb20711', 'specialties', 'Đặc sản', '{"title":"\u0110\u1EB7c s\u1EA3n","items":[{"name":"C\u01A1m t\u1EA5m","description":"H\u1EA1t g\u1EA1o t\u1EA5m th\u01A1m, s\u01B0\u1EDDn n\u01B0\u1EDBng \u0111\u1EADm v\u1ECB v\u00E0 n\u01B0\u1EDBc m\u1EAFm chua ng\u1ECDt.","origin":"S\u00E0i G\u00F2n x\u01B0a","image":"/Images/nha-hang-hai-san-nha-trang.jpg"},{"name":"B\u00E1nh m\u00EC S\u00E0i G\u00F2n","description":"V\u1ECF gi\u00F2n, nh\u00E2n \u0111\u1EA7y \u0111\u1EB7n v\u1EDBi pate v\u00E0 rau th\u01A1m.","origin":"Qu\u1EADn 1","image":"/Images/am-thuc-viet-nam-2-1751938296.jpg"},{"name":"H\u1EE7 ti\u1EBFu Nam Vang","description":"N\u01B0\u1EDBc d\u00F9ng ng\u1ECDt thanh, t\u00F4m th\u1ECBt \u0111\u1EA7y \u0111\u1EB7n.","origin":"Ch\u1EE3 L\u1EDBn","image":"/Images/pho-bo-ha-noi.jpeg"}]}', 5, true);
INSERT INTO public."UIBlocks" ("Id", "LandingPageConfigId", "BlockType", "Title", "ContentJson", "SortOrder", "IsEnabled") VALUES ('6c0d0aae-6d31-4647-98c8-9edd00eba0c2', 'dc7a6704-0e6c-46da-8b28-8ceceaa9afc3', 'hero', 'Điện Biên', '{"title":"\u0110i\u1EC7n Bi\u00EAn","subtitle":"\u0110i\u1EC3m h\u1EB9n l\u1ECBch s\u1EED v\u00E0 h\u00F9ng v\u0129 T\u00E2y B\u1EAFc","description":"\u0110i\u1EC7n Bi\u00EAn l\u01B0u gi\u1EEF chi\u1EBFn th\u1EAFng l\u1ECBch s\u1EED, n\u00FAi r\u1EEBng r\u1ED9ng l\u1EDBn v\u00E0 v\u0103n h\u00F3a d\u00E2n t\u1ED9c \u0111\u1ED9c \u0111\u00E1o.","imageUrl":"/Images/homepage.png"}', 1, true);
INSERT INTO public."UIBlocks" ("Id", "LandingPageConfigId", "BlockType", "Title", "ContentJson", "SortOrder", "IsEnabled") VALUES ('6c294e94-fa26-42bc-b82a-832decfadf62', 'fbf20626-8e36-47b7-afdb-e58a61cf46cc', 'gallery', 'Thư viện ảnh', '{"title":"Th\u01B0 vi\u1EC7n \u1EA3nh","images":["/Images/homepage.png","/Images/am-thuc-viet-nam-2-1751938296.jpg","/Images/pho-bo-ha-noi.jpeg","/Images/nha-hang-hai-san-nha-trang.jpg","/Images/dsvn-vinh-ha-long.png","/Images/caphethainguyen.jpg"]}', 8, true);
INSERT INTO public."UIBlocks" ("Id", "LandingPageConfigId", "BlockType", "Title", "ContentJson", "SortOrder", "IsEnabled") VALUES ('6e77952d-c86e-4561-9df3-663d87a54b1d', '95217ac6-6bd0-4853-be23-1775976d20be', 'culture', 'Văn hóa', '{"title":"V\u0103n h\u00F3a","items":[{"name":"L\u1EC5 h\u1ED9i n\u00FAi B\u00E0","description":"L\u1EC5 h\u1ED9i t\u00E2m linh l\u1EDBn c\u1EE7a v\u00F9ng.","origin":"","image":"/Images/homepage.png"},{"name":"\u1EA8m th\u1EF1c chay","description":"V\u0103n h\u00F3a \u1EA9m th\u1EF1c g\u1EAFn v\u1EDBi \u0111\u1EA1o Cao \u0110\u00E0i.","origin":"","image":"/Images/am-thuc-viet-nam-2-1751938296.jpg"}]}', 7, true);
INSERT INTO public."UIBlocks" ("Id", "LandingPageConfigId", "BlockType", "Title", "ContentJson", "SortOrder", "IsEnabled") VALUES ('6fc06953-9232-4c66-868c-e49e7a835b2d', '57ceb477-01a9-4145-8561-381fea2c9e62', 'tourism', 'Du lịch', '{"title":"Du l\u1ECBch","items":[{"name":"\u0110\u1EA3o L\u00FD S\u01A1n","description":"Thi\u00EAn \u0111\u01B0\u1EDDng bi\u1EC3n \u0111\u1EA3o v\u1EDBi n\u00FAi l\u1EEDa c\u1ED5.","origin":"","image":"/Images/dsvn-vinh-ha-long.png"},{"name":"B\u00E3i bi\u1EC3n M\u1EF9 Kh\u00EA","description":"B\u00E3i bi\u1EC3n trong xanh, m\u1ECBn m\u00E0ng.","origin":"","image":"/Images/nha-hang-hai-san-nha-trang.jpg"},{"name":"Th\u00E0nh c\u1ED5 Ch\u00E2u Sa","description":"Di t\u00EDch v\u0103n h\u00F3a Sa Hu\u1EF3nh.","origin":"","image":"/Images/dsvh-hoang-thanh-thang-long.png"}]}', 6, true);
INSERT INTO public."UIBlocks" ("Id", "LandingPageConfigId", "BlockType", "Title", "ContentJson", "SortOrder", "IsEnabled") VALUES ('7048fffe-7355-4585-9a72-d05dd6801be9', 'b72dc5c2-0ff4-4eb5-87da-c6a07fb20711', 'culture', 'Văn hóa', '{"title":"V\u0103n h\u00F3a","items":[{"name":"L\u1EC5 h\u1ED9i \u00C1o d\u00E0i","description":"T\u00F4n vinh n\u00E9t \u0111\u1EB9p truy\u1EC1n th\u1ED1ng trong nh\u1ECBp s\u1ED1ng hi\u1EC7n \u0111\u1EA1i.","origin":"","image":"/Images/homepage.png"},{"name":"Ch\u1EE3 B\u1EBFn Th\u00E0nh","description":"\u0110i\u1EC3m h\u1EB9n v\u0103n h\u00F3a, \u1EA9m th\u1EF1c v\u00E0 mua s\u1EAFm \u0111\u1EB7c tr\u01B0ng Nam B\u1ED9.","origin":"","image":"/Images/nha-hang-hai-san-nha-trang.jpg"}]}', 7, true);
INSERT INTO public."UIBlocks" ("Id", "LandingPageConfigId", "BlockType", "Title", "ContentJson", "SortOrder", "IsEnabled") VALUES ('70cec313-20c7-4a1c-8968-309136c58735', '32dac492-b222-46f7-97e0-268a77f48d04', 'hero', 'Khánh Hòa', '{"title":"Kh\u00E1nh H\u00F2a","subtitle":"Nha Trang r\u1EF1c r\u1EE1 b\u00EAn bi\u1EC3n xanh","description":"Kh\u00E1nh H\u00F2a n\u1ED5i ti\u1EBFng v\u1EDBi bi\u1EC3n Nha Trang trong xanh, \u0111\u1EA3o \u0111\u1EB9p v\u00E0 h\u1EA3i s\u1EA3n phong ph\u00FA.","imageUrl":"/Images/nha-hang-hai-san-nha-trang.jpg"}', 1, true);
INSERT INTO public."UIBlocks" ("Id", "LandingPageConfigId", "BlockType", "Title", "ContentJson", "SortOrder", "IsEnabled") VALUES ('7122ef00-5362-482b-a8d7-aa8fb0886177', '08971e51-6a64-405f-9652-6092b94f15ee', 'cta', 'CTA', '{}', 9, true);
INSERT INTO public."UIBlocks" ("Id", "LandingPageConfigId", "BlockType", "Title", "ContentJson", "SortOrder", "IsEnabled") VALUES ('723c04a2-d482-4dd8-b9a6-0d83a70ccdb4', 'e9ba48d1-463b-437a-8560-a1a923e851a4', 'gallery', 'Thư viện ảnh', '{"title":"Th\u01B0 vi\u1EC7n \u1EA3nh","images":["/Images/homepage.png","/Images/am-thuc-viet-nam-2-1751938296.jpg","/Images/pho-bo-ha-noi.jpeg","/Images/nha-hang-hai-san-nha-trang.jpg","/Images/dsvn-vinh-ha-long.png","/Images/caphethainguyen.jpg"]}', 8, true);
INSERT INTO public."UIBlocks" ("Id", "LandingPageConfigId", "BlockType", "Title", "ContentJson", "SortOrder", "IsEnabled") VALUES ('726bb401-36c4-41e4-b1d7-3eda851601f0', '69feca62-6b74-4ada-b926-bae806aebdab', 'intro', 'Giới thiệu', '{"title":"Cao B\u1EB1ng","subtitle":"Th\u00E1c n\u01B0\u1EDBc k\u1EF3 v\u0129 v\u00E0 n\u00FAi r\u1EEBng bi\u00EAn gi\u1EDBi","description":"Cao B\u1EB1ng n\u1ED5i b\u1EADt v\u1EDBi th\u00E1c B\u1EA3n Gi\u1ED1c, \u0111\u1ED9ng Ng\u01B0\u1EDDm Ngao v\u00E0 v\u0103n h\u00F3a d\u00E2n t\u1ED9c T\u00E0y.","imageUrl":"/Images/caphethainguyen.jpg"}', 2, true);
INSERT INTO public."UIBlocks" ("Id", "LandingPageConfigId", "BlockType", "Title", "ContentJson", "SortOrder", "IsEnabled") VALUES ('732ad64c-fa2b-47f7-9742-fc7fedff59b2', '57ceb477-01a9-4145-8561-381fea2c9e62', 'culture', 'Văn hóa', '{"title":"V\u0103n h\u00F3a","items":[{"name":"L\u1EC5 khao l\u1EC1 th\u1EBF l\u00EDnh Ho\u00E0ng Sa","description":"Nghi l\u1EC5 t\u01B0\u1EDFng nh\u1EDB \u0111\u1ED9i h\u00F9ng binh Ho\u00E0ng Sa.","origin":"","image":"/Images/homepage.png"},{"name":"H\u00E1t b\u00E0i ch\u00F2i","description":"Di s\u1EA3n v\u0103n h\u00F3a mi\u1EC1n Trung.","origin":"","image":"/Images/am-thuc-viet-nam-2-1751938296.jpg"}]}', 7, true);
INSERT INTO public."UIBlocks" ("Id", "LandingPageConfigId", "BlockType", "Title", "ContentJson", "SortOrder", "IsEnabled") VALUES ('73ca01be-bd7b-4d9e-876b-6b6b2b365abb', '08d8b08d-84ce-42d8-891b-6fc4f9046038', 'hero', 'Lai Châu', '{"title":"Lai Ch\u00E2u","subtitle":"M\u00E2y n\u00FAi \u0111\u1EA1i ng\u00E0n v\u00E0 b\u1EA3n s\u1EAFc v\u00F9ng cao","description":"Lai Ch\u00E2u s\u1EDF h\u1EEFu n\u00FAi non h\u00F9ng v\u0129, ru\u1ED9ng b\u1EADc thang v\u00E0 v\u0103n h\u00F3a d\u00E2n t\u1ED9c \u0111a d\u1EA1ng.","imageUrl":"/Images/homepage.png"}', 1, true);
INSERT INTO public."UIBlocks" ("Id", "LandingPageConfigId", "BlockType", "Title", "ContentJson", "SortOrder", "IsEnabled") VALUES ('7469cb35-9787-46c9-b39b-d683cc3ba0b5', 'e7b72a1a-57dc-4dec-80eb-b4eead5f8989', 'specialties', 'Đặc sản', '{"title":"\u0110\u1EB7c s\u1EA3n","items":[{"name":"C\u00E0 ph\u00EA \u0110\u00E0 L\u1EA1t","description":"H\u01B0\u01A1ng th\u01A1m d\u1ECBu, h\u1EADu v\u1ECB ng\u1ECDt.","origin":"\u0110\u00E0 L\u1EA1t","image":"/Images/caphethainguyen.jpg"},{"name":"D\u00E2u t\u00E2y","description":"Qu\u1EA3 d\u00E2u \u0111\u1ECF m\u1ECDng n\u1ED5i ti\u1EBFng.","origin":"\u0110\u00E0 L\u1EA1t","image":"/Images/homepage.png"},{"name":"Atiso","description":"Th\u1EA3o d\u01B0\u1EE3c thanh l\u1ECDc c\u01A1 th\u1EC3.","origin":"L\u00E2m \u0110\u1ED3ng","image":"/Images/am-thuc-viet-nam-2-1751938296.jpg"}]}', 5, true);
INSERT INTO public."UIBlocks" ("Id", "LandingPageConfigId", "BlockType", "Title", "ContentJson", "SortOrder", "IsEnabled") VALUES ('74e577ce-916f-42a9-b2b5-af3f59dc1bea', '4ccc9128-d576-47a5-a83e-2916ee9c85cd', 'gallery', 'Thư viện ảnh', '{"title":"Th\u01B0 vi\u1EC7n \u1EA3nh","images":["/Images/dsvn-co-do-hue.png","/Images/bunbohue.jpg","/Images/homepage.png","/Images/am-thuc-viet-nam-2-1751938296.jpg","/Images/pho-bo-ha-noi.jpeg","/Images/dsvn-vinh-ha-long.png"]}', 8, true);
INSERT INTO public."UIBlocks" ("Id", "LandingPageConfigId", "BlockType", "Title", "ContentJson", "SortOrder", "IsEnabled") VALUES ('750651bd-783e-4411-93b9-23f8149b1f61', '4ccc9128-d576-47a5-a83e-2916ee9c85cd', 'hero', 'Huế', '{"title":"Hu\u1EBF","subtitle":"Kinh k\u1EF3 tr\u1EA7m m\u1EB7c gi\u1EEFa d\u00F2ng H\u01B0\u01A1ng","description":"V\u00F9ng \u0111\u1EA5t c\u1ED1 \u0111\u00F4 v\u1EDBi di s\u1EA3n cung \u0111\u00ECnh, \u1EA9m th\u1EF1c tinh t\u1EBF v\u00E0 nh\u1ECBp s\u1ED1ng tr\u1EA7m l\u1EAFng.","imageUrl":"/Images/dsvn-co-do-hue.png"}', 1, true);
INSERT INTO public."UIBlocks" ("Id", "LandingPageConfigId", "BlockType", "Title", "ContentJson", "SortOrder", "IsEnabled") VALUES ('751a058a-6466-474e-9f6c-5039f3ceb32c', '9b56b993-1de8-456e-93db-d1539f87df9a', 'richText', 'Nội dung', '{"html":""}', 3, true);
INSERT INTO public."UIBlocks" ("Id", "LandingPageConfigId", "BlockType", "Title", "ContentJson", "SortOrder", "IsEnabled") VALUES ('75cc90e4-1989-4e35-9a1f-c7881ddec6ba', '7c89f9c2-efe6-41ed-8112-d9522cdd821e', 'gallery', 'Thư viện ảnh', '{"title":"Th\u01B0 vi\u1EC7n \u1EA3nh","images":["/Images/homepage.png","/Images/am-thuc-viet-nam-2-1751938296.jpg","/Images/pho-bo-ha-noi.jpeg","/Images/nha-hang-hai-san-nha-trang.jpg","/Images/dsvn-vinh-ha-long.png","/Images/caphethainguyen.jpg"]}', 8, true);
INSERT INTO public."UIBlocks" ("Id", "LandingPageConfigId", "BlockType", "Title", "ContentJson", "SortOrder", "IsEnabled") VALUES ('76227d60-9353-44fc-852a-0618bf8cb4d4', 'f9f5ce75-1f32-415b-b07c-9138bdad3add', 'intro', 'Giới thiệu', '{"title":"H\u1EA3i Ph\u00F2ng","subtitle":"Th\u00E0nh ph\u1ED1 c\u1EA3ng r\u1EF1c r\u1EE1 s\u1EAFc bi\u1EC3n","description":"Th\u00E0nh ph\u1ED1 hoa ph\u01B0\u1EE3ng \u0111\u1ECF mang h\u01A1i th\u1EDF bi\u1EC3n c\u1EA3, \u1EA9m th\u1EF1c h\u1EA3i s\u1EA3n phong ph\u00FA v\u00E0 ki\u1EBFn tr\u00FAc Ph\u00E1p c\u1ED5.","imageUrl":"/Images/nha-hang-hai-san-nha-trang.jpg"}', 2, true);
INSERT INTO public."UIBlocks" ("Id", "LandingPageConfigId", "BlockType", "Title", "ContentJson", "SortOrder", "IsEnabled") VALUES ('76fb53e5-a023-429c-9d07-466e66f88015', 'bfa932c4-b1fe-4596-a714-55b6822e10fc', 'cta', 'CTA', '{}', 9, true);
INSERT INTO public."UIBlocks" ("Id", "LandingPageConfigId", "BlockType", "Title", "ContentJson", "SortOrder", "IsEnabled") VALUES ('7707152e-202a-4f4a-86d6-0963f2d216d3', '9b56b993-1de8-456e-93db-d1539f87df9a', 'highlights', 'Điểm nhấn', '{"title":"\u0110i\u1EC3m nh\u1EA5n","description":"H\u00E0 T\u0129nh n\u1ED5i b\u1EADt v\u1EDBi b\u00E3i bi\u1EC3n hoang s\u01A1, n\u00FAi H\u1ED3ng L\u0129nh v\u00E0 v\u0103n h\u00F3a d\u00E2n ca \u0111\u1EB7c s\u1EAFc.","items":[]}', 4, true);
INSERT INTO public."UIBlocks" ("Id", "LandingPageConfigId", "BlockType", "Title", "ContentJson", "SortOrder", "IsEnabled") VALUES ('77244788-8cc2-4f69-83f6-3ef071e3b90c', '012ebf8c-7289-4f59-88e4-14d56f871cd3', 'culture', 'Văn hóa', '{"title":"V\u0103n h\u00F3a","items":[{"name":"L\u1EC5 h\u1ED9i B\u00E0 Ch\u00FAa X\u1EE9","description":"L\u1EC5 h\u1ED9i t\u00E2m linh l\u1EDBn nh\u1EA5t mi\u1EC1n T\u00E2y.","origin":"","image":"/Images/homepage.png"},{"name":"V\u0103n h\u00F3a Khmer","description":"S\u1EAFc m\u00E0u v\u0103n h\u00F3a \u0111a d\u1EA1ng v\u00F9ng bi\u00EAn.","origin":"","image":"/Images/am-thuc-viet-nam-2-1751938296.jpg"}]}', 7, true);
INSERT INTO public."UIBlocks" ("Id", "LandingPageConfigId", "BlockType", "Title", "ContentJson", "SortOrder", "IsEnabled") VALUES ('78c48ca3-3a2a-48ab-a3b3-d738c3fdbc24', 'a0898553-87df-482e-9c7b-79cfea9cd5ca', 'culture', 'Văn hóa', '{"title":"V\u0103n h\u00F3a","items":[{"name":"L\u1EC5 h\u1ED9i Th\u1ED1ng nh\u1EA5t","description":"T\u01B0\u1EDFng ni\u1EC7m v\u00E0 tri \u00E2n l\u1ECBch s\u1EED.","origin":"","image":"/Images/homepage.png"},{"name":"L\u00E0ng ngh\u1EC1 \u0111an l\u00E1t","description":"Ngh\u1EC1 th\u1EE7 c\u00F4ng truy\u1EC1n th\u1ED1ng.","origin":"","image":"/Images/am-thuc-viet-nam-2-1751938296.jpg"}]}', 7, true);
INSERT INTO public."UIBlocks" ("Id", "LandingPageConfigId", "BlockType", "Title", "ContentJson", "SortOrder", "IsEnabled") VALUES ('78cfb6ab-7a58-4758-ac29-6995ab8da965', '57ceb477-01a9-4145-8561-381fea2c9e62', 'hero', 'Quảng Ngãi', '{"title":"Qu\u1EA3ng Ng\u00E3i","subtitle":"H\u01A1i th\u1EDF bi\u1EC3n \u0111\u1EA3o v\u00E0 n\u00FAi non","description":"Qu\u1EA3ng Ng\u00E3i n\u1ED5i b\u1EADt v\u1EDBi \u0111\u1EA3o L\u00FD S\u01A1n, bi\u1EC3n xanh v\u00E0 v\u0103n h\u00F3a Sa Hu\u1EF3nh.","imageUrl":"/Images/dsvn-vinh-ha-long.png"}', 1, true);
INSERT INTO public."UIBlocks" ("Id", "LandingPageConfigId", "BlockType", "Title", "ContentJson", "SortOrder", "IsEnabled") VALUES ('7937f7d4-d9ff-4fe5-af5b-a4501f27cd52', '0e648962-314f-4e80-9b4e-1ef7a9c79827', 'cta', 'CTA', '{}', 9, true);
INSERT INTO public."UIBlocks" ("Id", "LandingPageConfigId", "BlockType", "Title", "ContentJson", "SortOrder", "IsEnabled") VALUES ('7aedc944-4327-440f-bcc5-47ff899a59a1', '26ebd324-9556-443f-bb8a-d1ac367db405', 'tourism', 'Du lịch', '{"title":"Du l\u1ECBch","items":[{"name":"V\u1ECBnh H\u1EA1 Long","description":"K\u1EF3 quan thi\u00EAn nhi\u00EAn th\u1EBF gi\u1EDBi.","origin":"","image":"/Images/dsvn-vinh-ha-long.png"},{"name":"Y\u00EAn T\u1EED","description":"Thi\u1EC1n vi\u1EC7n v\u00E0 c\u1EA3nh s\u1EAFc linh thi\u00EAng.","origin":"","image":"/Images/homepage.png"},{"name":"\u0110\u1EA3o C\u00F4 T\u00F4","description":"Thi\u00EAn \u0111\u01B0\u1EDDng bi\u1EC3n \u0111\u1EA3o.","origin":"","image":"/Images/nha-hang-hai-san-nha-trang.jpg"}]}', 6, true);
INSERT INTO public."UIBlocks" ("Id", "LandingPageConfigId", "BlockType", "Title", "ContentJson", "SortOrder", "IsEnabled") VALUES ('7be07f92-cc95-47d6-a5af-b58532b35f9c', '08971e51-6a64-405f-9652-6092b94f15ee', 'highlights', 'Điểm nhấn', '{"title":"\u0110i\u1EC3m nh\u1EA5n","description":"\u0110\u00E0 N\u1EB5ng h\u1ED9i t\u1EE5 b\u00E3i bi\u1EC3n \u0111\u1EB9p, ki\u1EBFn tr\u00FAc hi\u1EC7n \u0111\u1EA1i v\u00E0 \u1EA9m th\u1EF1c mi\u1EC1n Trung tinh t\u1EBF.","items":[]}', 4, true);
INSERT INTO public."UIBlocks" ("Id", "LandingPageConfigId", "BlockType", "Title", "ContentJson", "SortOrder", "IsEnabled") VALUES ('7e8f5fb0-f813-4d84-a5a4-85305152d194', 'bfbff974-4ea1-432f-8823-3825153110a7', 'culture', 'Văn hóa', '{"title":"V\u0103n h\u00F3a","items":[{"name":"L\u1EC5 h\u1ED9i Nghinh \u00D4ng","description":"Nghi l\u1EC5 c\u1EA7u m\u00F9a c\u1EE7a ng\u01B0 d\u00E2n.","origin":"","image":"/Images/homepage.png"},{"name":"\u0110\u1EDDn ca t\u00E0i t\u1EED","description":"\u00C2m nh\u1EA1c truy\u1EC1n th\u1ED1ng mi\u1EC1n T\u00E2y.","origin":"","image":"/Images/am-thuc-viet-nam-2-1751938296.jpg"}]}', 7, true);
INSERT INTO public."UIBlocks" ("Id", "LandingPageConfigId", "BlockType", "Title", "ContentJson", "SortOrder", "IsEnabled") VALUES ('7ea8b534-57df-4b2b-accd-3f90e4f48246', '779abff4-6a53-4e13-8e0f-6b393ebbe97d', 'culture', 'Văn hóa', '{"title":"V\u0103n h\u00F3a","items":[{"name":"L\u1EC5 h\u1ED9i c\u00E0 ph\u00EA","description":"T\u00F4n vinh \u0111\u1EB7c s\u1EA3n T\u00E2y Nguy\u00EAn.","origin":"","image":"/Images/homepage.png"},{"name":"C\u1ED3ng chi\u00EAng","description":"Di s\u1EA3n v\u0103n h\u00F3a T\u00E2y Nguy\u00EAn.","origin":"","image":"/Images/am-thuc-viet-nam-2-1751938296.jpg"}]}', 7, true);
INSERT INTO public."UIBlocks" ("Id", "LandingPageConfigId", "BlockType", "Title", "ContentJson", "SortOrder", "IsEnabled") VALUES ('81d1c8ad-000b-4372-8bbe-6842f053fe00', 'bfbff974-4ea1-432f-8823-3825153110a7', 'highlights', 'Điểm nhấn', '{"title":"\u0110i\u1EC3m nh\u1EA5n","description":"C\u00E0 Mau l\u00E0 v\u00F9ng \u0111\u1EA5t cu\u1ED1i tr\u1EDDi Nam v\u1EDBi r\u1EEBng ng\u1EADp m\u1EB7n, bi\u1EC3n c\u1EA3 v\u00E0 h\u1EA3i s\u1EA3n phong ph\u00FA.","items":[]}', 4, true);
INSERT INTO public."UIBlocks" ("Id", "LandingPageConfigId", "BlockType", "Title", "ContentJson", "SortOrder", "IsEnabled") VALUES ('b9da55b7-b613-4304-94f6-38f5a4b260d2', '5391103c-b6fd-464c-a93b-6d6b4e4ea27e', 'highlights', 'Điểm nhấn', '{"title":"\u0110i\u1EC3m nh\u1EA5n","description":"S\u01A1n La n\u1ED5i b\u1EADt v\u1EDBi cao nguy\u00EAn M\u1ED9c Ch\u00E2u, kh\u00ED h\u1EADu m\u00E1t m\u1EBB v\u00E0 v\u0103n h\u00F3a d\u00E2n t\u1ED9c phong ph\u00FA.","items":[]}', 4, true);
INSERT INTO public."UIBlocks" ("Id", "LandingPageConfigId", "BlockType", "Title", "ContentJson", "SortOrder", "IsEnabled") VALUES ('86935d92-4643-4f00-8b0d-8e3b3060274e', '3624d8fe-50cb-4396-9cbd-e1fafe8a0c55', 'richText', 'Nội dung', '{"html":""}', 3, true);
INSERT INTO public."UIBlocks" ("Id", "LandingPageConfigId", "BlockType", "Title", "ContentJson", "SortOrder", "IsEnabled") VALUES ('880c0bb1-4aa3-4d29-a000-801655da048c', '5391103c-b6fd-464c-a93b-6d6b4e4ea27e', 'culture', 'Văn hóa', '{"title":"V\u0103n h\u00F3a","items":[{"name":"L\u1EC5 h\u1ED9i H\u1EBFt Ch\u00E1","description":"Nghi l\u1EC5 \u0111\u1EB7c s\u1EAFc c\u1EE7a ng\u01B0\u1EDDi Th\u00E1i.","origin":"","image":"/Images/homepage.png"},{"name":"M\u00FAa x\u00F2e","description":"\u0110i\u1EC7u m\u00FAa truy\u1EC1n th\u1ED1ng T\u00E2y B\u1EAFc.","origin":"","image":"/Images/am-thuc-viet-nam-2-1751938296.jpg"}]}', 7, true);
INSERT INTO public."UIBlocks" ("Id", "LandingPageConfigId", "BlockType", "Title", "ContentJson", "SortOrder", "IsEnabled") VALUES ('89cb925d-dae6-4eff-87a2-ac3e75e8bd78', '08d8b08d-84ce-42d8-891b-6fc4f9046038', 'cta', 'CTA', '{}', 9, true);
INSERT INTO public."UIBlocks" ("Id", "LandingPageConfigId", "BlockType", "Title", "ContentJson", "SortOrder", "IsEnabled") VALUES ('89ff2335-5b64-4901-9f40-c9d41d428e91', 'a0898553-87df-482e-9c7b-79cfea9cd5ca', 'gallery', 'Thư viện ảnh', '{"title":"Th\u01B0 vi\u1EC7n \u1EA3nh","images":["/Images/homepage.png","/Images/nha-hang-hai-san-nha-trang.jpg","/Images/am-thuc-viet-nam-2-1751938296.jpg","/Images/pho-bo-ha-noi.jpeg","/Images/dsvn-vinh-ha-long.png","/Images/caphethainguyen.jpg"]}', 8, true);
INSERT INTO public."UIBlocks" ("Id", "LandingPageConfigId", "BlockType", "Title", "ContentJson", "SortOrder", "IsEnabled") VALUES ('8a0f260d-0ccd-4697-8465-3f074a15a55d', '5391103c-b6fd-464c-a93b-6d6b4e4ea27e', 'richText', 'Nội dung', '{"html":""}', 3, true);
INSERT INTO public."UIBlocks" ("Id", "LandingPageConfigId", "BlockType", "Title", "ContentJson", "SortOrder", "IsEnabled") VALUES ('8aa47cb1-29bf-41e5-ad20-f5b5bc70be16', '9b56b993-1de8-456e-93db-d1539f87df9a', 'culture', 'Văn hóa', '{"title":"V\u0103n h\u00F3a","items":[{"name":"D\u00E2n ca v\u00ED gi\u1EB7m","description":"N\u00E9t v\u0103n h\u00F3a d\u00E2n gian \u0111\u1EB7c s\u1EAFc.","origin":"","image":"/Images/homepage.png"},{"name":"L\u1EC5 h\u1ED9i Nguy\u1EC5n Du","description":"T\u00F4n vinh gi\u00E1 tr\u1ECB v\u0103n h\u1ECDc.","origin":"","image":"/Images/am-thuc-viet-nam-2-1751938296.jpg"}]}', 7, true);
INSERT INTO public."UIBlocks" ("Id", "LandingPageConfigId", "BlockType", "Title", "ContentJson", "SortOrder", "IsEnabled") VALUES ('8bbd7714-8c26-47f9-93ba-44625fdfe2d3', '0e648962-314f-4e80-9b4e-1ef7a9c79827', 'culture', 'Văn hóa', '{"title":"V\u0103n h\u00F3a","items":[{"name":"D\u00E2n ca quan h\u1ECD","description":"Di s\u1EA3n v\u0103n h\u00F3a phi v\u1EADt th\u1EC3 UNESCO.","origin":"","image":"/Images/homepage.png"},{"name":"L\u1EC5 h\u1ED9i Lim","description":"N\u01A1i h\u1ED9i t\u1EE5 tinh hoa quan h\u1ECD.","origin":"","image":"/Images/am-thuc-viet-nam-2-1751938296.jpg"}]}', 7, true);
INSERT INTO public."UIBlocks" ("Id", "LandingPageConfigId", "BlockType", "Title", "ContentJson", "SortOrder", "IsEnabled") VALUES ('8c8330bb-98a1-40cd-8cb8-834d505ffa00', '57ceb477-01a9-4145-8561-381fea2c9e62', 'richText', 'Nội dung', '{"html":""}', 3, true);
INSERT INTO public."UIBlocks" ("Id", "LandingPageConfigId", "BlockType", "Title", "ContentJson", "SortOrder", "IsEnabled") VALUES ('8e4f43f1-f2e8-46ea-8b43-fe612e174b80', '08971e51-6a64-405f-9652-6092b94f15ee', 'specialties', 'Đặc sản', '{"title":"\u0110\u1EB7c s\u1EA3n","items":[{"name":"M\u00EC Qu\u1EA3ng","description":"S\u1EE3i m\u00EC v\u00E0ng, n\u01B0\u1EDBc d\u00F9ng s\u00E1nh v\u00E0 \u0111\u1EADm v\u1ECB.","origin":"Ng\u0169 H\u00E0nh S\u01A1n","image":"/Images/am-thuc-viet-nam-2-1751938296.jpg"},{"name":"B\u00E1nh tr\u00E1ng cu\u1ED1n th\u1ECBt heo","description":"Th\u1ECBt m\u1EC1m, rau s\u1ED1ng v\u00E0 m\u1EAFm n\u00EAm th\u01A1m n\u1ED3ng.","origin":"H\u1EA3i Ch\u00E2u","image":"/Images/pho-bo-ha-noi.jpeg"},{"name":"H\u1EA3i s\u1EA3n M\u1EF9 Kh\u00EA","description":"H\u1EA3i s\u1EA3n t\u01B0\u01A1i s\u1ED1ng ch\u1EBF bi\u1EBFn tinh g\u1ECDn.","origin":"Bi\u1EC3n M\u1EF9 Kh\u00EA","image":"/Images/nha-hang-hai-san-nha-trang.jpg"}]}', 5, true);
INSERT INTO public."UIBlocks" ("Id", "LandingPageConfigId", "BlockType", "Title", "ContentJson", "SortOrder", "IsEnabled") VALUES ('9033ad2d-91c8-48a8-ab2a-cdb23719d204', '57ceb477-01a9-4145-8561-381fea2c9e62', 'intro', 'Giới thiệu', '{"title":"Qu\u1EA3ng Ng\u00E3i","subtitle":"H\u01A1i th\u1EDF bi\u1EC3n \u0111\u1EA3o v\u00E0 n\u00FAi non","description":"Qu\u1EA3ng Ng\u00E3i n\u1ED5i b\u1EADt v\u1EDBi \u0111\u1EA3o L\u00FD S\u01A1n, bi\u1EC3n xanh v\u00E0 v\u0103n h\u00F3a Sa Hu\u1EF3nh.","imageUrl":"/Images/nha-hang-hai-san-nha-trang.jpg"}', 2, true);
INSERT INTO public."UIBlocks" ("Id", "LandingPageConfigId", "BlockType", "Title", "ContentJson", "SortOrder", "IsEnabled") VALUES ('92de343f-7aae-474e-bdf8-ce6e2d4c18b1', '0e648962-314f-4e80-9b4e-1ef7a9c79827', 'intro', 'Giới thiệu', '{"title":"B\u1EAFc Ninh","subtitle":"Quan h\u1ECD ng\u1ECDt ng\u00E0o \u0111\u1EA5t Kinh B\u1EAFc","description":"V\u00F9ng \u0111\u1EA5t Kinh B\u1EAFc n\u1ED5i ti\u1EBFng v\u1EDBi d\u00E2n ca quan h\u1ECD, l\u00E0ng ngh\u1EC1 truy\u1EC1n th\u1ED1ng v\u00E0 \u1EA9m th\u1EF1c \u0111\u1EB7c tr\u01B0ng.","imageUrl":"/Images/am-thuc-viet-nam-2-1751938296.jpg"}', 2, true);
INSERT INTO public."UIBlocks" ("Id", "LandingPageConfigId", "BlockType", "Title", "ContentJson", "SortOrder", "IsEnabled") VALUES ('94773a75-c64f-4ec7-914a-e466646f7c20', 'dc7a6704-0e6c-46da-8b28-8ceceaa9afc3', 'cta', 'CTA', '{}', 9, true);
INSERT INTO public."UIBlocks" ("Id", "LandingPageConfigId", "BlockType", "Title", "ContentJson", "SortOrder", "IsEnabled") VALUES ('9493698a-11ce-44fc-9691-2cba0ea23522', '3f1a922d-8752-49c4-841d-1687c508d91a', 'culture', 'Văn hóa', '{"title":"V\u0103n h\u00F3a","items":[{"name":"L\u1EC5 h\u1ED9i tr\u00E1i c\u00E2y","description":"S\u1EAFc m\u00E0u n\u00F4ng s\u1EA3n \u0110\u00F4ng Nam B\u1ED9.","origin":"","image":"/Images/homepage.png"},{"name":"\u0110\u1EDDn ca t\u00E0i t\u1EED","description":"Kh\u00F4ng gian \u00E2m nh\u1EA1c Nam B\u1ED9.","origin":"","image":"/Images/am-thuc-viet-nam-2-1751938296.jpg"}]}', 7, true);
INSERT INTO public."UIBlocks" ("Id", "LandingPageConfigId", "BlockType", "Title", "ContentJson", "SortOrder", "IsEnabled") VALUES ('95f3b4a0-b04e-433a-82e1-4347093883f0', '064940c1-e7cb-4862-b789-1546c20686e5', 'richText', 'Nội dung', '{"html":""}', 3, true);
INSERT INTO public."UIBlocks" ("Id", "LandingPageConfigId", "BlockType", "Title", "ContentJson", "SortOrder", "IsEnabled") VALUES ('96ee860d-02ed-442b-9606-28961ebfa199', '08d8b08d-84ce-42d8-891b-6fc4f9046038', 'richText', 'Nội dung', '{"html":""}', 3, true);
INSERT INTO public."UIBlocks" ("Id", "LandingPageConfigId", "BlockType", "Title", "ContentJson", "SortOrder", "IsEnabled") VALUES ('979f57e7-026b-4374-be46-1152f99fd86f', '3624d8fe-50cb-4396-9cbd-e1fafe8a0c55', 'gallery', 'Thư viện ảnh', '{"title":"Th\u01B0 vi\u1EC7n \u1EA3nh","images":["/Images/homepage.png","/Images/caphethainguyen.jpg","/Images/am-thuc-viet-nam-2-1751938296.jpg","/Images/nha-hang-hai-san-nha-trang.jpg","/Images/dsvn-vinh-ha-long.png","/Images/pho-bo-ha-noi.jpeg"]}', 8, true);
INSERT INTO public."UIBlocks" ("Id", "LandingPageConfigId", "BlockType", "Title", "ContentJson", "SortOrder", "IsEnabled") VALUES ('98081b49-74a5-43fe-b93c-d039f879fbe9', 'bfbff974-4ea1-432f-8823-3825153110a7', 'intro', 'Giới thiệu', '{"title":"C\u00E0 Mau","subtitle":"C\u1EF1c Nam T\u1ED5 qu\u1ED1c gi\u1EEFa r\u1EEBng v\u00E0 bi\u1EC3n","description":"C\u00E0 Mau l\u00E0 v\u00F9ng \u0111\u1EA5t cu\u1ED1i tr\u1EDDi Nam v\u1EDBi r\u1EEBng ng\u1EADp m\u1EB7n, bi\u1EC3n c\u1EA3 v\u00E0 h\u1EA3i s\u1EA3n phong ph\u00FA.","imageUrl":"/Images/nha-hang-hai-san-nha-trang.jpg"}', 2, true);
INSERT INTO public."UIBlocks" ("Id", "LandingPageConfigId", "BlockType", "Title", "ContentJson", "SortOrder", "IsEnabled") VALUES ('98a884dc-bbb8-423d-b246-f0711ef1a5e5', '08971e51-6a64-405f-9652-6092b94f15ee', 'intro', 'Giới thiệu', '{"title":"\u0110\u00E0 N\u1EB5ng","subtitle":"Th\u00E0nh ph\u1ED1 \u0111\u00E1ng s\u1ED1ng b\u00EAn b\u1EDD bi\u1EC3n","description":"\u0110\u00E0 N\u1EB5ng h\u1ED9i t\u1EE5 b\u00E3i bi\u1EC3n \u0111\u1EB9p, ki\u1EBFn tr\u00FAc hi\u1EC7n \u0111\u1EA1i v\u00E0 \u1EA9m th\u1EF1c mi\u1EC1n Trung tinh t\u1EBF.","imageUrl":"/Images/nha-hang-hai-san-nha-trang.jpg"}', 2, true);
INSERT INTO public."UIBlocks" ("Id", "LandingPageConfigId", "BlockType", "Title", "ContentJson", "SortOrder", "IsEnabled") VALUES ('99b85db5-e78a-4ca0-ae06-9f008fcd1651', 'a0c1130a-49cd-4e4b-ac5f-c5136f773494', 'intro', 'Giới thiệu', '{"title":"Tuy\u00EAn Quang","subtitle":"S\u1EAFc xanh n\u00FAi r\u1EEBng v\u00E0 l\u1EC5 h\u1ED9i Trung thu","description":"V\u00F9ng \u0111\u1EA5t l\u1ECBch s\u1EED v\u1EDBi n\u00FAi r\u1EEBng h\u00F9ng v\u0129, l\u1EC5 h\u1ED9i \u0111\u00E8n Trung thu \u0111\u1ED9c \u0111\u00E1o.","imageUrl":"/Images/caphethainguyen.jpg"}', 2, true);
INSERT INTO public."UIBlocks" ("Id", "LandingPageConfigId", "BlockType", "Title", "ContentJson", "SortOrder", "IsEnabled") VALUES ('9b098944-d85b-4144-a88d-3949371ee049', 'f6d1a4be-05a9-4446-a61a-e1d8e22febf3', 'cta', 'CTA', '{}', 9, true);
INSERT INTO public."UIBlocks" ("Id", "LandingPageConfigId", "BlockType", "Title", "ContentJson", "SortOrder", "IsEnabled") VALUES ('9b4f331a-3d16-4d99-91b9-3950beede8c6', '08d8b08d-84ce-42d8-891b-6fc4f9046038', 'tourism', 'Du lịch', '{"title":"Du l\u1ECBch","items":[{"name":"\u0110\u00E8o \u00D4 Quy H\u1ED3","description":"M\u1ED9t trong t\u1EE9 \u0111\u1EA1i \u0111\u1EC9nh \u0111\u00E8o.","origin":"","image":"/Images/dsvn-vinh-ha-long.png"},{"name":"Ru\u1ED9ng b\u1EADc thang","description":"C\u1EA3nh s\u1EAFc m\u00F9a l\u00FAa ch\u00EDn.","origin":"","image":"/Images/homepage.png"},{"name":"\u0110\u1EC9nh Putaleng","description":"N\u00F3c nh\u00E0 th\u1EE9 hai c\u1EE7a \u0110\u00F4ng D\u01B0\u01A1ng.","origin":"","image":"/Images/homepage.png"}]}', 6, true);
INSERT INTO public."UIBlocks" ("Id", "LandingPageConfigId", "BlockType", "Title", "ContentJson", "SortOrder", "IsEnabled") VALUES ('9c6cb514-5038-4347-bd64-4b7e654c200e', '4ccc9128-d576-47a5-a83e-2916ee9c85cd', 'tourism', 'Du lịch', '{"title":"Du l\u1ECBch","items":[{"name":"\u0110\u1EA1i N\u1ED9i","description":"Di s\u1EA3n cung \u0111\u00ECnh n\u1ED5i b\u1EADt c\u1EE7a tri\u1EC1u Nguy\u1EC5n.","origin":"","image":"/Images/dsvn-co-do-hue.png"},{"name":"Ch\u00F9a Thi\u00EAn M\u1EE5","description":"Ng\u00F4i ch\u00F9a c\u1ED5 k\u00EDnh b\u00EAn d\u00F2ng s\u00F4ng H\u01B0\u01A1ng.","origin":"","image":"/Images/homepage.png"},{"name":"L\u0103ng Kh\u1EA3i \u0110\u1ECBnh","description":"Ki\u1EBFn tr\u00FAc giao thoa \u0110\u00F4ng - T\u00E2y.","origin":"","image":"/Images/dsvh-hoang-thanh-thang-long.png"}]}', 6, true);
INSERT INTO public."UIBlocks" ("Id", "LandingPageConfigId", "BlockType", "Title", "ContentJson", "SortOrder", "IsEnabled") VALUES ('9f904b66-a0c0-4b20-86e8-a0e08847076c', '0012bda7-11e7-4bb0-bbad-d5515cdbb94e', 'specialties', 'Đặc sản', '{"title":"\u0110\u1EB7c s\u1EA3n","items":[{"name":"C\u01A1m lam","description":"G\u1EA1o n\u01B0\u1EDBng trong \u1ED1ng tre th\u01A1m l\u1EEBng.","origin":"Pleiku","image":"/Images/am-thuc-viet-nam-2-1751938296.jpg"},{"name":"G\u00E0 n\u01B0\u1EDBng","description":"Th\u1ECBt g\u00E0 \u0111\u1EADm v\u1ECB n\u00FAi r\u1EEBng.","origin":"Kon H\u00E0 N\u1EEBng","image":"/Images/nha-hang-hai-san-nha-trang.jpg"},{"name":"C\u00E0 ph\u00EA Pleiku","description":"H\u01B0\u01A1ng c\u00E0 ph\u00EA m\u1EA1nh m\u1EBD, quy\u1EBFn r\u0169.","origin":"Pleiku","image":"/Images/caphethainguyen.jpg"}]}', 5, true);
INSERT INTO public."UIBlocks" ("Id", "LandingPageConfigId", "BlockType", "Title", "ContentJson", "SortOrder", "IsEnabled") VALUES ('a00a5cc7-ecd0-437a-a997-f335ff7181c5', '91738c30-672e-4f26-b4cd-6a33efe809f0', 'culture', 'Văn hóa', '{"title":"V\u0103n h\u00F3a","items":[{"name":"L\u1EC5 h\u1ED9i Ph\u1ED1 Hi\u1EBFn","description":"T\u00E1i hi\u1EC7n nh\u1ECBp s\u1ED1ng th\u01B0\u01A1ng c\u1EA3ng x\u01B0a.","origin":"","image":"/Images/homepage.png"},{"name":"H\u00E1t ch\u00E8o","description":"Ngh\u1EC7 thu\u1EADt d\u00E2n gian \u0111\u1EB7c tr\u01B0ng v\u00F9ng \u0111\u1ED3ng b\u1EB1ng.","origin":"","image":"/Images/am-thuc-viet-nam-2-1751938296.jpg"}]}', 7, true);
INSERT INTO public."UIBlocks" ("Id", "LandingPageConfigId", "BlockType", "Title", "ContentJson", "SortOrder", "IsEnabled") VALUES ('a39cb291-ddac-4584-83cb-44474be631fa', 'bfa932c4-b1fe-4596-a714-55b6822e10fc', 'tourism', 'Du lịch', '{"title":"Du l\u1ECBch","items":[{"name":"Khu di t\u00EDch \u0110\u1EC1n H\u00F9ng","description":"N\u01A1i h\u1ED9i t\u1EE5 tinh th\u1EA7n d\u00E2n t\u1ED9c Vi\u1EC7t.","origin":"","image":"/Images/dsvh-hoang-thanh-thang-long.png"},{"name":"Su\u1ED1i kho\u00E1ng Thanh Th\u1EE7y","description":"\u0110i\u1EC3m ngh\u1EC9 d\u01B0\u1EE1ng th\u01B0 gi\u00E3n.","origin":"","image":"/Images/homepage.png"},{"name":"\u0110\u1ED3i ch\u00E8 Long C\u1ED1c","description":"C\u1EA3nh s\u1EAFc \u0111\u1ED3i ch\u00E8 b\u1ED3ng b\u1EC1nh.","origin":"","image":"/Images/caphethainguyen.jpg"}]}', 6, true);
INSERT INTO public."UIBlocks" ("Id", "LandingPageConfigId", "BlockType", "Title", "ContentJson", "SortOrder", "IsEnabled") VALUES ('a42f42a3-3995-486c-837a-d3d9d4c4a01e', '5391103c-b6fd-464c-a93b-6d6b4e4ea27e', 'specialties', 'Đặc sản', '{"title":"\u0110\u1EB7c s\u1EA3n","items":[{"name":"B\u00EA chao M\u1ED9c Ch\u00E2u","description":"Th\u1ECBt b\u00EA m\u1EC1m, th\u01A1m.","origin":"M\u1ED9c Ch\u00E2u","image":"/Images/nha-hang-hai-san-nha-trang.jpg"},{"name":"S\u1EEFa t\u01B0\u01A1i M\u1ED9c Ch\u00E2u","description":"S\u1EEFa t\u01B0\u01A1i ng\u1ECDt thanh.","origin":"M\u1ED9c Ch\u00E2u","image":"/Images/homepage.png"},{"name":"T\u00E1o m\u00E8o","description":"Qu\u1EA3 r\u1EEBng chua ng\u1ECDt.","origin":"B\u1EAFc Y\u00EAn","image":"/Images/am-thuc-viet-nam-2-1751938296.jpg"}]}', 5, true);
INSERT INTO public."UIBlocks" ("Id", "LandingPageConfigId", "BlockType", "Title", "ContentJson", "SortOrder", "IsEnabled") VALUES ('a48c6f58-6ff7-4104-807f-ee9a7ea65623', '9b56b993-1de8-456e-93db-d1539f87df9a', 'cta', 'CTA', '{}', 9, true);
INSERT INTO public."UIBlocks" ("Id", "LandingPageConfigId", "BlockType", "Title", "ContentJson", "SortOrder", "IsEnabled") VALUES ('a5072487-0d4e-4fa6-9db8-98340bb3b208', 'e9ba48d1-463b-437a-8560-a1a923e851a4', 'highlights', 'Điểm nhấn', '{"title":"\u0110i\u1EC3m nh\u1EA5n","description":"L\u1EA1ng S\u01A1n n\u1ED5i ti\u1EBFng v\u1EDBi n\u00FAi \u0111\u00E1, ch\u1EE3 bi\u00EAn gi\u1EDBi v\u00E0 \u1EA9m th\u1EF1c v\u1ECBt quay.","items":[]}', 4, true);
INSERT INTO public."UIBlocks" ("Id", "LandingPageConfigId", "BlockType", "Title", "ContentJson", "SortOrder", "IsEnabled") VALUES ('a507b4ca-514d-4d1d-875f-d8ec7801df7f', '08971e51-6a64-405f-9652-6092b94f15ee', 'hero', 'Đà Nẵng', '{"title":"\u0110\u00E0 N\u1EB5ng","subtitle":"Th\u00E0nh ph\u1ED1 \u0111\u00E1ng s\u1ED1ng b\u00EAn b\u1EDD bi\u1EC3n","description":"\u0110\u00E0 N\u1EB5ng h\u1ED9i t\u1EE5 b\u00E3i bi\u1EC3n \u0111\u1EB9p, ki\u1EBFn tr\u00FAc hi\u1EC7n \u0111\u1EA1i v\u00E0 \u1EA9m th\u1EF1c mi\u1EC1n Trung tinh t\u1EBF.","imageUrl":"/Images/homepage.png"}', 1, true);
INSERT INTO public."UIBlocks" ("Id", "LandingPageConfigId", "BlockType", "Title", "ContentJson", "SortOrder", "IsEnabled") VALUES ('a5316710-9271-415b-8454-e18155545ad9', '4ccc9128-d576-47a5-a83e-2916ee9c85cd', 'richText', 'Nội dung', '{"html":""}', 3, true);
INSERT INTO public."UIBlocks" ("Id", "LandingPageConfigId", "BlockType", "Title", "ContentJson", "SortOrder", "IsEnabled") VALUES ('a53a4818-94d4-4a4f-83bb-48593e19785b', 'dc7a6704-0e6c-46da-8b28-8ceceaa9afc3', 'specialties', 'Đặc sản', '{"title":"\u0110\u1EB7c s\u1EA3n","items":[{"name":"X\u00F4i n\u1EBFp n\u01B0\u01A1ng","description":"D\u1EBBo th\u01A1m, h\u1EA1t n\u1EBFp b\u00F3ng m\u1EA9y.","origin":"\u0110i\u1EC7n Bi\u00EAn","image":"/Images/am-thuc-viet-nam-2-1751938296.jpg"},{"name":"G\u00E0 \u0111en T\u1EE7a Ch\u00F9a","description":"Th\u1ECBt th\u01A1m, ch\u1EAFc.","origin":"T\u1EE7a Ch\u00F9a","image":"/Images/nha-hang-hai-san-nha-trang.jpg"},{"name":"R\u01B0\u1EE3u s\u00E2u ch\u00EDt","description":"\u0110\u1EB7c s\u1EA3n n\u00FAi r\u1EEBng.","origin":"M\u01B0\u1EDDng \u1EA2ng","image":"/Images/homepage.png"}]}', 5, true);
INSERT INTO public."UIBlocks" ("Id", "LandingPageConfigId", "BlockType", "Title", "ContentJson", "SortOrder", "IsEnabled") VALUES ('a610d099-0fac-4acb-9656-5c9fa1b813d1', '26ebd324-9556-443f-bb8a-d1ac367db405', 'cta', 'CTA', '{}', 9, true);
INSERT INTO public."UIBlocks" ("Id", "LandingPageConfigId", "BlockType", "Title", "ContentJson", "SortOrder", "IsEnabled") VALUES ('a6cd9904-af50-4328-9e56-0cae39f781d7', 'b72dc5c2-0ff4-4eb5-87da-c6a07fb20711', 'hero', 'Hồ Chí Minh', '{"title":"H\u1ED3 Ch\u00ED Minh","subtitle":"N\u0103ng l\u01B0\u1EE3ng hi\u1EC7n \u0111\u1EA1i gi\u1EEFa l\u00F2ng ph\u01B0\u01A1ng Nam","description":"Th\u00E0nh ph\u1ED1 n\u0103ng \u0111\u1ED9ng b\u1EADc nh\u1EA5t Vi\u1EC7t Nam v\u1EDBi nh\u1ECBp s\u1ED1ng hi\u1EC7n \u0111\u1EA1i, giao thoa v\u0103n h\u00F3a v\u00E0 \u1EA9m th\u1EF1c \u0111\u01B0\u1EDDng ph\u1ED1 \u0111a s\u1EAFc.","imageUrl":"/Images/homepage.png"}', 1, true);
INSERT INTO public."UIBlocks" ("Id", "LandingPageConfigId", "BlockType", "Title", "ContentJson", "SortOrder", "IsEnabled") VALUES ('a7183de3-bee3-4cba-87c2-3b6c7c57dc48', '95217ac6-6bd0-4853-be23-1775976d20be', 'specialties', 'Đặc sản', '{"title":"\u0110\u1EB7c s\u1EA3n","items":[{"name":"B\u00E1nh tr\u00E1ng ph\u01A1i s\u01B0\u01A1ng","description":"D\u1EBBo th\u01A1m, \u0103n k\u00E8m th\u1ECBt lu\u1ED9c.","origin":"Tr\u1EA3ng B\u00E0ng","image":"/Images/am-thuc-viet-nam-2-1751938296.jpg"},{"name":"Mu\u1ED1i t\u00F4m","description":"Gia v\u1ECB \u0111\u1EADm \u0111\u00E0 n\u1ED5i ti\u1EBFng.","origin":"T\u00E2y Ninh","image":"/Images/homepage.png"},{"name":"B\u00F2 t\u01A1","description":"Th\u1ECBt m\u1EC1m, ng\u1ECDt th\u01A1m.","origin":"G\u00F2 D\u1EA7u","image":"/Images/nha-hang-hai-san-nha-trang.jpg"}]}', 5, true);
INSERT INTO public."UIBlocks" ("Id", "LandingPageConfigId", "BlockType", "Title", "ContentJson", "SortOrder", "IsEnabled") VALUES ('a718b514-8b22-4369-936a-d18d814ac7c7', '012ebf8c-7289-4f59-88e4-14d56f871cd3', 'intro', 'Giới thiệu', '{"title":"An Giang","subtitle":"S\u1EAFc m\u00E0u bi\u00EAn gi\u1EDBi v\u00E0 m\u00F9a n\u01B0\u1EDBc n\u1ED5i","description":"An Giang g\u1EAFn li\u1EC1n v\u1EDBi n\u00FAi C\u1EA5m, m\u00F9a n\u01B0\u1EDBc n\u1ED5i v\u00E0 v\u0103n h\u00F3a \u0111a d\u1EA1ng.","imageUrl":"/Images/homepage.png"}', 2, true);
INSERT INTO public."UIBlocks" ("Id", "LandingPageConfigId", "BlockType", "Title", "ContentJson", "SortOrder", "IsEnabled") VALUES ('a726c8c0-184b-47f0-9eef-b5aafad5403d', 'bfbff974-4ea1-432f-8823-3825153110a7', 'tourism', 'Du lịch', '{"title":"Du l\u1ECBch","items":[{"name":"M\u0169i C\u00E0 Mau","description":"\u0110i\u1EC3m c\u1EF1c Nam T\u1ED5 qu\u1ED1c.","origin":"","image":"/Images/homepage.png"},{"name":"R\u1EEBng U Minh","description":"R\u1EEBng ng\u1EADp m\u1EB7n \u0111\u1EB7c tr\u01B0ng.","origin":"","image":"/Images/dsvn-vinh-ha-long.png"},{"name":"\u0110\u1EA7m Th\u1ECB T\u01B0\u1EDDng","description":"\u0110\u1EA7m n\u01B0\u1EDBc r\u1ED9ng l\u1EDBn mi\u1EC1n T\u00E2y.","origin":"","image":"/Images/homepage.png"}]}', 6, true);
INSERT INTO public."UIBlocks" ("Id", "LandingPageConfigId", "BlockType", "Title", "ContentJson", "SortOrder", "IsEnabled") VALUES ('a777e7f4-fba2-46a4-90a7-9c47ec636dc7', 'b72dc5c2-0ff4-4eb5-87da-c6a07fb20711', 'cta', 'CTA', '{}', 9, true);
INSERT INTO public."UIBlocks" ("Id", "LandingPageConfigId", "BlockType", "Title", "ContentJson", "SortOrder", "IsEnabled") VALUES ('a879ce5e-546d-40c5-bc39-b1f87caf3385', 'a0898553-87df-482e-9c7b-79cfea9cd5ca', 'richText', 'Nội dung', '{"html":""}', 3, true);
INSERT INTO public."UIBlocks" ("Id", "LandingPageConfigId", "BlockType", "Title", "ContentJson", "SortOrder", "IsEnabled") VALUES ('a87f09d2-d8cb-4971-82fd-f2a85866e972', 'bfbff974-4ea1-432f-8823-3825153110a7', 'specialties', 'Đặc sản', '{"title":"\u0110\u1EB7c s\u1EA3n","items":[{"name":"Cua C\u00E0 Mau","description":"Cua ch\u1EAFc th\u1ECBt, th\u01A1m ng\u1ECDt.","origin":"N\u0103m C\u0103n","image":"/Images/nha-hang-hai-san-nha-trang.jpg"},{"name":"L\u1EA9u m\u1EAFm","description":"\u0110\u1EADm \u0111\u00E0 h\u01B0\u01A1ng v\u1ECB mi\u1EC1n T\u00E2y.","origin":"C\u00E0 Mau","image":"/Images/am-thuc-viet-nam-2-1751938296.jpg"},{"name":"Ba kh\u00EDa","description":"M\u00F3n \u0103n d\u00E2n d\u00E3 \u0111\u1EB7c tr\u01B0ng.","origin":"R\u1EA1ch G\u1ED1c","image":"/Images/homepage.png"}]}', 5, true);
INSERT INTO public."UIBlocks" ("Id", "LandingPageConfigId", "BlockType", "Title", "ContentJson", "SortOrder", "IsEnabled") VALUES ('a88c139c-f5e9-48ae-a009-f1f999fa5072', '0e648962-314f-4e80-9b4e-1ef7a9c79827', 'richText', 'Nội dung', '{"html":""}', 3, true);
INSERT INTO public."UIBlocks" ("Id", "LandingPageConfigId", "BlockType", "Title", "ContentJson", "SortOrder", "IsEnabled") VALUES ('aa62d3c4-91b7-4c82-a8c3-5cb535b61bcc', '0e648962-314f-4e80-9b4e-1ef7a9c79827', 'hero', 'Bắc Ninh', '{"title":"B\u1EAFc Ninh","subtitle":"Quan h\u1ECD ng\u1ECDt ng\u00E0o \u0111\u1EA5t Kinh B\u1EAFc","description":"V\u00F9ng \u0111\u1EA5t Kinh B\u1EAFc n\u1ED5i ti\u1EBFng v\u1EDBi d\u00E2n ca quan h\u1ECD, l\u00E0ng ngh\u1EC1 truy\u1EC1n th\u1ED1ng v\u00E0 \u1EA9m th\u1EF1c \u0111\u1EB7c tr\u01B0ng.","imageUrl":"/Images/homepage.png"}', 1, true);
INSERT INTO public."UIBlocks" ("Id", "LandingPageConfigId", "BlockType", "Title", "ContentJson", "SortOrder", "IsEnabled") VALUES ('aa7e1088-4526-416f-81a8-37e8f146eaa9', '9b56b993-1de8-456e-93db-d1539f87df9a', 'intro', 'Giới thiệu', '{"title":"H\u00E0 T\u0129nh","subtitle":"D\u1EA3i \u0111\u1EA5t mi\u1EC1n Trung tr\u1EA7m m\u1EB7c","description":"H\u00E0 T\u0129nh n\u1ED5i b\u1EADt v\u1EDBi b\u00E3i bi\u1EC3n hoang s\u01A1, n\u00FAi H\u1ED3ng L\u0129nh v\u00E0 v\u0103n h\u00F3a d\u00E2n ca \u0111\u1EB7c s\u1EAFc.","imageUrl":"/Images/am-thuc-viet-nam-2-1751938296.jpg"}', 2, true);
INSERT INTO public."UIBlocks" ("Id", "LandingPageConfigId", "BlockType", "Title", "ContentJson", "SortOrder", "IsEnabled") VALUES ('aace0152-f5b6-479a-b758-f2f7006451d6', 'fbf20626-8e36-47b7-afdb-e58a61cf46cc', 'hero', 'Đồng Tháp', '{"title":"\u0110\u1ED3ng Th\u00E1p","subtitle":"Sen h\u1ED3ng v\u00E0 mi\u1EC1n \u0111\u1EA5t hi\u1EC1n h\u00F2a","description":"\u0110\u1ED3ng Th\u00E1p n\u1ED5i ti\u1EBFng v\u1EDBi \u0111\u1ED3ng sen, v\u01B0\u1EDDn qu\u1ED1c gia Tr\u00E0m Chim v\u00E0 \u1EA9m th\u1EF1c d\u00E2n d\u00E3.","imageUrl":"/Images/homepage.png"}', 1, true);
INSERT INTO public."UIBlocks" ("Id", "LandingPageConfigId", "BlockType", "Title", "ContentJson", "SortOrder", "IsEnabled") VALUES ('ac8c423f-f3d7-46ff-a790-fc2c2c67728b', '012ebf8c-7289-4f59-88e4-14d56f871cd3', 'specialties', 'Đặc sản', '{"title":"\u0110\u1EB7c s\u1EA3n","items":[{"name":"B\u00FAn c\u00E1 Ch\u00E2u \u0110\u1ED1c","description":"N\u01B0\u1EDBc d\u00F9ng th\u01A1m ngh\u1EC7, c\u00E1 l\u00F3c t\u01B0\u01A1i.","origin":"Ch\u00E2u \u0110\u1ED1c","image":"/Images/nha-hang-hai-san-nha-trang.jpg"},{"name":"M\u1EAFm Ch\u00E2u \u0110\u1ED1c","description":"\u0110\u1EB7c s\u1EA3n \u0111\u1EADm \u0111\u00E0 mi\u1EC1n bi\u00EAn gi\u1EDBi.","origin":"Ch\u00E2u \u0110\u1ED1c","image":"/Images/am-thuc-viet-nam-2-1751938296.jpg"},{"name":"G\u00E0 \u0111\u1ED1t \u00D4 Thum","description":"G\u00E0 n\u01B0\u1EDBng th\u01A1m v\u1ECB s\u1EA3.","origin":"Tri T\u00F4n","image":"/Images/pho-bo-ha-noi.jpeg"}]}', 5, true);
INSERT INTO public."UIBlocks" ("Id", "LandingPageConfigId", "BlockType", "Title", "ContentJson", "SortOrder", "IsEnabled") VALUES ('acbeb369-dfe1-4348-b6a8-84920db898ac', '012ebf8c-7289-4f59-88e4-14d56f871cd3', 'richText', 'Nội dung', '{"html":""}', 3, true);
INSERT INTO public."UIBlocks" ("Id", "LandingPageConfigId", "BlockType", "Title", "ContentJson", "SortOrder", "IsEnabled") VALUES ('adb8d1d6-3718-4d76-9172-fa8267f2d798', 'bfa932c4-b1fe-4596-a714-55b6822e10fc', 'gallery', 'Thư viện ảnh', '{"title":"Th\u01B0 vi\u1EC7n \u1EA3nh","images":["/Images/dsvh-hoang-thanh-thang-long.png","/Images/homepage.png","/Images/am-thuc-viet-nam-2-1751938296.jpg","/Images/caphethainguyen.jpg","/Images/pho-bo-ha-noi.jpeg","/Images/dsvn-vinh-ha-long.png"]}', 8, true);
INSERT INTO public."UIBlocks" ("Id", "LandingPageConfigId", "BlockType", "Title", "ContentJson", "SortOrder", "IsEnabled") VALUES ('ae4aa99e-1bf8-4f73-ac9e-ad285f56f3dc', '26ebd324-9556-443f-bb8a-d1ac367db405', 'gallery', 'Thư viện ảnh', '{"title":"Th\u01B0 vi\u1EC7n \u1EA3nh","images":["/Images/dsvn-vinh-ha-long.png","/Images/nha-hang-hai-san-nha-trang.jpg","/Images/homepage.png","/Images/am-thuc-viet-nam-2-1751938296.jpg","/Images/pho-bo-ha-noi.jpeg","/Images/caphethainguyen.jpg"]}', 8, true);
INSERT INTO public."UIBlocks" ("Id", "LandingPageConfigId", "BlockType", "Title", "ContentJson", "SortOrder", "IsEnabled") VALUES ('ae8a6725-421c-4a24-96a8-1ac4d29288c1', 'e9ba48d1-463b-437a-8560-a1a923e851a4', 'tourism', 'Du lịch', '{"title":"Du l\u1ECBch","items":[{"name":"M\u1EABu S\u01A1n","description":"Kh\u00ED h\u1EADu m\u00E1t l\u1EA1nh quanh n\u0103m.","origin":"","image":"/Images/dsvn-vinh-ha-long.png"},{"name":"\u0110\u1ED9ng Tam Thanh","description":"Danh th\u1EAFng n\u1ED5i ti\u1EBFng x\u1EE9 L\u1EA1ng.","origin":"","image":"/Images/homepage.png"},{"name":"Ch\u1EE3 \u0110\u00F4ng Kinh","description":"Trung t\u00E2m th\u01B0\u01A1ng m\u1EA1i bi\u00EAn gi\u1EDBi.","origin":"","image":"/Images/am-thuc-viet-nam-2-1751938296.jpg"}]}', 6, true);
INSERT INTO public."UIBlocks" ("Id", "LandingPageConfigId", "BlockType", "Title", "ContentJson", "SortOrder", "IsEnabled") VALUES ('b10804da-b821-4c7a-ac06-65f371c45e3f', '779abff4-6a53-4e13-8e0f-6b393ebbe97d', 'gallery', 'Thư viện ảnh', '{"title":"Th\u01B0 vi\u1EC7n \u1EA3nh","images":["/Images/caphethainguyen.jpg","/Images/homepage.png","/Images/am-thuc-viet-nam-2-1751938296.jpg","/Images/nha-hang-hai-san-nha-trang.jpg","/Images/dsvn-vinh-ha-long.png","/Images/pho-bo-ha-noi.jpeg"]}', 8, true);
INSERT INTO public."UIBlocks" ("Id", "LandingPageConfigId", "BlockType", "Title", "ContentJson", "SortOrder", "IsEnabled") VALUES ('b1511274-8db2-4168-a4d6-3e21217dc57b', '3f1a922d-8752-49c4-841d-1687c508d91a', 'richText', 'Nội dung', '{"html":""}', 3, true);
INSERT INTO public."UIBlocks" ("Id", "LandingPageConfigId", "BlockType", "Title", "ContentJson", "SortOrder", "IsEnabled") VALUES ('b3ca49c0-e47f-47ec-ac3f-8f5039ba12be', 'dc7a6704-0e6c-46da-8b28-8ceceaa9afc3', 'highlights', 'Điểm nhấn', '{"title":"\u0110i\u1EC3m nh\u1EA5n","description":"\u0110i\u1EC7n Bi\u00EAn l\u01B0u gi\u1EEF chi\u1EBFn th\u1EAFng l\u1ECBch s\u1EED, n\u00FAi r\u1EEBng r\u1ED9ng l\u1EDBn v\u00E0 v\u0103n h\u00F3a d\u00E2n t\u1ED9c \u0111\u1ED9c \u0111\u00E1o.","items":[]}', 4, true);
INSERT INTO public."UIBlocks" ("Id", "LandingPageConfigId", "BlockType", "Title", "ContentJson", "SortOrder", "IsEnabled") VALUES ('b4902c6d-0ab7-483e-8c9c-ebe7269a0709', '91738c30-672e-4f26-b4cd-6a33efe809f0', 'cta', 'CTA', '{}', 9, true);
INSERT INTO public."UIBlocks" ("Id", "LandingPageConfigId", "BlockType", "Title", "ContentJson", "SortOrder", "IsEnabled") VALUES ('b4a25ab9-b760-4a8d-8804-ef69cccf3cf8', 'dc7a6704-0e6c-46da-8b28-8ceceaa9afc3', 'richText', 'Nội dung', '{"html":""}', 3, true);
INSERT INTO public."UIBlocks" ("Id", "LandingPageConfigId", "BlockType", "Title", "ContentJson", "SortOrder", "IsEnabled") VALUES ('b5244fc2-e9c5-44fd-a0e3-92a17d975212', '95217ac6-6bd0-4853-be23-1775976d20be', 'intro', 'Giới thiệu', '{"title":"T\u00E2y Ninh","subtitle":"N\u00FAi B\u00E0 h\u00F9ng v\u0129 v\u00E0 h\u01B0\u01A1ng v\u1ECB \u0111\u1EB7c s\u1EAFc","description":"T\u00E2y Ninh l\u00E0 c\u1EEDa ng\u00F5 \u0110\u00F4ng Nam B\u1ED9, n\u1ED5i b\u1EADt v\u1EDBi n\u00FAi B\u00E0 \u0110en v\u00E0 \u1EA9m th\u1EF1c \u0111\u1ED9c \u0111\u00E1o.","imageUrl":"/Images/am-thuc-viet-nam-2-1751938296.jpg"}', 2, true);
INSERT INTO public."UIBlocks" ("Id", "LandingPageConfigId", "BlockType", "Title", "ContentJson", "SortOrder", "IsEnabled") VALUES ('b5542372-8396-4e31-b55d-976370219261', '69feca62-6b74-4ada-b926-bae806aebdab', 'cta', 'CTA', '{}', 9, true);
INSERT INTO public."UIBlocks" ("Id", "LandingPageConfigId", "BlockType", "Title", "ContentJson", "SortOrder", "IsEnabled") VALUES ('b5d939ac-af36-4130-afdf-064c1e989409', 'dc7a6704-0e6c-46da-8b28-8ceceaa9afc3', 'culture', 'Văn hóa', '{"title":"V\u0103n h\u00F3a","items":[{"name":"L\u1EC5 h\u1ED9i Hoa Ban","description":"L\u1EC5 h\u1ED9i m\u00F9a xu\u00E2n c\u1EE7a ng\u01B0\u1EDDi Th\u00E1i.","origin":"","image":"/Images/homepage.png"},{"name":"Ngh\u1EC7 thu\u1EADt m\u00FAa x\u00F2e","description":"\u0110i\u1EC7u m\u00FAa truy\u1EC1n th\u1ED1ng T\u00E2y B\u1EAFc.","origin":"","image":"/Images/am-thuc-viet-nam-2-1751938296.jpg"}]}', 7, true);
INSERT INTO public."UIBlocks" ("Id", "LandingPageConfigId", "BlockType", "Title", "ContentJson", "SortOrder", "IsEnabled") VALUES ('b62a5929-6d2e-40f3-92de-7ce9ee4727b5', '91738c30-672e-4f26-b4cd-6a33efe809f0', 'gallery', 'Thư viện ảnh', '{"title":"Th\u01B0 vi\u1EC7n \u1EA3nh","images":["/Images/homepage.png","/Images/am-thuc-viet-nam-2-1751938296.jpg","/Images/pho-bo-ha-noi.jpeg","/Images/nha-hang-hai-san-nha-trang.jpg","/Images/caphethainguyen.jpg","/Images/dsvn-vinh-ha-long.png"]}', 8, true);
INSERT INTO public."UIBlocks" ("Id", "LandingPageConfigId", "BlockType", "Title", "ContentJson", "SortOrder", "IsEnabled") VALUES ('b71404e5-0d92-42f7-b295-3b4096f49422', '69feca62-6b74-4ada-b926-bae806aebdab', 'specialties', 'Đặc sản', '{"title":"\u0110\u1EB7c s\u1EA3n","items":[{"name":"B\u00E1nh cu\u1ED1n Cao B\u1EB1ng","description":"B\u00E1nh m\u1EC1m, n\u01B0\u1EDBc d\u00F9ng x\u01B0\u01A1ng th\u01A1m.","origin":"Th\u00E0nh ph\u1ED1 Cao B\u1EB1ng","image":"/Images/pho-bo-ha-noi.jpeg"},{"name":"L\u1EA1p x\u01B0\u1EDFng","description":"H\u01B0\u01A1ng v\u1ECB \u0111\u1EADm \u0111\u00E0 v\u00F9ng bi\u00EAn.","origin":"Tr\u00F9ng Kh\u00E1nh","image":"/Images/am-thuc-viet-nam-2-1751938296.jpg"},{"name":"H\u1EA1t d\u1EBB","description":"\u0110\u1EB7c s\u1EA3n m\u00F9a thu Cao B\u1EB1ng.","origin":"Tr\u00F9ng Kh\u00E1nh","image":"/Images/homepage.png"}]}', 5, true);
INSERT INTO public."UIBlocks" ("Id", "LandingPageConfigId", "BlockType", "Title", "ContentJson", "SortOrder", "IsEnabled") VALUES ('b7ae2b12-3c2e-476c-854d-b9526301d511', '3f1a922d-8752-49c4-841d-1687c508d91a', 'hero', 'Đồng Nai', '{"title":"\u0110\u1ED3ng Nai","subtitle":"V\u00F9ng \u0111\u1EA5t c\u1EEDa ng\u00F5 \u0110\u00F4ng Nam B\u1ED9","description":"\u0110\u1ED3ng Nai s\u1EDF h\u1EEFu khu d\u1EF1 tr\u1EEF sinh quy\u1EC3n, tr\u00E1i c\u00E2y phong ph\u00FA v\u00E0 kh\u00F4ng gian xanh r\u1ED9ng l\u1EDBn.","imageUrl":"/Images/homepage.png"}', 1, true);
INSERT INTO public."UIBlocks" ("Id", "LandingPageConfigId", "BlockType", "Title", "ContentJson", "SortOrder", "IsEnabled") VALUES ('b9352681-3f19-4afd-bdb3-f0f9baedb6db', '32dac492-b222-46f7-97e0-268a77f48d04', 'cta', 'CTA', '{}', 9, true);
INSERT INTO public."UIBlocks" ("Id", "LandingPageConfigId", "BlockType", "Title", "ContentJson", "SortOrder", "IsEnabled") VALUES ('bb14be82-9882-48ab-9ed1-c328a57fdf14', 'e9ba48d1-463b-437a-8560-a1a923e851a4', 'specialties', 'Đặc sản', '{"title":"\u0110\u1EB7c s\u1EA3n","items":[{"name":"V\u1ECBt quay","description":"Da gi\u00F2n, th\u1ECBt th\u01A1m v\u1ECB m\u1EAFc m\u1EADt.","origin":"Th\u00E0nh ph\u1ED1 L\u1EA1ng S\u01A1n","image":"/Images/nha-hang-hai-san-nha-trang.jpg"},{"name":"Kh\u00E2u nh\u1EE5c","description":"Th\u1ECBt m\u1EC1m, \u0111\u1EADm v\u1ECB.","origin":"Cao L\u1ED9c","image":"/Images/am-thuc-viet-nam-2-1751938296.jpg"},{"name":"B\u00E1nh \u00E1p chao","description":"B\u00E1nh r\u00E1n gi\u00F2n n\u00F3ng.","origin":"L\u1EA1ng S\u01A1n","image":"/Images/pho-bo-ha-noi.jpeg"}]}', 5, true);
INSERT INTO public."UIBlocks" ("Id", "LandingPageConfigId", "BlockType", "Title", "ContentJson", "SortOrder", "IsEnabled") VALUES ('bb3dc0a9-0444-44e0-9e38-34b80d07520e', 'f6d1a4be-05a9-4446-a61a-e1d8e22febf3', 'culture', 'Văn hóa', '{"title":"V\u0103n h\u00F3a","items":[{"name":"D\u00E2n ca v\u00ED gi\u1EB7m","description":"Di s\u1EA3n v\u0103n h\u00F3a phi v\u1EADt th\u1EC3 UNESCO.","origin":"","image":"/Images/homepage.png"},{"name":"L\u1EC5 h\u1ED9i \u0111\u1EC1n Cu\u00F4ng","description":"L\u1EC5 h\u1ED9i truy\u1EC1n th\u1ED1ng x\u1EE9 Ngh\u1EC7.","origin":"","image":"/Images/am-thuc-viet-nam-2-1751938296.jpg"}]}', 7, true);
INSERT INTO public."UIBlocks" ("Id", "LandingPageConfigId", "BlockType", "Title", "ContentJson", "SortOrder", "IsEnabled") VALUES ('bb995227-465d-4a92-be5e-a67e5962921e', '064940c1-e7cb-4862-b789-1546c20686e5', 'hero', 'Cần Thơ', '{"title":"C\u1EA7n Th\u01A1","subtitle":"H\u01A1i th\u1EDF mi\u1EC1n T\u00E2y s\u00F4ng n\u01B0\u1EDBc","description":"Th\u1EE7 ph\u1EE7 mi\u1EC1n T\u00E2y v\u1EDBi ch\u1EE3 n\u1ED5i, v\u01B0\u1EDDn tr\u00E1i c\u00E2y v\u00E0 \u1EA9m th\u1EF1c m\u1ED9c m\u1EA1c \u0111\u1EADm t\u00ECnh.","imageUrl":"/Images/homepage.png"}', 1, true);
INSERT INTO public."UIBlocks" ("Id", "LandingPageConfigId", "BlockType", "Title", "ContentJson", "SortOrder", "IsEnabled") VALUES ('bc88d9d1-cadd-446b-b80f-cfa2850305f5', '4ccc9128-d576-47a5-a83e-2916ee9c85cd', 'intro', 'Giới thiệu', '{"title":"Hu\u1EBF","subtitle":"Kinh k\u1EF3 tr\u1EA7m m\u1EB7c gi\u1EEFa d\u00F2ng H\u01B0\u01A1ng","description":"V\u00F9ng \u0111\u1EA5t c\u1ED1 \u0111\u00F4 v\u1EDBi di s\u1EA3n cung \u0111\u00ECnh, \u1EA9m th\u1EF1c tinh t\u1EBF v\u00E0 nh\u1ECBp s\u1ED1ng tr\u1EA7m l\u1EAFng.","imageUrl":"/Images/bunbohue.jpg"}', 2, true);
INSERT INTO public."UIBlocks" ("Id", "LandingPageConfigId", "BlockType", "Title", "ContentJson", "SortOrder", "IsEnabled") VALUES ('bf433b1d-5823-47c3-82f4-aee939c99675', '08971e51-6a64-405f-9652-6092b94f15ee', 'culture', 'Văn hóa', '{"title":"V\u0103n h\u00F3a","items":[{"name":"L\u1EC5 h\u1ED9i ph\u00E1o hoa","description":"S\u1EF1 ki\u1EC7n qu\u1ED1c t\u1EBF r\u1EF1c r\u1EE1 tr\u00EAn s\u00F4ng H\u00E0n.","origin":"","image":"/Images/homepage.png"},{"name":"L\u00E0ng \u0111\u00E1 Non N\u01B0\u1EDBc","description":"Tinh hoa \u0111i\u00EAu kh\u1EAFc \u0111\u00E1 truy\u1EC1n th\u1ED1ng.","origin":"","image":"/Images/am-thuc-viet-nam-2-1751938296.jpg"}]}', 7, true);
INSERT INTO public."UIBlocks" ("Id", "LandingPageConfigId", "BlockType", "Title", "ContentJson", "SortOrder", "IsEnabled") VALUES ('c15d6019-33e4-4889-99bf-e4ef2a802d6a', 'e7b72a1a-57dc-4dec-80eb-b4eead5f8989', 'highlights', 'Điểm nhấn', '{"title":"\u0110i\u1EC3m nh\u1EA5n","description":"L\u00E2m \u0110\u1ED3ng s\u1EDF h\u1EEFu th\u00E0nh ph\u1ED1 \u0110\u00E0 L\u1EA1t m\u00E1t l\u00E0nh, r\u1EEBng th\u00F4ng v\u00E0 v\u0103n h\u00F3a c\u00E0 ph\u00EA.","items":[]}', 4, true);
INSERT INTO public."UIBlocks" ("Id", "LandingPageConfigId", "BlockType", "Title", "ContentJson", "SortOrder", "IsEnabled") VALUES ('c18ba90e-8554-4204-b9e7-85d470f58720', '91738c30-672e-4f26-b4cd-6a33efe809f0', 'highlights', 'Điểm nhấn', '{"title":"\u0110i\u1EC3m nh\u1EA5n","description":"H\u01B0ng Y\u00EAn g\u1EAFn li\u1EC1n v\u1EDBi Ph\u1ED1 Hi\u1EBFn c\u1ED5, v\u01B0\u1EDDn nh\u00E3n ng\u1ECDt l\u00E0nh v\u00E0 di s\u1EA3n v\u0103n h\u00F3a l\u00E2u \u0111\u1EDDi.","items":[]}', 4, true);
INSERT INTO public."UIBlocks" ("Id", "LandingPageConfigId", "BlockType", "Title", "ContentJson", "SortOrder", "IsEnabled") VALUES ('c253df63-1519-4979-b768-5eeeea87c653', 'a0c1130a-49cd-4e4b-ac5f-c5136f773494', 'cta', 'CTA', '{}', 9, true);
INSERT INTO public."UIBlocks" ("Id", "LandingPageConfigId", "BlockType", "Title", "ContentJson", "SortOrder", "IsEnabled") VALUES ('c2e88ba2-22c8-48cb-b9bb-55cfbb349822', 'b72dc5c2-0ff4-4eb5-87da-c6a07fb20711', 'highlights', 'Điểm nhấn', '{"title":"\u0110i\u1EC3m nh\u1EA5n","description":"Th\u00E0nh ph\u1ED1 n\u0103ng \u0111\u1ED9ng b\u1EADc nh\u1EA5t Vi\u1EC7t Nam v\u1EDBi nh\u1ECBp s\u1ED1ng hi\u1EC7n \u0111\u1EA1i, giao thoa v\u0103n h\u00F3a v\u00E0 \u1EA9m th\u1EF1c \u0111\u01B0\u1EDDng ph\u1ED1 \u0111a s\u1EAFc.","items":[]}', 4, true);
INSERT INTO public."UIBlocks" ("Id", "LandingPageConfigId", "BlockType", "Title", "ContentJson", "SortOrder", "IsEnabled") VALUES ('c3034048-97d5-46fe-b002-568645dd0639', 'f6d1a4be-05a9-4446-a61a-e1d8e22febf3', 'tourism', 'Du lịch', '{"title":"Du l\u1ECBch","items":[{"name":"L\u00E0ng Sen","description":"Qu\u00EA h\u01B0\u01A1ng Ch\u1EE7 t\u1ECBch H\u1ED3 Ch\u00ED Minh.","origin":"","image":"/Images/dsvh-hoang-thanh-thang-long.png"},{"name":"Bi\u1EC3n C\u1EEDa L\u00F2","description":"B\u00E3i bi\u1EC3n s\u00F4i \u0111\u1ED9ng mi\u1EC1n Trung.","origin":"","image":"/Images/nha-hang-hai-san-nha-trang.jpg"},{"name":"\u0110\u1EA3o Lan Ch\u00E2u","description":"\u0110i\u1EC3m ng\u1EAFm ho\u00E0ng h\u00F4n tuy\u1EC7t \u0111\u1EB9p.","origin":"","image":"/Images/homepage.png"}]}', 6, true);
INSERT INTO public."UIBlocks" ("Id", "LandingPageConfigId", "BlockType", "Title", "ContentJson", "SortOrder", "IsEnabled") VALUES ('c316ad19-c9b4-492a-9432-dbc96789070a', '91738c30-672e-4f26-b4cd-6a33efe809f0', 'tourism', 'Du lịch', '{"title":"Du l\u1ECBch","items":[{"name":"Ph\u1ED1 Hi\u1EBFn","description":"Di t\u00EDch l\u1ECBch s\u1EED th\u01B0\u01A1ng c\u1EA3ng x\u01B0a.","origin":"","image":"/Images/dsvh-hoang-thanh-thang-long.png"},{"name":"Ch\u00F9a Chu\u00F4ng","description":"Ng\u00F4i ch\u00F9a c\u1ED5 k\u00EDnh linh thi\u00EAng.","origin":"","image":"/Images/homepage.png"},{"name":"V\u01B0\u1EDDn nh\u00E3n","description":"Kh\u00F4ng gian xanh m\u00E1t m\u00F9a thu ho\u1EA1ch.","origin":"","image":"/Images/homepage.png"}]}', 6, true);
INSERT INTO public."UIBlocks" ("Id", "LandingPageConfigId", "BlockType", "Title", "ContentJson", "SortOrder", "IsEnabled") VALUES ('c3fb72b6-95de-4f9b-b7ed-e1a1eaf78b5c', '0e648962-314f-4e80-9b4e-1ef7a9c79827', 'gallery', 'Thư viện ảnh', '{"title":"Th\u01B0 vi\u1EC7n \u1EA3nh","images":["/Images/homepage.png","/Images/am-thuc-viet-nam-2-1751938296.jpg","/Images/pho-bo-ha-noi.jpeg","/Images/nha-hang-hai-san-nha-trang.jpg","/Images/caphethainguyen.jpg","/Images/dsvn-vinh-ha-long.png"]}', 8, true);
INSERT INTO public."UIBlocks" ("Id", "LandingPageConfigId", "BlockType", "Title", "ContentJson", "SortOrder", "IsEnabled") VALUES ('c481e40f-1f2d-46cb-a9ed-dd421dc4fea0', '9b56b993-1de8-456e-93db-d1539f87df9a', 'tourism', 'Du lịch', '{"title":"Du l\u1ECBch","items":[{"name":"Bi\u1EC3n Thi\u00EAn C\u1EA7m","description":"B\u00E3i bi\u1EC3n hoang s\u01A1, th\u01A1 m\u1ED9ng.","origin":"","image":"/Images/nha-hang-hai-san-nha-trang.jpg"},{"name":"N\u00FAi H\u1ED3ng L\u0129nh","description":"Ng\u1ECDn n\u00FAi g\u1EAFn v\u1EDBi truy\u1EC1n thuy\u1EBFt.","origin":"","image":"/Images/homepage.png"},{"name":"Khu l\u01B0u ni\u1EC7m Nguy\u1EC5n Du","description":"Kh\u00F4ng gian v\u0103n h\u00F3a c\u1EE7a \u0111\u1EA1i thi h\u00E0o.","origin":"","image":"/Images/dsvh-hoang-thanh-thang-long.png"}]}', 6, true);
INSERT INTO public."UIBlocks" ("Id", "LandingPageConfigId", "BlockType", "Title", "ContentJson", "SortOrder", "IsEnabled") VALUES ('c4af4177-85ba-4b7c-9d2e-e74038dd45a5', '012ebf8c-7289-4f59-88e4-14d56f871cd3', 'hero', 'An Giang', '{"title":"An Giang","subtitle":"S\u1EAFc m\u00E0u bi\u00EAn gi\u1EDBi v\u00E0 m\u00F9a n\u01B0\u1EDBc n\u1ED5i","description":"An Giang g\u1EAFn li\u1EC1n v\u1EDBi n\u00FAi C\u1EA5m, m\u00F9a n\u01B0\u1EDBc n\u1ED5i v\u00E0 v\u0103n h\u00F3a \u0111a d\u1EA1ng.","imageUrl":"/Images/homepage.png"}', 1, true);
INSERT INTO public."UIBlocks" ("Id", "LandingPageConfigId", "BlockType", "Title", "ContentJson", "SortOrder", "IsEnabled") VALUES ('c5af7f90-8011-434e-bf5a-2abdba71f5c2', '26ebd324-9556-443f-bb8a-d1ac367db405', 'hero', 'Quảng Ninh', '{"title":"Qu\u1EA3ng Ninh","subtitle":"V\u1ECBnh H\u1EA1 Long k\u1EF3 quan th\u1EBF gi\u1EDBi","description":"Qu\u1EA3ng Ninh l\u00E0 \u0111i\u1EC3m \u0111\u1EBFn n\u1ED5i ti\u1EBFng v\u1EDBi v\u1ECBnh H\u1EA1 Long, \u0111\u1EA3o C\u00F4 T\u00F4 v\u00E0 \u1EA9m th\u1EF1c bi\u1EC3n phong ph\u00FA.","imageUrl":"/Images/dsvn-vinh-ha-long.png"}', 1, true);
INSERT INTO public."UIBlocks" ("Id", "LandingPageConfigId", "BlockType", "Title", "ContentJson", "SortOrder", "IsEnabled") VALUES ('c60fa944-f2bb-418b-b503-4e9b437a5973', '95217ac6-6bd0-4853-be23-1775976d20be', 'cta', 'CTA', '{}', 9, true);
INSERT INTO public."UIBlocks" ("Id", "LandingPageConfigId", "BlockType", "Title", "ContentJson", "SortOrder", "IsEnabled") VALUES ('c65be55f-c421-488d-939a-ebf7e103e7d6', '4ccc9128-d576-47a5-a83e-2916ee9c85cd', 'specialties', 'Đặc sản', '{"title":"\u0110\u1EB7c s\u1EA3n","items":[{"name":"B\u00FAn b\u00F2 Hu\u1EBF","description":"N\u01B0\u1EDBc d\u00F9ng cay n\u1ED3ng, \u0111\u1EADm \u0111\u00E0 h\u01B0\u01A1ng s\u1EA3.","origin":"Kinh th\u00E0nh Hu\u1EBF","image":"/Images/bunbohue.jpg"},{"name":"B\u00E1nh b\u00E8o","description":"Nh\u1ECF xinh, m\u1EC1m m\u1ECBn v\u00E0 \u0111\u1EADm v\u1ECB.","origin":"Ph\u1ED1 c\u1ED5 Hu\u1EBF","image":"/Images/am-thuc-viet-nam-2-1751938296.jpg"},{"name":"Ch\u00E8 Hu\u1EBF","description":"Phong ph\u00FA v\u1EDBi v\u1ECB ng\u1ECDt thanh.","origin":"S\u00F4ng H\u01B0\u01A1ng","image":"/Images/pho-bo-ha-noi.jpeg"}]}', 5, true);
INSERT INTO public."UIBlocks" ("Id", "LandingPageConfigId", "BlockType", "Title", "ContentJson", "SortOrder", "IsEnabled") VALUES ('d3c857e5-73a3-4bdb-99a7-6857e793028e', '91738c30-672e-4f26-b4cd-6a33efe809f0', 'intro', 'Giới thiệu', '{"title":"H\u01B0ng Y\u00EAn","subtitle":"Ph\u1ED1 Hi\u1EBFn s\u1EA7m u\u1EA5t m\u1ED9t th\u1EDDi","description":"H\u01B0ng Y\u00EAn g\u1EAFn li\u1EC1n v\u1EDBi Ph\u1ED1 Hi\u1EBFn c\u1ED5, v\u01B0\u1EDDn nh\u00E3n ng\u1ECDt l\u00E0nh v\u00E0 di s\u1EA3n v\u0103n h\u00F3a l\u00E2u \u0111\u1EDDi.","imageUrl":"/Images/am-thuc-viet-nam-2-1751938296.jpg"}', 2, true);
INSERT INTO public."UIBlocks" ("Id", "LandingPageConfigId", "BlockType", "Title", "ContentJson", "SortOrder", "IsEnabled") VALUES ('c6e0856e-5193-4553-983d-575e6d8bb8a1', 'a0898553-87df-482e-9c7b-79cfea9cd5ca', 'specialties', 'Đặc sản', '{"title":"\u0110\u1EB7c s\u1EA3n","items":[{"name":"B\u00E1nh \u00EDt l\u00E1 gai","description":"D\u1EBBo th\u01A1m, nh\u00E2n \u0111\u1EADu xanh.","origin":"\u0110\u00F4ng H\u00E0","image":"/Images/am-thuc-viet-nam-2-1751938296.jpg"},{"name":"Ch\u00E1o v\u1EA1t gi\u01B0\u1EDDng","description":"\u0110\u1EADm v\u1ECB c\u00E1 l\u00F3c v\u00E0 rau th\u01A1m.","origin":"Tri\u1EC7u Phong","image":"/Images/pho-bo-ha-noi.jpeg"},{"name":"H\u1EA3i s\u1EA3n C\u1EEDa T\u00F9ng","description":"T\u01B0\u01A1i ngon v\u00F9ng bi\u1EC3n mi\u1EC1n Trung.","origin":"C\u1EEDa T\u00F9ng","image":"/Images/nha-hang-hai-san-nha-trang.jpg"}]}', 5, true);
INSERT INTO public."UIBlocks" ("Id", "LandingPageConfigId", "BlockType", "Title", "ContentJson", "SortOrder", "IsEnabled") VALUES ('c9563336-97a8-4cb4-9e34-9c0bc95be661', '9b56b993-1de8-456e-93db-d1539f87df9a', 'gallery', 'Thư viện ảnh', '{"title":"Th\u01B0 vi\u1EC7n \u1EA3nh","images":["/Images/homepage.png","/Images/am-thuc-viet-nam-2-1751938296.jpg","/Images/pho-bo-ha-noi.jpeg","/Images/nha-hang-hai-san-nha-trang.jpg","/Images/dsvn-vinh-ha-long.png","/Images/caphethainguyen.jpg"]}', 8, true);
INSERT INTO public."UIBlocks" ("Id", "LandingPageConfigId", "BlockType", "Title", "ContentJson", "SortOrder", "IsEnabled") VALUES ('ca1519ef-1343-4339-966d-f32f08e25ffa', 'fbf20626-8e36-47b7-afdb-e58a61cf46cc', 'tourism', 'Du lịch', '{"title":"Du l\u1ECBch","items":[{"name":"V\u01B0\u1EDDn qu\u1ED1c gia Tr\u00E0m Chim","description":"Khu sinh th\u00E1i ng\u1EADp n\u01B0\u1EDBc n\u1ED5i ti\u1EBFng.","origin":"","image":"/Images/dsvn-vinh-ha-long.png"},{"name":"L\u00E0ng hoa Sa \u0110\u00E9c","description":"Thi\u00EAn \u0111\u01B0\u1EDDng hoa r\u1EF1c r\u1EE1.","origin":"","image":"/Images/homepage.png"},{"name":"\u0110\u1ED3ng sen","description":"Khung c\u1EA3nh sen n\u1EDF th\u01A1 m\u1ED9ng.","origin":"","image":"/Images/homepage.png"}]}', 6, true);
INSERT INTO public."UIBlocks" ("Id", "LandingPageConfigId", "BlockType", "Title", "ContentJson", "SortOrder", "IsEnabled") VALUES ('cadc47a1-ddca-41cb-b714-fcb1abc4fafa', '32dac492-b222-46f7-97e0-268a77f48d04', 'specialties', 'Đặc sản', '{"title":"\u0110\u1EB7c s\u1EA3n","items":[{"name":"B\u00FAn c\u00E1 Nha Trang","description":"N\u01B0\u1EDBc d\u00F9ng thanh, c\u00E1 t\u01B0\u01A1i ng\u1ECDt.","origin":"Nha Trang","image":"/Images/nha-hang-hai-san-nha-trang.jpg"},{"name":"Nem n\u01B0\u1EDBng","description":"Nem th\u01A1m, \u0103n k\u00E8m b\u00E1nh tr\u00E1ng.","origin":"Ninh H\u00F2a","image":"/Images/am-thuc-viet-nam-2-1751938296.jpg"},{"name":"Y\u1EBFn s\u00E0o","description":"\u0110\u1EB7c s\u1EA3n qu\u00FD c\u1EE7a v\u00F9ng bi\u1EC3n.","origin":"\u0110\u1EA3o y\u1EBFn","image":"/Images/homepage.png"}]}', 5, true);
INSERT INTO public."UIBlocks" ("Id", "LandingPageConfigId", "BlockType", "Title", "ContentJson", "SortOrder", "IsEnabled") VALUES ('cb2df5fa-9e26-4982-9d5e-f9d3764e5a1c', 'a0c1130a-49cd-4e4b-ac5f-c5136f773494', 'highlights', 'Điểm nhấn', '{"title":"\u0110i\u1EC3m nh\u1EA5n","description":"V\u00F9ng \u0111\u1EA5t l\u1ECBch s\u1EED v\u1EDBi n\u00FAi r\u1EEBng h\u00F9ng v\u0129, l\u1EC5 h\u1ED9i \u0111\u00E8n Trung thu \u0111\u1ED9c \u0111\u00E1o.","items":[]}', 4, true);
INSERT INTO public."UIBlocks" ("Id", "LandingPageConfigId", "BlockType", "Title", "ContentJson", "SortOrder", "IsEnabled") VALUES ('ccdfd4cd-4320-47b8-99b0-ceae172ed3dd', '95217ac6-6bd0-4853-be23-1775976d20be', 'richText', 'Nội dung', '{"html":""}', 3, true);
INSERT INTO public."UIBlocks" ("Id", "LandingPageConfigId", "BlockType", "Title", "ContentJson", "SortOrder", "IsEnabled") VALUES ('cd056a46-0359-42a1-8082-87b6c10fb7b5', 'b72dc5c2-0ff4-4eb5-87da-c6a07fb20711', 'tourism', 'Du lịch', '{"title":"Du l\u1ECBch","items":[{"name":"Nh\u00E0 th\u1EDD \u0110\u1EE9c B\u00E0","description":"Bi\u1EC3u t\u01B0\u1EE3ng ki\u1EBFn tr\u00FAc Ph\u00E1p gi\u1EEFa trung t\u00E2m th\u00E0nh ph\u1ED1.","origin":"","image":"/Images/homepage.png"},{"name":"B\u01B0u \u0111i\u1EC7n Trung t\u00E2m","description":"Kh\u00F4ng gian c\u1ED5 k\u00EDnh v\u1EDBi h\u01A1i th\u1EDF th\u1EDDi thu\u1ED9c \u0111\u1ECBa.","origin":"","image":"/Images/dsvh-hoang-thanh-thang-long.png"},{"name":"Ph\u1ED1 \u0111i b\u1ED9 Nguy\u1EC5n Hu\u1EC7","description":"Trung t\u00E2m l\u1EC5 h\u1ED9i v\u00E0 v\u0103n h\u00F3a \u0111\u01B0\u01A1ng \u0111\u1EA1i c\u1EE7a S\u00E0i G\u00F2n.","origin":"","image":"/Images/am-thuc-viet-nam-2-1751938296.jpg"}]}', 6, true);
INSERT INTO public."UIBlocks" ("Id", "LandingPageConfigId", "BlockType", "Title", "ContentJson", "SortOrder", "IsEnabled") VALUES ('cd27727c-cb5d-4653-8d67-33726f182c16', '91738c30-672e-4f26-b4cd-6a33efe809f0', 'specialties', 'Đặc sản', '{"title":"\u0110\u1EB7c s\u1EA3n","items":[{"name":"Nh\u00E3n l\u1ED3ng","description":"Qu\u1EA3 nh\u00E3n th\u01A1m ng\u1ECDt n\u1ED5i ti\u1EBFng.","origin":"Ph\u1ED1 Hi\u1EBFn","image":"/Images/homepage.png"},{"name":"B\u00E1nh cu\u1ED1n Ph\u00FA Th\u1ECB","description":"M\u1ECFng m\u1EC1m, ch\u1EA5m n\u01B0\u1EDBc m\u1EAFm th\u01A1m.","origin":"V\u0103n L\u00E2m","image":"/Images/pho-bo-ha-noi.jpeg"},{"name":"Ch\u00E8 sen","description":"Thanh m\u00E1t, tinh t\u1EBF.","origin":"Ti\u00EAn L\u1EEF","image":"/Images/am-thuc-viet-nam-2-1751938296.jpg"}]}', 5, true);
INSERT INTO public."UIBlocks" ("Id", "LandingPageConfigId", "BlockType", "Title", "ContentJson", "SortOrder", "IsEnabled") VALUES ('cd330932-8f43-45cc-8938-a8a468d3830a', 'bea7bd5c-5648-47bf-b83e-8ae1a6ea8f52', 'richText', 'Nội dung', '{"html":""}', 3, true);
INSERT INTO public."UIBlocks" ("Id", "LandingPageConfigId", "BlockType", "Title", "ContentJson", "SortOrder", "IsEnabled") VALUES ('cec5c783-793e-4124-bc59-84c47a0bc11e', '3624d8fe-50cb-4396-9cbd-e1fafe8a0c55', 'tourism', 'Du lịch', '{"title":"Du l\u1ECBch","items":[{"name":"Sa Pa","description":"Thi\u00EAn \u0111\u01B0\u1EDDng ngh\u1EC9 d\u01B0\u1EE1ng tr\u00EAn m\u00E2y.","origin":"","image":"/Images/homepage.png"},{"name":"Fansipan","description":"N\u00F3c nh\u00E0 \u0110\u00F4ng D\u01B0\u01A1ng h\u00F9ng v\u0129.","origin":"","image":"/Images/dsvn-vinh-ha-long.png"},{"name":"Ch\u1EE3 B\u1EAFc H\u00E0","description":"Phi\u00EAn ch\u1EE3 s\u1EAFc m\u00E0u v\u00F9ng cao.","origin":"","image":"/Images/am-thuc-viet-nam-2-1751938296.jpg"}]}', 6, true);
INSERT INTO public."UIBlocks" ("Id", "LandingPageConfigId", "BlockType", "Title", "ContentJson", "SortOrder", "IsEnabled") VALUES ('cfde6501-98ed-4164-b78c-34dff394f2ef', '5391103c-b6fd-464c-a93b-6d6b4e4ea27e', 'tourism', 'Du lịch', '{"title":"Du l\u1ECBch","items":[{"name":"Cao nguy\u00EAn M\u1ED9c Ch\u00E2u","description":"Th\u1EA3o nguy\u00EAn xanh m\u00E1t quanh n\u0103m.","origin":"","image":"/Images/homepage.png"},{"name":"\u0110\u1ED3i ch\u00E8 M\u1ED9c Ch\u00E2u","description":"\u0110\u1ED3i ch\u00E8 tr\u1EA3i d\u00E0i b\u1EA1t ng\u00E0n.","origin":"","image":"/Images/caphethainguyen.jpg"},{"name":"Ng\u0169 \u0111\u1ED9ng B\u1EA3n \u00D4n","description":"Hang \u0111\u1ED9ng \u0111\u1EB9p gi\u1EEFa n\u00FAi.","origin":"","image":"/Images/dsvn-vinh-ha-long.png"}]}', 6, true);
INSERT INTO public."UIBlocks" ("Id", "LandingPageConfigId", "BlockType", "Title", "ContentJson", "SortOrder", "IsEnabled") VALUES ('d05564cb-111e-4f98-b90f-2f62ca62e6e0', 'dc7a6704-0e6c-46da-8b28-8ceceaa9afc3', 'tourism', 'Du lịch', '{"title":"Du l\u1ECBch","items":[{"name":"\u0110\u1ED3i A1","description":"Di t\u00EDch chi\u1EBFn th\u1EAFng \u0110i\u1EC7n Bi\u00EAn Ph\u1EE7.","origin":"","image":"/Images/dsvh-hoang-thanh-thang-long.png"},{"name":"H\u1ED3 P\u00E1 Khoang","description":"H\u1ED3 n\u01B0\u1EDBc trong xanh gi\u1EEFa n\u00FAi.","origin":"","image":"/Images/homepage.png"},{"name":"C\u00E1nh \u0111\u1ED3ng M\u01B0\u1EDDng Thanh","description":"C\u00E1nh \u0111\u1ED3ng l\u1EDBn nh\u1EA5t T\u00E2y B\u1EAFc.","origin":"","image":"/Images/homepage.png"}]}', 6, true);
INSERT INTO public."UIBlocks" ("Id", "LandingPageConfigId", "BlockType", "Title", "ContentJson", "SortOrder", "IsEnabled") VALUES ('d0f46f80-6dbc-42bc-a53b-5d150e354a44', 'e7b72a1a-57dc-4dec-80eb-b4eead5f8989', 'cta', 'CTA', '{}', 9, true);
INSERT INTO public."UIBlocks" ("Id", "LandingPageConfigId", "BlockType", "Title", "ContentJson", "SortOrder", "IsEnabled") VALUES ('d124805c-4bf7-4b61-8680-bb97012eaaa2', '3624d8fe-50cb-4396-9cbd-e1fafe8a0c55', 'intro', 'Giới thiệu', '{"title":"L\u00E0o Cai","subtitle":"S\u1EAFc m\u00E0u T\u00E2y B\u1EAFc v\u00E0 m\u00E2y tr\u1EDDi Sa Pa","description":"V\u00F9ng cao T\u00E2y B\u1EAFc v\u1EDBi ru\u1ED9ng b\u1EADc thang, kh\u00ED h\u1EADu m\u00E1t l\u1EA1nh v\u00E0 v\u0103n h\u00F3a \u0111a s\u1EAFc t\u1ED9c.","imageUrl":"/Images/caphethainguyen.jpg"}', 2, true);
INSERT INTO public."UIBlocks" ("Id", "LandingPageConfigId", "BlockType", "Title", "ContentJson", "SortOrder", "IsEnabled") VALUES ('d15ad1bc-95a9-4871-8880-5c07cd28dbff', 'e9ba48d1-463b-437a-8560-a1a923e851a4', 'cta', 'CTA', '{}', 9, true);
INSERT INTO public."UIBlocks" ("Id", "LandingPageConfigId", "BlockType", "Title", "ContentJson", "SortOrder", "IsEnabled") VALUES ('d22d3164-b317-4070-90d7-3d06f93b7ced', '32dac492-b222-46f7-97e0-268a77f48d04', 'tourism', 'Du lịch', '{"title":"Du l\u1ECBch","items":[{"name":"V\u1ECBnh Nha Trang","description":"M\u1ED9t trong nh\u1EEFng v\u1ECBnh \u0111\u1EB9p nh\u1EA5t th\u1EBF gi\u1EDBi.","origin":"","image":"/Images/nha-hang-hai-san-nha-trang.jpg"},{"name":"\u0110\u1EA3o H\u00F2n Mun","description":"Thi\u00EAn \u0111\u01B0\u1EDDng l\u1EB7n bi\u1EC3n.","origin":"","image":"/Images/dsvn-vinh-ha-long.png"},{"name":"Th\u00E1p B\u00E0 Ponagar","description":"Di t\u00EDch v\u0103n h\u00F3a Ch\u0103m.","origin":"","image":"/Images/dsvh-hoang-thanh-thang-long.png"}]}', 6, true);
INSERT INTO public."UIBlocks" ("Id", "LandingPageConfigId", "BlockType", "Title", "ContentJson", "SortOrder", "IsEnabled") VALUES ('d24925b9-f527-434a-85be-bfb810f808f1', 'c91950d4-30f2-4094-b84e-8aa09dd34bd3', 'cta', 'CTA', '{}', 9, true);
INSERT INTO public."UIBlocks" ("Id", "LandingPageConfigId", "BlockType", "Title", "ContentJson", "SortOrder", "IsEnabled") VALUES ('d54257bd-2cd8-4a38-9459-19e0787debf1', '0012bda7-11e7-4bb0-bbad-d5515cdbb94e', 'hero', 'Gia Lai', '{"title":"Gia Lai","subtitle":"Cao nguy\u00EAn \u0111\u1EA1i ng\u00E0n v\u00E0 h\u1ED3 n\u01B0\u1EDBc xanh","description":"Gia Lai mang v\u1EBB \u0111\u1EB9p hoang s\u01A1 c\u1EE7a n\u00FAi r\u1EEBng T\u00E2y Nguy\u00EAn, v\u0103n h\u00F3a c\u1ED3ng chi\u00EAng v\u00E0 c\u00E0 ph\u00EA th\u01A1m.","imageUrl":"/Images/caphethainguyen.jpg"}', 1, true);
INSERT INTO public."UIBlocks" ("Id", "LandingPageConfigId", "BlockType", "Title", "ContentJson", "SortOrder", "IsEnabled") VALUES ('d6f53314-2b06-40db-aa1d-86c0b2050f16', '3f1a922d-8752-49c4-841d-1687c508d91a', 'specialties', 'Đặc sản', '{"title":"\u0110\u1EB7c s\u1EA3n","items":[{"name":"G\u1ECFi c\u00E1 Bi\u00EAn H\u00F2a","description":"V\u1ECB chua cay h\u00E0i h\u00F2a.","origin":"Bi\u00EAn H\u00F2a","image":"/Images/nha-hang-hai-san-nha-trang.jpg"},{"name":"B\u01B0\u1EDFi T\u00E2n Tri\u1EC1u","description":"Tr\u00E1i c\u00E2y \u0111\u1EB7c s\u1EA3n ng\u1ECDt thanh.","origin":"V\u0129nh C\u1EEDu","image":"/Images/homepage.png"},{"name":"L\u1EA9u l\u00E1 kh\u1ED5 qua","description":"M\u00F3n \u0103n thanh m\u00E1t \u0111\u1EB7c tr\u01B0ng.","origin":"\u0110\u1ED3ng Nai","image":"/Images/pho-bo-ha-noi.jpeg"}]}', 5, true);
INSERT INTO public."UIBlocks" ("Id", "LandingPageConfigId", "BlockType", "Title", "ContentJson", "SortOrder", "IsEnabled") VALUES ('d8f573d9-0430-4f71-a142-4b7dbdc4fca1', '32dac492-b222-46f7-97e0-268a77f48d04', 'gallery', 'Thư viện ảnh', '{"title":"Th\u01B0 vi\u1EC7n \u1EA3nh","images":["/Images/nha-hang-hai-san-nha-trang.jpg","/Images/dsvn-vinh-ha-long.png","/Images/homepage.png","/Images/am-thuc-viet-nam-2-1751938296.jpg","/Images/pho-bo-ha-noi.jpeg","/Images/caphethainguyen.jpg"]}', 8, true);
INSERT INTO public."UIBlocks" ("Id", "LandingPageConfigId", "BlockType", "Title", "ContentJson", "SortOrder", "IsEnabled") VALUES ('d93c0df1-7e9e-4aa3-983d-707fe3420a0d', '1ffffa41-f0aa-4718-86e8-6f841dbc1546', 'intro', 'Giới thiệu', '{"title":"Th\u00E1i Nguy\u00EAn","subtitle":"H\u01B0\u01A1ng tr\u00E0 xanh ng\u00E1t gi\u1EEFa v\u00F9ng trung du","description":"V\u00F9ng \u0111\u1EA5t trung du n\u1ED5i ti\u1EBFng v\u1EDBi ch\u00E8 th\u01A1m, \u0111\u1ED3i n\u00FAi tr\u00F9ng \u0111i\u1EC7p v\u00E0 l\u1ECBch s\u1EED c\u00E1ch m\u1EA1ng.","imageUrl":"/Images/caphethainguyen.jpg"}', 2, true);
INSERT INTO public."UIBlocks" ("Id", "LandingPageConfigId", "BlockType", "Title", "ContentJson", "SortOrder", "IsEnabled") VALUES ('d9430646-e02c-4669-b385-5735fe838063', 'c91950d4-30f2-4094-b84e-8aa09dd34bd3', 'intro', 'Giới thiệu', '{"title":"Ninh B\u00ECnh","subtitle":"Non n\u01B0\u1EDBc h\u1EEFu t\u00ECnh \u0111\u1EA5t c\u1ED1 \u0111\u00F4","description":"Ninh B\u00ECnh n\u1ED5i b\u1EADt v\u1EDBi qu\u1EA7n th\u1EC3 Tr\u00E0ng An, c\u1ED1 \u0111\u00F4 Hoa L\u01B0 v\u00E0 c\u1EA3nh s\u1EAFc thi\u00EAn nhi\u00EAn tuy\u1EC7t m\u1EF9.","imageUrl":"/Images/homepage.png"}', 2, true);
INSERT INTO public."UIBlocks" ("Id", "LandingPageConfigId", "BlockType", "Title", "ContentJson", "SortOrder", "IsEnabled") VALUES ('d973649e-edcd-435f-84ad-a910a685fc0b', '08d8b08d-84ce-42d8-891b-6fc4f9046038', 'highlights', 'Điểm nhấn', '{"title":"\u0110i\u1EC3m nh\u1EA5n","description":"Lai Ch\u00E2u s\u1EDF h\u1EEFu n\u00FAi non h\u00F9ng v\u0129, ru\u1ED9ng b\u1EADc thang v\u00E0 v\u0103n h\u00F3a d\u00E2n t\u1ED9c \u0111a d\u1EA1ng.","items":[]}', 4, true);
INSERT INTO public."UIBlocks" ("Id", "LandingPageConfigId", "BlockType", "Title", "ContentJson", "SortOrder", "IsEnabled") VALUES ('d9ff57ca-0d91-42d1-98d7-5aafcacfee8c', 'f9f5ce75-1f32-415b-b07c-9138bdad3add', 'hero', 'Hải Phòng', '{"title":"H\u1EA3i Ph\u00F2ng","subtitle":"Th\u00E0nh ph\u1ED1 c\u1EA3ng r\u1EF1c r\u1EE1 s\u1EAFc bi\u1EC3n","description":"Th\u00E0nh ph\u1ED1 hoa ph\u01B0\u1EE3ng \u0111\u1ECF mang h\u01A1i th\u1EDF bi\u1EC3n c\u1EA3, \u1EA9m th\u1EF1c h\u1EA3i s\u1EA3n phong ph\u00FA v\u00E0 ki\u1EBFn tr\u00FAc Ph\u00E1p c\u1ED5.","imageUrl":"/Images/dsvn-vinh-ha-long.png"}', 1, true);
INSERT INTO public."UIBlocks" ("Id", "LandingPageConfigId", "BlockType", "Title", "ContentJson", "SortOrder", "IsEnabled") VALUES ('dae321a0-5c3d-4ede-970d-d1efc3d2e6b1', 'a0898553-87df-482e-9c7b-79cfea9cd5ca', 'intro', 'Giới thiệu', '{"title":"Qu\u1EA3ng Tr\u1ECB","subtitle":"Mi\u1EC1n \u0111\u1EA5t l\u1ECBch s\u1EED b\u00EAn d\u00F2ng B\u1EBFn H\u1EA3i","description":"Qu\u1EA3ng Tr\u1ECB ghi d\u1EA5u l\u1ECBch s\u1EED h\u00E0o h\u00F9ng, c\u1EA3nh quan bi\u1EC3n v\u00E0 nh\u1EEFng di t\u00EDch chi\u1EBFn tranh.","imageUrl":"/Images/nha-hang-hai-san-nha-trang.jpg"}', 2, true);
INSERT INTO public."UIBlocks" ("Id", "LandingPageConfigId", "BlockType", "Title", "ContentJson", "SortOrder", "IsEnabled") VALUES ('dc548a42-2c04-4a04-82cb-63b272ac5254', '0012bda7-11e7-4bb0-bbad-d5515cdbb94e', 'culture', 'Văn hóa', '{"title":"V\u0103n h\u00F3a","items":[{"name":"Kh\u00F4ng gian c\u1ED3ng chi\u00EAng","description":"Di s\u1EA3n v\u0103n h\u00F3a T\u00E2y Nguy\u00EAn.","origin":"","image":"/Images/homepage.png"},{"name":"L\u1EC5 h\u1ED9i m\u1EEBng l\u00FAa m\u1EDBi","description":"Nghi l\u1EC5 \u0111\u1EB7c tr\u01B0ng c\u1EE7a ng\u01B0\u1EDDi Jrai.","origin":"","image":"/Images/am-thuc-viet-nam-2-1751938296.jpg"}]}', 7, true);
INSERT INTO public."UIBlocks" ("Id", "LandingPageConfigId", "BlockType", "Title", "ContentJson", "SortOrder", "IsEnabled") VALUES ('dcf28001-1027-4bec-92c8-4b3543979073', 'f9f5ce75-1f32-415b-b07c-9138bdad3add', 'tourism', 'Du lịch', '{"title":"Du l\u1ECBch","items":[{"name":"\u0110\u1EA3o C\u00E1t B\u00E0","description":"Thi\u00EAn \u0111\u01B0\u1EDDng ngh\u1EC9 d\u01B0\u1EE1ng v\u1EDBi r\u1EEBng qu\u1ED1c gia v\u00E0 bi\u1EC3n xanh.","origin":"","image":"/Images/dsvn-vinh-ha-long.png"},{"name":"B\u00E3i bi\u1EC3n \u0110\u1ED3 S\u01A1n","description":"\u0110i\u1EC3m \u0111\u1EBFn bi\u1EC3n n\u1ED5i ti\u1EBFng mi\u1EC1n B\u1EAFc.","origin":"","image":"/Images/homepage.png"},{"name":"Nh\u00E0 h\u00E1t l\u1EDBn H\u1EA3i Ph\u00F2ng","description":"D\u1EA5u \u1EA5n ki\u1EBFn tr\u00FAc Ph\u00E1p c\u1ED5 gi\u1EEFa l\u00F2ng th\u00E0nh ph\u1ED1.","origin":"","image":"/Images/dsvh-hoang-thanh-thang-long.png"}]}', 6, true);
INSERT INTO public."UIBlocks" ("Id", "LandingPageConfigId", "BlockType", "Title", "ContentJson", "SortOrder", "IsEnabled") VALUES ('dd60e98d-27e9-4b51-8f02-d08f9dbf27e8', '064940c1-e7cb-4862-b789-1546c20686e5', 'tourism', 'Du lịch', '{"title":"Du l\u1ECBch","items":[{"name":"Ch\u1EE3 n\u1ED5i C\u00E1i R\u0103ng","description":"N\u00E9t v\u0103n h\u00F3a \u0111\u1EB7c tr\u01B0ng tr\u00EAn s\u00F4ng n\u01B0\u1EDBc.","origin":"","image":"/Images/homepage.png"},{"name":"B\u1EBFn Ninh Ki\u1EC1u","description":"Bi\u1EC3u t\u01B0\u1EE3ng c\u1EE7a C\u1EA7n Th\u01A1 v\u1EC1 \u0111\u00EAm.","origin":"","image":"/Images/dsvn-vinh-ha-long.png"},{"name":"V\u01B0\u1EDDn tr\u00E1i c\u00E2y","description":"Tr\u1EA3i nghi\u1EC7m mi\u1EC7t v\u01B0\u1EDDn xanh m\u00E1t.","origin":"","image":"/Images/am-thuc-viet-nam-2-1751938296.jpg"}]}', 6, true);
INSERT INTO public."UIBlocks" ("Id", "LandingPageConfigId", "BlockType", "Title", "ContentJson", "SortOrder", "IsEnabled") VALUES ('de955e00-2f80-430d-9bf0-5086e531afd0', '0e648962-314f-4e80-9b4e-1ef7a9c79827', 'specialties', 'Đặc sản', '{"title":"\u0110\u1EB7c s\u1EA3n","items":[{"name":"B\u00E1nh phu th\u00EA","description":"Ng\u1ECDt th\u01A1m, t\u01B0\u1EE3ng tr\u01B0ng cho h\u1EA1nh ph\u00FAc.","origin":"\u0110\u00ECnh B\u1EA3ng","image":"/Images/am-thuc-viet-nam-2-1751938296.jpg"},{"name":"Nem B\u00F9i","description":"Nem chua th\u01A1m m\u00F9i th\u00EDnh.","origin":"Thu\u1EADn Th\u00E0nh","image":"/Images/pho-bo-ha-noi.jpeg"},{"name":"Ch\u00E1o th\u00E1i \u0110\u00ECnh T\u1ED5","description":"M\u1EC1m m\u1ECBn, \u0111\u1EADm h\u01B0\u01A1ng v\u1ECB truy\u1EC1n th\u1ED1ng.","origin":"Y\u00EAn Phong","image":"/Images/nha-hang-hai-san-nha-trang.jpg"}]}', 5, true);
INSERT INTO public."UIBlocks" ("Id", "LandingPageConfigId", "BlockType", "Title", "ContentJson", "SortOrder", "IsEnabled") VALUES ('df0becbb-4713-4c22-874c-12d34376ab6b', 'c91950d4-30f2-4094-b84e-8aa09dd34bd3', 'culture', 'Văn hóa', '{"title":"V\u0103n h\u00F3a","items":[{"name":"L\u1EC5 h\u1ED9i Tr\u00E0ng An","description":"T\u00F4n vinh di s\u1EA3n v\u0103n h\u00F3a thi\u00EAn nhi\u00EAn.","origin":"","image":"/Images/homepage.png"},{"name":"L\u00E0ng \u0111\u00E1 m\u1EF9 ngh\u1EC7","description":"Ngh\u1EC1 truy\u1EC1n th\u1ED1ng l\u00E2u \u0111\u1EDDi.","origin":"","image":"/Images/am-thuc-viet-nam-2-1751938296.jpg"}]}', 7, true);
INSERT INTO public."UIBlocks" ("Id", "LandingPageConfigId", "BlockType", "Title", "ContentJson", "SortOrder", "IsEnabled") VALUES ('dfcc2b46-b9c4-4eac-bccb-d4a54bf79334', '012ebf8c-7289-4f59-88e4-14d56f871cd3', 'cta', 'CTA', '{}', 9, true);
INSERT INTO public."UIBlocks" ("Id", "LandingPageConfigId", "BlockType", "Title", "ContentJson", "SortOrder", "IsEnabled") VALUES ('e3fc74db-4c25-4f1b-925b-b5c0625585a2', 'fbf20626-8e36-47b7-afdb-e58a61cf46cc', 'highlights', 'Điểm nhấn', '{"title":"\u0110i\u1EC3m nh\u1EA5n","description":"\u0110\u1ED3ng Th\u00E1p n\u1ED5i ti\u1EBFng v\u1EDBi \u0111\u1ED3ng sen, v\u01B0\u1EDDn qu\u1ED1c gia Tr\u00E0m Chim v\u00E0 \u1EA9m th\u1EF1c d\u00E2n d\u00E3.","items":[]}', 4, true);
INSERT INTO public."UIBlocks" ("Id", "LandingPageConfigId", "BlockType", "Title", "ContentJson", "SortOrder", "IsEnabled") VALUES ('e435c982-38e9-4221-abca-575e904b4980', '3f1a922d-8752-49c4-841d-1687c508d91a', 'highlights', 'Điểm nhấn', '{"title":"\u0110i\u1EC3m nh\u1EA5n","description":"\u0110\u1ED3ng Nai s\u1EDF h\u1EEFu khu d\u1EF1 tr\u1EEF sinh quy\u1EC3n, tr\u00E1i c\u00E2y phong ph\u00FA v\u00E0 kh\u00F4ng gian xanh r\u1ED9ng l\u1EDBn.","items":[]}', 4, true);
INSERT INTO public."UIBlocks" ("Id", "LandingPageConfigId", "BlockType", "Title", "ContentJson", "SortOrder", "IsEnabled") VALUES ('e4a223a0-e048-4829-a136-e75f060b8e78', 'a0c1130a-49cd-4e4b-ac5f-c5136f773494', 'richText', 'Nội dung', '{"html":""}', 3, true);
INSERT INTO public."UIBlocks" ("Id", "LandingPageConfigId", "BlockType", "Title", "ContentJson", "SortOrder", "IsEnabled") VALUES ('e525f7e5-1851-4157-a1c9-dc889f70ec71', 'e9ba48d1-463b-437a-8560-a1a923e851a4', 'intro', 'Giới thiệu', '{"title":"L\u1EA1ng S\u01A1n","subtitle":"X\u1EE9 L\u1EA1ng th\u01A1 m\u1ED9ng n\u01A1i c\u1EEDa kh\u1EA9u","description":"L\u1EA1ng S\u01A1n n\u1ED5i ti\u1EBFng v\u1EDBi n\u00FAi \u0111\u00E1, ch\u1EE3 bi\u00EAn gi\u1EDBi v\u00E0 \u1EA9m th\u1EF1c v\u1ECBt quay.","imageUrl":"/Images/am-thuc-viet-nam-2-1751938296.jpg"}', 2, true);
INSERT INTO public."UIBlocks" ("Id", "LandingPageConfigId", "BlockType", "Title", "ContentJson", "SortOrder", "IsEnabled") VALUES ('e59e5d4a-3206-48d2-bb2b-063dd774e65b', 'bfa932c4-b1fe-4596-a714-55b6822e10fc', 'intro', 'Giới thiệu', '{"title":"Ph\u00FA Th\u1ECD","subtitle":"\u0110\u1EA5t t\u1ED5 c\u1ED9i ngu\u1ED3n d\u00E2n t\u1ED9c","description":"Qu\u00EA h\u01B0\u01A1ng vua H\u00F9ng v\u1EDBi di s\u1EA3n v\u0103n h\u00F3a s\u00E2u s\u1EAFc, l\u1EC5 h\u1ED9i truy\u1EC1n th\u1ED1ng v\u00E0 l\u00E0n \u0111i\u1EC7u d\u00E2n ca.","imageUrl":"/Images/am-thuc-viet-nam-2-1751938296.jpg"}', 2, true);
INSERT INTO public."UIBlocks" ("Id", "LandingPageConfigId", "BlockType", "Title", "ContentJson", "SortOrder", "IsEnabled") VALUES ('e6c20f3c-8bdc-44a7-8b7d-0d2775b1682f', '3f1a922d-8752-49c4-841d-1687c508d91a', 'cta', 'CTA', '{}', 9, true);
INSERT INTO public."UIBlocks" ("Id", "LandingPageConfigId", "BlockType", "Title", "ContentJson", "SortOrder", "IsEnabled") VALUES ('e97f3a31-e326-467c-8599-2187f0134930', '7c89f9c2-efe6-41ed-8112-d9522cdd821e', 'tourism', 'Du lịch', '{"title":"Du l\u1ECBch","items":[{"name":"Th\u00E0nh nh\u00E0 H\u1ED3","description":"Di s\u1EA3n th\u1EBF gi\u1EDBi v\u1EDBi ki\u1EBFn tr\u00FAc \u0111\u00E1.","origin":"","image":"/Images/dsvh-hoang-thanh-thang-long.png"},{"name":"Bi\u1EC3n S\u1EA7m S\u01A1n","description":"B\u00E3i bi\u1EC3n n\u1ED5i ti\u1EBFng mi\u1EC1n B\u1EAFc.","origin":"","image":"/Images/homepage.png"},{"name":"Su\u1ED1i c\u00E1 C\u1EA9m L\u01B0\u01A1ng","description":"K\u1EF3 quan thi\u00EAn nhi\u00EAn \u0111\u1ED9c \u0111\u00E1o.","origin":"","image":"/Images/dsvn-vinh-ha-long.png"}]}', 6, true);
INSERT INTO public."UIBlocks" ("Id", "LandingPageConfigId", "BlockType", "Title", "ContentJson", "SortOrder", "IsEnabled") VALUES ('e9f0908c-99fc-4733-9c40-9023cdfe3a9a', '012ebf8c-7289-4f59-88e4-14d56f871cd3', 'gallery', 'Thư viện ảnh', '{"title":"Th\u01B0 vi\u1EC7n \u1EA3nh","images":["/Images/homepage.png","/Images/am-thuc-viet-nam-2-1751938296.jpg","/Images/pho-bo-ha-noi.jpeg","/Images/nha-hang-hai-san-nha-trang.jpg","/Images/dsvn-vinh-ha-long.png","/Images/caphethainguyen.jpg"]}', 8, true);
INSERT INTO public."UIBlocks" ("Id", "LandingPageConfigId", "BlockType", "Title", "ContentJson", "SortOrder", "IsEnabled") VALUES ('ea29564a-3965-46ad-9db4-22127ce6fb41', 'f6d1a4be-05a9-4446-a61a-e1d8e22febf3', 'richText', 'Nội dung', '{"html":""}', 3, true);
INSERT INTO public."UIBlocks" ("Id", "LandingPageConfigId", "BlockType", "Title", "ContentJson", "SortOrder", "IsEnabled") VALUES ('ea5680d4-e85c-48d7-bb41-c00a209ecf56', '26ebd324-9556-443f-bb8a-d1ac367db405', 'richText', 'Nội dung', '{"html":""}', 3, true);
INSERT INTO public."UIBlocks" ("Id", "LandingPageConfigId", "BlockType", "Title", "ContentJson", "SortOrder", "IsEnabled") VALUES ('ea96300a-18a0-441f-b22d-996698340b77', '3624d8fe-50cb-4396-9cbd-e1fafe8a0c55', 'culture', 'Văn hóa', '{"title":"V\u0103n h\u00F3a","items":[{"name":"L\u1EC5 h\u1ED9i G\u1EA7u T\u00E0o","description":"N\u00E9t v\u0103n h\u00F3a \u0111\u1EB7c s\u1EAFc c\u1EE7a ng\u01B0\u1EDDi M\u00F4ng.","origin":"","image":"/Images/homepage.png"},{"name":"Ch\u1EE3 t\u00ECnh Sa Pa","description":"Kh\u00F4ng gian giao l\u01B0u v\u0103n h\u00F3a.","origin":"","image":"/Images/am-thuc-viet-nam-2-1751938296.jpg"}]}', 7, true);
INSERT INTO public."UIBlocks" ("Id", "LandingPageConfigId", "BlockType", "Title", "ContentJson", "SortOrder", "IsEnabled") VALUES ('eac94776-26d0-43d2-b61e-8f2cf38db8ba', '9b56b993-1de8-456e-93db-d1539f87df9a', 'specialties', 'Đặc sản', '{"title":"\u0110\u1EB7c s\u1EA3n","items":[{"name":"K\u1EB9o cu \u0111\u01A1","description":"Ng\u1ECDt th\u01A1m v\u1ECB l\u1EA1c v\u00E0 m\u1EADt m\u00EDa.","origin":"H\u1ED3ng L\u0129nh","image":"/Images/am-thuc-viet-nam-2-1751938296.jpg"},{"name":"B\u00FAn b\u00F2 \u0110\u1EE9c Th\u1ECD","description":"N\u01B0\u1EDBc d\u00F9ng \u0111\u1EADm v\u1ECB.","origin":"\u0110\u1EE9c Th\u1ECD","image":"/Images/pho-bo-ha-noi.jpeg"},{"name":"M\u1EF1c nh\u1EA3y","description":"H\u1EA3i s\u1EA3n t\u01B0\u01A1i ngon.","origin":"Thi\u00EAn C\u1EA7m","image":"/Images/nha-hang-hai-san-nha-trang.jpg"}]}', 5, true);
INSERT INTO public."UIBlocks" ("Id", "LandingPageConfigId", "BlockType", "Title", "ContentJson", "SortOrder", "IsEnabled") VALUES ('ecf8ff8e-6b26-4c02-a51c-c66371b503ce', 'a0898553-87df-482e-9c7b-79cfea9cd5ca', 'hero', 'Quảng Trị', '{"title":"Qu\u1EA3ng Tr\u1ECB","subtitle":"Mi\u1EC1n \u0111\u1EA5t l\u1ECBch s\u1EED b\u00EAn d\u00F2ng B\u1EBFn H\u1EA3i","description":"Qu\u1EA3ng Tr\u1ECB ghi d\u1EA5u l\u1ECBch s\u1EED h\u00E0o h\u00F9ng, c\u1EA3nh quan bi\u1EC3n v\u00E0 nh\u1EEFng di t\u00EDch chi\u1EBFn tranh.","imageUrl":"/Images/homepage.png"}', 1, true);
INSERT INTO public."UIBlocks" ("Id", "LandingPageConfigId", "BlockType", "Title", "ContentJson", "SortOrder", "IsEnabled") VALUES ('ed1fc17e-5ad8-45bf-81e1-b91fcd4813d7', 'bea7bd5c-5648-47bf-b83e-8ae1a6ea8f52', 'intro', 'Giới thiệu', '{"title":"V\u0129nh Long","subtitle":"Mi\u1EC7t v\u01B0\u1EDDn tr\u00F9 ph\u00FA b\u00EAn s\u00F4ng Ti\u1EC1n","description":"V\u0129nh Long n\u1EB1m gi\u1EEFa s\u00F4ng Ti\u1EC1n v\u00E0 s\u00F4ng H\u1EADu, n\u1ED5i b\u1EADt v\u1EDBi v\u01B0\u1EDDn tr\u00E1i c\u00E2y v\u00E0 ch\u1EE3 n\u1ED5i.","imageUrl":"/Images/homepage.png"}', 2, true);
INSERT INTO public."UIBlocks" ("Id", "LandingPageConfigId", "BlockType", "Title", "ContentJson", "SortOrder", "IsEnabled") VALUES ('edf7c8e6-0e77-4663-b47e-2a28666b154e', '064940c1-e7cb-4862-b789-1546c20686e5', 'cta', 'CTA', '{}', 9, true);
INSERT INTO public."UIBlocks" ("Id", "LandingPageConfigId", "BlockType", "Title", "ContentJson", "SortOrder", "IsEnabled") VALUES ('ee8ca237-110b-49a0-a185-8d4a3b273359', '91738c30-672e-4f26-b4cd-6a33efe809f0', 'hero', 'Hưng Yên', '{"title":"H\u01B0ng Y\u00EAn","subtitle":"Ph\u1ED1 Hi\u1EBFn s\u1EA7m u\u1EA5t m\u1ED9t th\u1EDDi","description":"H\u01B0ng Y\u00EAn g\u1EAFn li\u1EC1n v\u1EDBi Ph\u1ED1 Hi\u1EBFn c\u1ED5, v\u01B0\u1EDDn nh\u00E3n ng\u1ECDt l\u00E0nh v\u00E0 di s\u1EA3n v\u0103n h\u00F3a l\u00E2u \u0111\u1EDDi.","imageUrl":"/Images/homepage.png"}', 1, true);
INSERT INTO public."UIBlocks" ("Id", "LandingPageConfigId", "BlockType", "Title", "ContentJson", "SortOrder", "IsEnabled") VALUES ('f01bef33-dbcf-42f6-a160-9a5af5b8647e', '69feca62-6b74-4ada-b926-bae806aebdab', 'gallery', 'Thư viện ảnh', '{"title":"Th\u01B0 vi\u1EC7n \u1EA3nh","images":["/Images/homepage.png","/Images/caphethainguyen.jpg","/Images/am-thuc-viet-nam-2-1751938296.jpg","/Images/pho-bo-ha-noi.jpeg","/Images/dsvn-vinh-ha-long.png","/Images/nha-hang-hai-san-nha-trang.jpg"]}', 8, true);
INSERT INTO public."UIBlocks" ("Id", "LandingPageConfigId", "BlockType", "Title", "ContentJson", "SortOrder", "IsEnabled") VALUES ('f02ced95-cd8a-4ad9-8dba-ae5255a08dd6', 'e7b72a1a-57dc-4dec-80eb-b4eead5f8989', 'gallery', 'Thư viện ảnh', '{"title":"Th\u01B0 vi\u1EC7n \u1EA3nh","images":["/Images/caphethainguyen.jpg","/Images/homepage.png","/Images/am-thuc-viet-nam-2-1751938296.jpg","/Images/nha-hang-hai-san-nha-trang.jpg","/Images/dsvn-vinh-ha-long.png","/Images/pho-bo-ha-noi.jpeg"]}', 8, true);
INSERT INTO public."UIBlocks" ("Id", "LandingPageConfigId", "BlockType", "Title", "ContentJson", "SortOrder", "IsEnabled") VALUES ('f4ffccfc-2d76-4f5f-ba5c-0a2bd3f543ee', 'b72dc5c2-0ff4-4eb5-87da-c6a07fb20711', 'richText', 'Nội dung', '{"html":""}', 3, true);
INSERT INTO public."UIBlocks" ("Id", "LandingPageConfigId", "BlockType", "Title", "ContentJson", "SortOrder", "IsEnabled") VALUES ('f5e41287-0cbb-4e9e-81db-cafd731c7503', '57ceb477-01a9-4145-8561-381fea2c9e62', 'specialties', 'Đặc sản', '{"title":"\u0110\u1EB7c s\u1EA3n","items":[{"name":"T\u1ECFi L\u00FD S\u01A1n","description":"T\u1ECFi th\u01A1m, v\u1ECB cay d\u1ECBu \u0111\u1EB7c tr\u01B0ng.","origin":"\u0110\u1EA3o L\u00FD S\u01A1n","image":"/Images/nha-hang-hai-san-nha-trang.jpg"},{"name":"C\u00E1 b\u1ED1ng s\u00F4ng Tr\u00E0","description":"C\u00E1 kho \u0111\u1EADm v\u1ECB, th\u1ECBt ch\u1EAFc.","origin":"S\u00F4ng Tr\u00E0","image":"/Images/am-thuc-viet-nam-2-1751938296.jpg"},{"name":"B\u00E1nh \u00EDt l\u00E1 gai","description":"M\u00F3n b\u00E1nh truy\u1EC1n th\u1ED1ng th\u01A1m ngon.","origin":"Qu\u1EA3ng Ng\u00E3i","image":"/Images/pho-bo-ha-noi.jpeg"}]}', 5, true);
INSERT INTO public."UIBlocks" ("Id", "LandingPageConfigId", "BlockType", "Title", "ContentJson", "SortOrder", "IsEnabled") VALUES ('fa162426-5260-45ba-97f5-61d202e5859d', 'e7b72a1a-57dc-4dec-80eb-b4eead5f8989', 'tourism', 'Du lịch', '{"title":"Du l\u1ECBch","items":[{"name":"H\u1ED3 Xu\u00E2n H\u01B0\u01A1ng","description":"Bi\u1EC3u t\u01B0\u1EE3ng th\u01A1 m\u1ED9ng c\u1EE7a \u0110\u00E0 L\u1EA1t.","origin":"","image":"/Images/homepage.png"},{"name":"\u0110\u1ED3i ch\u00E8 C\u1EA7u \u0110\u1EA5t","description":"\u0110\u1ED3i ch\u00E8 xanh b\u1EA1t ng\u00E0n.","origin":"","image":"/Images/caphethainguyen.jpg"},{"name":"Thung l\u0169ng T\u00ECnh Y\u00EAu","description":"\u0110i\u1EC3m \u0111\u1EBFn l\u00E3ng m\u1EA1n gi\u1EEFa r\u1EEBng th\u00F4ng.","origin":"","image":"/Images/dsvn-vinh-ha-long.png"}]}', 6, true);
INSERT INTO public."UIBlocks" ("Id", "LandingPageConfigId", "BlockType", "Title", "ContentJson", "SortOrder", "IsEnabled") VALUES ('fa6d3d52-ef57-429f-9e55-aeec53ab7387', '5391103c-b6fd-464c-a93b-6d6b4e4ea27e', 'intro', 'Giới thiệu', '{"title":"S\u01A1n La","subtitle":"M\u00F9a hoa ban n\u1EDF gi\u1EEFa n\u00FAi r\u1EEBng","description":"S\u01A1n La n\u1ED5i b\u1EADt v\u1EDBi cao nguy\u00EAn M\u1ED9c Ch\u00E2u, kh\u00ED h\u1EADu m\u00E1t m\u1EBB v\u00E0 v\u0103n h\u00F3a d\u00E2n t\u1ED9c phong ph\u00FA.","imageUrl":"/Images/caphethainguyen.jpg"}', 2, true);
INSERT INTO public."UIBlocks" ("Id", "LandingPageConfigId", "BlockType", "Title", "ContentJson", "SortOrder", "IsEnabled") VALUES ('fab2e8bd-c587-4346-b2a7-5037342c0a7b', 'bea7bd5c-5648-47bf-b83e-8ae1a6ea8f52', 'tourism', 'Du lịch', '{"title":"Du l\u1ECBch","items":[{"name":"C\u00F9 lao An B\u00ECnh","description":"Du l\u1ECBch mi\u1EC7t v\u01B0\u1EDDn y\u00EAn b\u00ECnh.","origin":"","image":"/Images/homepage.png"},{"name":"Ch\u1EE3 n\u1ED5i Tr\u00E0 \u00D4n","description":"N\u00E9t v\u0103n h\u00F3a giao th\u01B0\u01A1ng s\u00F4ng n\u01B0\u1EDBc.","origin":"","image":"/Images/dsvn-vinh-ha-long.png"},{"name":"L\u00F2 g\u1EA1ch Mang Th\u00EDt","description":"Di s\u1EA3n ki\u1EBFn tr\u00FAc \u0111\u1ED9c \u0111\u00E1o.","origin":"","image":"/Images/dsvh-hoang-thanh-thang-long.png"}]}', 6, true);
INSERT INTO public."UIBlocks" ("Id", "LandingPageConfigId", "BlockType", "Title", "ContentJson", "SortOrder", "IsEnabled") VALUES ('fad80859-dcca-46b3-b760-c1183df04fa6', '0012bda7-11e7-4bb0-bbad-d5515cdbb94e', 'cta', 'CTA', '{}', 9, true);
INSERT INTO public."UIBlocks" ("Id", "LandingPageConfigId", "BlockType", "Title", "ContentJson", "SortOrder", "IsEnabled") VALUES ('fb2f88f9-0a81-42ff-8183-1d4c923f050f', '08971e51-6a64-405f-9652-6092b94f15ee', 'tourism', 'Du lịch', '{"title":"Du l\u1ECBch","items":[{"name":"C\u1EA7u R\u1ED3ng","description":"Bi\u1EC3u t\u01B0\u1EE3ng ki\u1EBFn tr\u00FAc hi\u1EC7n \u0111\u1EA1i c\u1EE7a th\u00E0nh ph\u1ED1.","origin":"","image":"/Images/homepage.png"},{"name":"B\u00E0 N\u00E0 Hills","description":"Kh\u00F4ng gian ch\u00E2u \u00C2u tr\u00EAn \u0111\u1EC9nh n\u00FAi.","origin":"","image":"/Images/dsvn-vinh-ha-long.png"},{"name":"Bi\u1EC3n M\u1EF9 Kh\u00EA","description":"M\u1ED9t trong nh\u1EEFng b\u00E3i bi\u1EC3n \u0111\u1EB9p nh\u1EA5t ch\u00E2u \u00C1.","origin":"","image":"/Images/nha-hang-hai-san-nha-trang.jpg"}]}', 6, true);
INSERT INTO public."UIBlocks" ("Id", "LandingPageConfigId", "BlockType", "Title", "ContentJson", "SortOrder", "IsEnabled") VALUES ('fb4cc6c8-ce73-4e6c-8e90-79433e3fc12c', 'f9f5ce75-1f32-415b-b07c-9138bdad3add', 'highlights', 'Điểm nhấn', '{"title":"\u0110i\u1EC3m nh\u1EA5n","description":"Th\u00E0nh ph\u1ED1 hoa ph\u01B0\u1EE3ng \u0111\u1ECF mang h\u01A1i th\u1EDF bi\u1EC3n c\u1EA3, \u1EA9m th\u1EF1c h\u1EA3i s\u1EA3n phong ph\u00FA v\u00E0 ki\u1EBFn tr\u00FAc Ph\u00E1p c\u1ED5.","items":[]}', 4, true);
INSERT INTO public."UIBlocks" ("Id", "LandingPageConfigId", "BlockType", "Title", "ContentJson", "SortOrder", "IsEnabled") VALUES ('fba6da75-b77e-4c0d-b94d-0d092b3fd184', '5391103c-b6fd-464c-a93b-6d6b4e4ea27e', 'cta', 'CTA', '{}', 9, true);
INSERT INTO public."UIBlocks" ("Id", "LandingPageConfigId", "BlockType", "Title", "ContentJson", "SortOrder", "IsEnabled") VALUES ('fbaaf28e-16c6-4159-adea-674d9f8832e0', 'bfa932c4-b1fe-4596-a714-55b6822e10fc', 'specialties', 'Đặc sản', '{"title":"\u0110\u1EB7c s\u1EA3n","items":[{"name":"B\u00E1nh tai","description":"B\u00E1nh g\u1EA1o m\u1EC1m, nh\u00E2n th\u1ECBt \u0111\u1EADm \u0111\u00E0.","origin":"Vi\u1EC7t Tr\u00EC","image":"/Images/am-thuc-viet-nam-2-1751938296.jpg"},{"name":"C\u1ECD \u1ECFm","description":"M\u00F3n \u0103n d\u00E2n d\u00E3 v\u00F9ng trung du.","origin":"\u0110oan H\u00F9ng","image":"/Images/homepage.png"},{"name":"R\u00EAu \u0111\u00E1","description":"\u0110\u1EB7c s\u1EA3n hi\u1EBFm c\u1EE7a v\u00F9ng n\u00FAi.","origin":"Thanh S\u01A1n","image":"/Images/pho-bo-ha-noi.jpeg"}]}', 5, true);
INSERT INTO public."UIBlocks" ("Id", "LandingPageConfigId", "BlockType", "Title", "ContentJson", "SortOrder", "IsEnabled") VALUES ('fc294ed5-34cd-45c0-9e7a-8a87010e521f', 'b72dc5c2-0ff4-4eb5-87da-c6a07fb20711', 'gallery', 'Thư viện ảnh', '{"title":"Th\u01B0 vi\u1EC7n \u1EA3nh","images":["/Images/homepage.png","/Images/nha-hang-hai-san-nha-trang.jpg","/Images/am-thuc-viet-nam-2-1751938296.jpg","/Images/pho-bo-ha-noi.jpeg","/Images/dsvn-vinh-ha-long.png","/Images/caphethainguyen.jpg"]}', 8, true);
INSERT INTO public."UIBlocks" ("Id", "LandingPageConfigId", "BlockType", "Title", "ContentJson", "SortOrder", "IsEnabled") VALUES ('fd350ed6-f2ed-4db1-97ee-e37fe03b1412', '4ccc9128-d576-47a5-a83e-2916ee9c85cd', 'cta', 'CTA', '{}', 9, true);
INSERT INTO public."UIBlocks" ("Id", "LandingPageConfigId", "BlockType", "Title", "ContentJson", "SortOrder", "IsEnabled") VALUES ('fdad982d-4566-4050-a09a-489cbf18953c', '7c89f9c2-efe6-41ed-8112-d9522cdd821e', 'intro', 'Giới thiệu', '{"title":"Thanh H\u00F3a","subtitle":"\u0110\u1EA5t \u0111\u1ECBa linh v\u00E0 bi\u1EC3n xanh","description":"Thanh H\u00F3a h\u1ED9i t\u1EE5 di s\u1EA3n v\u0103n h\u00F3a, b\u00E3i bi\u1EC3n S\u1EA7m S\u01A1n v\u00E0 \u1EA9m th\u1EF1c phong ph\u00FA.","imageUrl":"/Images/am-thuc-viet-nam-2-1751938296.jpg"}', 2, true);
INSERT INTO public."UIBlocks" ("Id", "LandingPageConfigId", "BlockType", "Title", "ContentJson", "SortOrder", "IsEnabled") VALUES ('fe0ad83b-7027-4378-8b89-f3deb3465878', '012ebf8c-7289-4f59-88e4-14d56f871cd3', 'highlights', 'Điểm nhấn', '{"title":"\u0110i\u1EC3m nh\u1EA5n","description":"An Giang g\u1EAFn li\u1EC1n v\u1EDBi n\u00FAi C\u1EA5m, m\u00F9a n\u01B0\u1EDBc n\u1ED5i v\u00E0 v\u0103n h\u00F3a \u0111a d\u1EA1ng.","items":[]}', 4, true);
INSERT INTO public."UIBlocks" ("Id", "LandingPageConfigId", "BlockType", "Title", "ContentJson", "SortOrder", "IsEnabled") VALUES ('1b0686f9-9a90-4299-b8f5-93593199813a', 'ea60e856-409b-4b3b-935b-0561b939ad6e', 'richText', 'Nội dung', '{"html":""}', 3, true);
INSERT INTO public."UIBlocks" ("Id", "LandingPageConfigId", "BlockType", "Title", "ContentJson", "SortOrder", "IsEnabled") VALUES ('5b8c2e59-56bd-475d-806c-5e9b2017a9f1', 'ea60e856-409b-4b3b-935b-0561b939ad6e', 'culture', 'Văn hóa', '{"title":"V\u0103n h\u00F3a","items":[{"name":"L\u1EC5 h\u1ED9i Gi\u00F3ng","description":"L\u1EC5 h\u1ED9i truy\u1EC1n th\u1ED1ng t\u00F4n vinh tinh th\u1EA7n th\u01B0\u1EE3ng v\u00F5 v\u00E0 v\u0103n h\u00F3a Th\u0103ng Long.","origin":"","image":"/Images/homepage.png"},{"name":"L\u00E0ng ngh\u1EC1 B\u00E1t Tr\u00E0ng","description":"Kh\u00F4ng gian g\u1ED1m s\u1EE9 c\u1ED5 truy\u1EC1n k\u1EBFt h\u1EE3p s\u00E1ng t\u1EA1o \u0111\u01B0\u01A1ng \u0111\u1EA1i.","origin":"","image":"/Images/am-thuc-viet-nam-2-1751938296.jpg"}]}', 7, true);
INSERT INTO public."UIBlocks" ("Id", "LandingPageConfigId", "BlockType", "Title", "ContentJson", "SortOrder", "IsEnabled") VALUES ('fbabd2ae-77e1-43ce-a0ee-106d7d7bf2e9', 'ea60e856-409b-4b3b-935b-0561b939ad6e', 'cta', 'CTA', '{}', 9, true);
INSERT INTO public."UIBlocks" ("Id", "LandingPageConfigId", "BlockType", "Title", "ContentJson", "SortOrder", "IsEnabled") VALUES ('78179480-4e31-43ab-88d2-d8f68fa60e78', 'ea60e856-409b-4b3b-935b-0561b939ad6e', 'gallery', 'Thư viện ảnh', '{"title":"Th\u01B0 vi\u1EC7n \u1EA3nh","images":["/Images/pho-bo-ha-noi.jpeg","/Images/dsvh-hoang-thanh-thang-long.png","/Images/homepage.png","/Images/am-thuc-viet-nam-2-1751938296.jpg","/Images/nha-hang-hai-san-nha-trang.jpg","/Images/dsvn-vinh-ha-long.png"]}', 8, true);
INSERT INTO public."UIBlocks" ("Id", "LandingPageConfigId", "BlockType", "Title", "ContentJson", "SortOrder", "IsEnabled") VALUES ('839bcd16-c63a-47a0-9ad6-be00a11ef713', 'ea60e856-409b-4b3b-935b-0561b939ad6e', 'intro', 'Giới thiệu', '{"title":"H\u00E0 N\u1ED9i","subtitle":"H\u01B0\u01A1ng v\u1ECB ngh\u00ECn n\u0103m v\u0103n hi\u1EBFn","description":"Th\u1EE7 \u0111\u00F4 ngh\u00ECn n\u0103m tu\u1ED5i l\u01B0u gi\u1EEF di s\u1EA3n, \u1EA9m th\u1EF1c tinh t\u1EBF v\u00E0 nh\u1ECBp s\u1ED1ng thanh l\u1ECBch c\u1EE7a ng\u01B0\u1EDDi Tr\u00E0ng An.","imageUrl":"/Images/pho-bo-ha-noi.jpeg"}', 2, true);
INSERT INTO public."UIBlocks" ("Id", "LandingPageConfigId", "BlockType", "Title", "ContentJson", "SortOrder", "IsEnabled") VALUES ('a1710124-aa57-46c8-be93-b357af5d3b1c', 'ea60e856-409b-4b3b-935b-0561b939ad6e', 'hero', 'Hà Nội', '{"title":"H\u00E0 N\u1ED9i","subtitle":"H\u01B0\u01A1ng v\u1ECB ngh\u00ECn n\u0103m v\u0103n hi\u1EBFn","description":"Th\u1EE7 \u0111\u00F4 ngh\u00ECn n\u0103m tu\u1ED5i l\u01B0u gi\u1EEF di s\u1EA3n, \u1EA9m th\u1EF1c tinh t\u1EBF v\u00E0 nh\u1ECBp s\u1ED1ng thanh l\u1ECBch c\u1EE7a ng\u01B0\u1EDDi Tr\u00E0ng An.","imageUrl":"/Images/dsvh-hoang-thanh-thang-long.png"}', 1, true);
INSERT INTO public."UIBlocks" ("Id", "LandingPageConfigId", "BlockType", "Title", "ContentJson", "SortOrder", "IsEnabled") VALUES ('b330693f-117b-4729-9c3d-7a2478f35de1', 'ea60e856-409b-4b3b-935b-0561b939ad6e', 'tourism', 'Du lịch', '{"title":"Du l\u1ECBch","items":[{"name":"H\u1ED3 G\u01B0\u01A1m","description":"Bi\u1EC3u t\u01B0\u1EE3ng c\u1EE7a H\u00E0 N\u1ED9i v\u1EDBi v\u1EBB \u0111\u1EB9p th\u01A1 m\u1ED9ng gi\u1EEFa l\u00F2ng ph\u1ED1 c\u1ED5.","origin":"","image":"/Images/homepage.png"},{"name":"Ho\u00E0ng th\u00E0nh Th\u0103ng Long","description":"Di s\u1EA3n th\u1EBF gi\u1EDBi l\u01B0u gi\u1EEF d\u1EA5u \u1EA5n kinh k\u1EF3 ng\u00E0n n\u0103m.","origin":"","image":"/Images/dsvh-hoang-thanh-thang-long.png"},{"name":"Ph\u1ED1 c\u1ED5 H\u00E0 N\u1ED9i","description":"Nh\u1ECBp s\u1ED1ng ch\u1EADm r\u00E3i, ngh\u1EC7 thu\u1EADt v\u00E0 \u1EA9m th\u1EF1c \u0111\u01B0\u1EDDng ph\u1ED1.","origin":"","image":"/Images/am-thuc-viet-nam-2-1751938296.jpg"}]}', 6, true);
INSERT INTO public."UIBlocks" ("Id", "LandingPageConfigId", "BlockType", "Title", "ContentJson", "SortOrder", "IsEnabled") VALUES ('d1658a35-c91a-49a8-b465-f8fef494cff6', 'ea60e856-409b-4b3b-935b-0561b939ad6e', 'highlights', 'Điểm nhấn', '{"title":"\u0110i\u1EC3m nh\u1EA5n","description":"Th\u1EE7 \u0111\u00F4 ngh\u00ECn n\u0103m tu\u1ED5i l\u01B0u gi\u1EEF di s\u1EA3n, \u1EA9m th\u1EF1c tinh t\u1EBF v\u00E0 nh\u1ECBp s\u1ED1ng thanh l\u1ECBch c\u1EE7a ng\u01B0\u1EDDi Tr\u00E0ng An.","items":[]}', 4, true);
INSERT INTO public."UIBlocks" ("Id", "LandingPageConfigId", "BlockType", "Title", "ContentJson", "SortOrder", "IsEnabled") VALUES ('43bec88b-adbf-4dc7-b5ec-42320c024f5f', 'ea60e856-409b-4b3b-935b-0561b939ad6e', 'specialties', 'Đặc sản', '{"title":"\u0110\u1EB7c s\u1EA3n","items":[{"name":"Ph\u1EDF H\u00E0 N\u1ED9i","description":"N\u01B0\u1EDBc d\u00F9ng trong, v\u1ECB ng\u1ECDt thanh v\u00E0 b\u00E1nh ph\u1EDF m\u1EC1m m\u01B0\u1EE3t \u0111\u1EB7c tr\u01B0ng.","origin":"Ph\u1ED1 c\u1ED5 H\u00E0 N\u1ED9i","image":"/Images/pho-bo-ha-noi.jpeg"},{"name":"Ch\u1EA3 c\u00E1 L\u00E3 V\u1ECDng","description":"C\u00E1 n\u01B0\u1EDBng ngh\u1EC7, \u0103n k\u00E8m b\u00FAn v\u00E0 th\u00EC l\u00E0.","origin":"Ph\u1ED1 Ch\u1EA3 C\u00E1","image":"/Images/am-thuc-viet-nam-2-1751938296.jpg"},{"name":"B\u00E1nh t\u00F4m H\u1ED3 T\u00E2y","description":"Gi\u00F2n r\u1EE5m, b\u00E9o ng\u1EADy v\u00E0 ng\u1EADp tr\u00E0n h\u01B0\u01A1ng v\u1ECB h\u1ED3.","origin":"H\u1ED3 T\u00E2y","image":"/Images/nha-hang-hai-san-nha-trang.jpg"}]}', 5, true);


ALTER TABLE public."UIBlocks" ENABLE TRIGGER ALL;

--
-- TOC entry 4990 (class 0 OID 25553)
-- Dependencies: 222
-- Data for Name: Users; Type: TABLE DATA; Schema: public; Owner: postgres
--

ALTER TABLE public."Users" DISABLE TRIGGER ALL;

INSERT INTO public."Users" ("Id", "FullName", "Email", "PasswordHash", "Role", "IsApproved") VALUES ('671ab180-a975-4bbf-b5b2-e48b449a87cc', 'System Admin', 'admin@landing.local', '$2a$11$T4DUdpkH/D15pTZjcgNgPuaFAMyZWBSUZguCdsAi6HwxTDwUDCl6e', 0, true);
INSERT INTO public."Users" ("Id", "FullName", "Email", "PasswordHash", "Role", "IsApproved") VALUES ('303bcce8-5ab5-41ef-98f4-ab0a3a176673', 'editor1', 'editor1@landing.local', '$2a$11$9ODdscdsZw9H10je7gDlv.Ij2BvkcK/ol1YReVdVSMjw1bBLLTd3K', 1, true);


ALTER TABLE public."Users" ENABLE TRIGGER ALL;

-- Completed on 2026-07-04 09:41:55

--
-- PostgreSQL database dump complete
--

